Date,Children apprehended and placed in CBP custody,Children in CBP custody,Children transferred out of CBP custody,Children in HHS Care,Children discharged from HHS Care,care_load_trend,care_load_seasonal,care_load_residual
2023-01-12,33.0,53.0,34.0,6566.0,436.0,439.545918367347,20.791543792326248,-24.337462159673233
2023-01-13,32.9,52.6,34.5,6621.6,415.1,417.84948979591843,21.74184085920495,-24.491330655123356
2023-01-14,32.8,52.2,35.0,6677.2,394.2,396.1530612244899,22.02002024784352,-23.973081472333405
2023-01-15,32.7,51.8,35.5,6732.8,373.3,373.29999999999995,22.28539483923852,-22.285394839238464
2023-01-16,32.6,51.4,36.0,6788.4,352.4,352.4,-24.992007839004494,24.992007839004494
2023-01-17,32.5,51.0,36.5,6844.0,331.5,331.49999999999994,-44.6268973503646,44.62689735036466
2023-01-18,32.4,50.6,37.0,6899.6,310.6,310.59999999999997,-17.219894549244145,17.219894549244202
2023-01-19,32.3,50.2,37.5,6955.2,289.7,289.7,20.791543792326248,-20.791543792326248
2023-01-20,32.2,49.8,38.0,7010.8,268.79999999999995,265.21428571428567,21.74184085920495,-18.15612657349066
2023-01-21,32.1,49.4,38.5,7066.4,247.9,242.85714285714283,22.02002024784352,-16.977163104986346
2023-01-22,32.0,49.0,39.0,7122.0,227.0,224.2,22.28539483923852,-19.48539483923851
2023-01-23,32.0,50.0,39.0,7280.0,181.0,212.92142857142858,-24.992007839004494,-6.929420732424084
2023-01-24,47.0,42.0,47.0,7433.0,175.0,209.02142857142857,-44.6268973503646,10.605468778936029
2023-01-25,20.0,22.0,41.0,7538.0,180.0,212.49999999999997,-17.219894549244145,-15.280105450755826
2023-01-26,20.75,27.75,33.5,7521.5,210.75,223.35714285714283,20.791543792326248,-33.398686649469084
2023-01-27,21.5,33.5,26.0,7505.0,241.5,225.49999999999997,21.74184085920495,-5.74184085920492
2023-01-28,22.25,39.25,18.5,7488.5,272.25,223.07142857142856,22.02002024784352,27.158551180727926
2023-01-29,23.0,45.0,11.0,7472.0,303.0,230.35714285714283,22.28539483923852,50.35746230361865
2023-01-30,34.0,54.0,29.0,7743.0,196.0,242.82142857142856,-24.992007839004494,-21.82942073242406
2023-01-31,26.0,36.0,36.0,7803.0,158.0,252.9880952380952,-44.6268973503646,-50.36119788773061
2023-02-01,25.0,32.0,27.0,7903.0,231.0,260.85714285714283,-17.219894549244145,-12.637248307898687
2023-02-02,15.0,13.0,23.0,7879.0,298.0,266.4285714285714,20.791543792326248,10.779884779102364
2023-02-03,15.333333333333334,14.666666666666666,20.333333333333332,7781.333333333333,312.6666666666667,266.42857142857144,21.74184085920495,24.496254378890292
2023-02-04,15.666666666666666,16.333333333333332,17.666666666666668,7683.666666666667,327.3333333333333,272.42857142857144,22.02002024784352,32.88474165691835
2023-02-05,16.0,18.0,15.0,7586.0,342.0,284.7142857142857,22.28539483923852,35.00031944647576
2023-02-06,11.0,22.0,12.0,7720.0,196.0,292.57142857142856,-24.992007839004494,-71.57942073242407
2023-02-07,16.0,20.0,20.0,7855.0,200.0,296.6190476190476,-44.6268973503646,-51.99215026868299
2023-02-08,93.0,196.0,169.0,7915.0,317.0,296.85714285714283,-17.219894549244145,37.36275169210131
2023-02-09,124.0,234.0,161.0,7908.0,353.0,293.2857142857143,20.791543792326248,38.92274192195947
2023-02-10,113.33333333333333,223.66666666666666,165.0,7750.0,341.0,300.1428571428571,21.74184085920495,19.11530199793794
2023-02-11,102.66666666666667,213.33333333333334,169.0,7592.0,329.0,303.4285714285714,22.02002024784352,3.5514083235850933
2023-02-12,92.0,203.0,173.0,7434.0,317.0,299.57142857142856,22.28539483923852,-4.856823410667076
2023-02-13,186.0,259.0,172.0,7483.0,244.0,300.7142857142857,-24.992007839004494,-31.72227787528123
2023-02-14,154.0,225.0,220.0,7794.0,223.0,298.1428571428571,-44.6268973503646,-30.51595979249251
2023-02-15,91.0,199.0,172.0,7869.0,290.0,291.85714285714283,-17.219894549244145,15.362751692101313
2023-02-16,81.0,213.0,153.0,7793.0,361.0,281.8571428571429,20.791543792326248,58.35131335053086
2023-02-17,113.0,231.0,160.75,7799.0,323.0,276.85714285714283,21.74184085920495,24.40101628365222
2023-02-18,145.0,249.0,168.5,7805.0,285.0,275.42857142857144,22.02002024784352,-12.448591676414964
2023-02-19,177.0,267.0,176.25,7811.0,247.0,267.1428571428571,22.28539483923852,-42.42825198209563
2023-02-20,209.0,285.0,184.0,7817.0,209.0,270.71428571428567,-24.992007839004494,-36.72227787528117
2023-02-21,184.0,314.0,217.0,7967.0,213.0,276.71428571428567,-44.6268973503646,-19.087388363921065
2023-02-22,107.0,215.0,230.0,7978.0,232.0,285.1428571428571,-17.219894549244145,-35.922962593612965
2023-02-23,101.0,162.0,178.0,7914.0,386.0,296.0,20.791543792326248,69.20845620767375
2023-02-24,100.33333333333333,171.33333333333334,177.33333333333334,7812.333333333333,365.0,301.57142857142856,21.74184085920495,41.686730569366496
2023-02-25,99.66666666666667,180.66666666666666,176.66666666666666,7710.666666666667,344.0,299.71428571428567,22.02002024784352,22.265694037870816
2023-02-26,99.0,190.0,176.0,7609.0,323.0,310.4285714285714,22.28539483923852,-9.713966267809909
2023-02-27,167.0,239.0,166.0,7800.0,248.0,303.1428571428571,-24.992007839004494,-30.150849303852617
2023-02-28,115.0,216.0,169.0,7896.0,200.0,296.6857142857143,-44.6268973503646,-52.05881693534971
2023-03-01,84.0,158.0,193.0,7930.0,307.0,291.0571428571428,-17.219894549244145,33.162751692101324
2023-03-02,130.0,227.0,192.0,7870.0,335.0,286.2571428571428,20.791543792326248,27.951313350530942
2023-03-03,121.6,224.4,185.6,7867.8,319.8,289.99999999999994,21.74184085920495,8.05815914079512
2023-03-04,113.2,221.8,179.2,7865.6,304.6,298.4285714285714,22.02002024784352,-15.848591676414884
2023-03-05,104.8,219.2,172.8,7863.4,289.4,296.1428571428571,22.28539483923852,-29.028251982095654
2023-03-06,96.4,216.6,166.4,7861.2,274.2,296.85714285714283,-24.992007839004494,2.3348649818616494
2023-03-07,88.0,214.0,160.0,7859.0,259.0,296.4928571428571,-44.6268973503646,7.134040207507525
2023-03-08,113.0,208.0,159.0,7885.0,291.0,295.04999999999995,-17.219894549244145,13.16989454924419
2023-03-09,174.0,285.0,150.0,7786.0,340.0,292.5285714285714,20.791543792326248,26.67988477910234
2023-03-10,156.5,271.25,164.0,7731.25,317.25,288.9285714285714,21.74184085920495,6.579587712223663
2023-03-11,139.0,257.5,178.0,7676.5,294.5,277.7857142857142,22.02002024784352,-5.3057345335577395
2023-03-12,121.5,243.75,192.0,7621.75,271.75,277.07142857142856,22.28539483923852,-27.606823410667076
2023-03-13,104.0,230.0,206.0,7567.0,249.0,272.5,-24.992007839004494,1.4920078390044935
2023-03-14,147.0,276.0,214.0,7810.0,181.0,271.0833333333333,-44.6268973503646,-45.45643598296871
2023-03-15,108.0,220.0,213.0,7915.0,286.0,272.82142857142856,-17.219894549244145,30.39846597781559
2023-03-16,180.0,280.0,146.0,7989.0,308.0,277.7142857142857,20.791543792326248,9.49417049338803
2023-03-17,164.66666666666666,284.6666666666667,159.33333333333334,7954.333333333333,307.3333333333333,281.99999999999994,21.74184085920495,3.5914924741284224
2023-03-18,149.33333333333334,289.3333333333333,172.66666666666666,7919.666666666667,306.6666666666667,287.71428571428567,22.02002024784352,-3.0676392954624987
2023-03-19,134.0,294.0,186.0,7885.0,306.0,282.0,22.28539483923852,1.7146051607614794
2023-03-20,202.0,313.0,158.0,7931.0,279.0,285.2857142857143,-24.992007839004494,18.706293553290216
2023-03-21,110.0,272.0,193.0,8050.0,221.0,289.6666666666667,-44.6268973503646,-24.039769316302085
2023-03-22,166.0,277.0,229.0,8097.0,246.0,295.1428571428571,-17.219894549244145,-31.922962593612965
2023-03-23,136.0,276.0,178.0,8102.0,331.0,301.71428571428567,20.791543792326248,8.494170493388086
2023-03-24,119.66666666666666,266.0,176.33333333333334,8017.0,338.0,295.4285714285714,21.74184085920495,20.829587712223663
2023-03-25,103.33333333333333,256.0,174.66666666666666,7932.0,345.0,295.71428571428567,22.02002024784352,27.265694037870816
2023-03-26,87.0,246.0,173.0,7847.0,352.0,298.71428571428567,22.28539483923852,31.000319446475814
2023-03-27,84.0,171.0,157.0,7994.0,235.0,302.7142857142857,-24.992007839004494,-42.72227787528123
2023-03-28,167.0,209.0,157.0,8079.0,223.0,303.0952380952381,-44.6268973503646,-35.46834074487347
2023-03-29,109.0,245.0,159.0,8208.0,267.0,299.85714285714283,-17.219894549244145,-15.637248307898687
2023-03-30,156.0,256.0,176.0,8158.0,359.0,292.99999999999994,20.791543792326248,45.208456207673805
2023-03-31,145.66666666666666,248.0,181.33333333333334,8099.0,340.6666666666667,299.99999999999994,21.74184085920495,18.924825807461794
2023-04-01,135.33333333333334,240.0,186.66666666666666,8040.0,322.3333333333333,305.1428571428571,22.02002024784352,-4.829544057367315
2023-04-02,125.0,232.0,192.0,7981.0,304.0,304.1428571428571,22.28539483923852,-22.42825198209563
2023-04-03,118.0,139.0,168.0,8054.0,284.0,293.42857142857144,-24.992007839004494,15.563436410433049
2023-04-04,142.0,235.0,139.0,8068.0,259.0,287.4761904761905,-44.6268973503646,16.15070687417412
2023-04-05,148.0,245.0,175.0,8175.0,260.0,286.2857142857143,-17.219894549244145,-9.065819736470132
2023-04-06,119.0,219.0,210.0,8178.0,284.0,289.8571428571429,20.791543792326248,-26.648686649469138
2023-04-07,114.33333333333333,216.0,189.66666666666666,8085.333333333333,299.0,287.1428571428571,21.74184085920495,-9.88469800206206
2023-04-08,109.66666666666667,213.0,169.33333333333334,7992.666666666667,314.0,276.85714285714283,22.02002024784352,15.122836895013648
2023-04-09,105.0,210.0,149.0,7900.0,329.0,280.14285714285717,22.28539483923852,26.571748017904312
2023-04-10,143.0,203.0,163.0,7826.0,265.0,292.4285714285714,-24.992007839004494,-2.4365635895668944
2023-04-11,119.0,209.0,152.0,7922.0,187.0,297.9047619047619,-44.6268973503646,-66.27786455439733
2023-04-12,155.0,212.0,181.0,7876.0,283.0,296.57142857142856,-17.219894549244145,3.64846597781559
2023-04-13,109.0,214.0,173.0,7795.0,370.0,288.4285714285714,20.791543792326248,60.77988477910236
2023-04-14,136.33333333333334,237.0,179.33333333333334,7656.666666666667,337.3333333333333,286.0,21.74184085920495,29.591492474128366
2023-04-15,163.66666666666669,260.0,185.66666666666666,7518.333333333333,304.66666666666663,292.7142857142857,22.02002024784352,-10.067639295462612
2023-04-16,191.0,283.0,192.0,7380.0,272.0,284.99999999999994,22.28539483923852,-35.285394839238464
2023-04-17,170.0,297.0,196.0,7344.0,248.0,277.85714285714283,-24.992007839004494,-4.865135018138339
2023-04-18,152.0,272.0,214.0,7376.0,234.0,272.80952380952374,-44.6268973503646,5.817373540840862
2023-04-19,239.0,367.0,224.0,7356.0,229.0,269.85714285714283,-17.219894549244145,-23.637248307898687
2023-04-20,113.0,280.0,237.0,7490.0,320.0,269.0,20.791543792326248,30.208456207673752
2023-04-21,140.66666666666666,288.6666666666667,220.33333333333334,7504.666666666667,302.0,264.0,21.74184085920495,16.25815914079505
2023-04-22,168.33333333333334,297.3333333333333,203.66666666666666,7519.333333333333,284.0,259.4285714285714,22.02002024784352,2.5514083235850933
2023-04-23,196.0,306.0,187.0,7534.0,266.0,263.2857142857143,22.28539483923852,-19.571109124952798
2023-04-24,236.0,330.0,222.0,7796.0,213.0,261.85714285714283,-24.992007839004494,-23.86513501813834
2023-04-25,81.0,230.0,242.0,8017.0,202.0,262.1904761904762,-44.6268973503646,-15.563578840111603
2023-04-26,118.0,245.0,160.0,8117.0,256.0,264.2857142857143,-17.219894549244145,8.934180263529868
2023-04-27,218.0,283.0,208.0,8159.0,310.0,268.1428571428571,20.791543792326248,21.06559906481664
2023-04-28,189.33333333333334,269.6666666666667,199.66666666666666,8223.333333333334,304.3333333333333,271.57142857142856,21.74184085920495,11.02006390269981
2023-04-29,160.66666666666666,256.3333333333333,191.33333333333334,8287.666666666666,298.6666666666667,277.7142857142857,22.02002024784352,-1.0676392954625555
2023-04-30,132.0,243.0,183.0,8352.0,293.0,279.2857142857143,22.28539483923852,-8.571109124952798
2023-05-01,224.0,315.0,152.0,8492.0,237.0,282.42857142857144,-24.992007839004494,-20.43656358956695
2023-05-02,167.0,326.0,213.0,8654.0,245.0,288.4285714285714,-44.6268973503646,1.198325921793213
2023-05-03,209.0,353.0,232.0,8704.0,267.0,297.2857142857142,-17.219894549244145,-13.065819736470075
2023-05-04,153.0,253.0,286.0,8790.0,332.0,308.99999999999994,20.791543792326248,2.208456207673809
2023-05-05,162.0,281.0,263.6666666666667,8688.333333333334,346.3333333333333,312.4285714285714,21.74184085920495,12.162921045556978
2023-05-06,171.0,309.0,241.33333333333334,8586.666666666666,360.6666666666667,313.1428571428571,22.02002024784352,25.503789275966056
2023-05-07,180.0,337.0,219.0,8485.0,375.0,318.42857142857144,22.28539483923852,34.286033732190035
2023-05-08,133.0,287.0,189.0,8590.0,261.0,327.0,-24.992007839004494,-41.00799216099551
2023-05-09,187.0,310.0,247.0,8606.0,250.0,328.57142857142856,-44.6268973503646,-33.944531221063954
2023-05-10,168.0,285.0,210.0,8681.0,304.0,323.1428571428571,-17.219894549244145,-1.922962593612965
2023-05-11,269.0,412.0,204.0,8672.0,392.0,310.71428571428567,20.791543792326248,60.49417049338808
2023-05-12,212.66666666666666,359.6666666666667,214.66666666666666,8596.333333333334,357.3333333333333,313.0,21.74184085920495,22.591492474128366
2023-05-13,156.33333333333331,307.3333333333333,225.33333333333334,8520.666666666666,322.6666666666667,316.1428571428571,22.02002024784352,-15.496210724033944
2023-05-14,100.0,255.0,236.0,8445.0,288.0,316.5714285714285,22.28539483923852,-50.85682341066702
2023-05-15,205.0,294.0,177.0,8571.0,277.0,310.71428571428567,-24.992007839004494,-8.722277875281172
2023-05-16,161.0,304.0,211.0,8572.0,272.0,309.4285714285714,-44.6268973503646,7.198325921793213
2023-05-17,57.0,162.0,193.0,8569.0,307.0,312.71428571428567,-17.219894549244145,11.50560883495848
2023-05-18,80.0,122.0,152.0,8474.0,351.0,320.57142857142856,20.791543792326248,9.637027636245197
2023-05-19,89.0,138.0,145.66666666666666,8258.0,348.3333333333333,315.2857142857143,21.74184085920495,11.305778188414088
2023-05-20,98.0,154.0,139.33333333333334,8042.0,345.6666666666667,311.57142857142856,22.02002024784352,12.075217847394612
2023-05-21,107.0,170.0,133.0,7826.0,343.0,307.1428571428571,22.28539483923852,13.571748017904369
2023-05-22,99.0,156.0,139.0,7848.0,240.0,315.2857142857143,-24.992007839004494,-50.293706446709784
2023-05-23,25.0,66.0,94.0,7788.0,246.0,316.63095238095235,-44.6268973503646,-26.00405503058775
2023-05-24,35.0,70.0,53.0,7709.0,276.0,311.1785714285714,-17.219894549244145,-17.958676879327243
2023-05-25,43.0,73.0,64.0,7546.0,408.0,298.9285714285714,20.791543792326248,88.27988477910236
2023-05-26,42.5,69.75,65.75,7408.5,357.75,294.21428571428567,21.74184085920495,41.793873426509386
2023-05-27,42.0,66.5,67.5,7271.0,307.5,283.07142857142856,22.02002024784352,2.408551180727926
2023-05-28,41.5,63.25,69.25,7133.5,257.25,273.6428571428571,22.28539483923852,-38.67825198209563
2023-05-29,41.0,60.0,71.0,6996.0,207.0,256.35714285714283,-24.992007839004494,-24.36513501813834
2023-05-30,65.0,83.0,65.0,7046.0,168.0,246.48809523809524,-44.6268973503646,-33.86119788773064
2023-05-31,38.0,80.0,82.0,7053.0,210.0,244.03571428571428,-17.219894549244145,-16.815819736470132
2023-06-01,56.0,82.0,68.0,7002.0,287.0,249.0,20.791543792326248,17.208456207673752
2023-06-02,62.0,89.0,72.0,6853.0,288.6666666666667,246.42857142857144,21.74184085920495,20.496254378890292
2023-06-03,68.0,96.0,76.0,6704.0,290.3333333333333,249.14285714285717,22.02002024784352,19.17045594263263
2023-06-04,74.0,103.0,80.0,6555.0,292.0,248.8571428571429,22.28539483923852,20.85746230361859
2023-06-05,68.0,107.0,102.0,6523.0,189.0,244.2857142857143,-24.992007839004494,-30.293706446709812
2023-06-06,92.0,124.0,93.0,6508.0,187.0,238.66666666666666,-44.6268973503646,-7.039769316302056
2023-06-07,113.0,162.0,107.0,6483.0,208.0,231.99999999999997,-17.219894549244145,-6.780105450755826
2023-06-08,106.0,196.0,131.0,6446.0,255.0,224.28571428571425,20.791543792326248,9.922741921959503
2023-06-09,99.33333333333333,181.33333333333334,143.33333333333334,6299.666666666667,249.33333333333334,222.57142857142856,21.74184085920495,5.020063902699839
2023-06-10,92.66666666666667,166.66666666666666,155.66666666666666,6153.333333333333,243.66666666666666,216.7142857142857,22.02002024784352,4.9323607045374445
2023-06-11,86.0,152.0,168.0,6007.0,238.0,210.85714285714283,22.28539483923852,4.857462303618647
2023-06-12,84.0,118.0,136.0,6021.0,177.0,213.28571428571428,-24.992007839004494,-11.293706446709784
2023-06-13,59.0,64.0,117.0,6061.0,146.0,211.88095238095238,-44.6268973503646,-21.25405503058778
2023-06-14,62.0,97.0,52.0,6065.0,167.0,206.64285714285717,-17.219894549244145,-22.422962593613022
2023-06-15,91.0,75.0,97.0,6038.0,272.0,197.57142857142858,20.791543792326248,53.637027636245165
2023-06-16,75.5,69.0,75.5,5948.25,239.5,192.57142857142853,21.74184085920495,25.186730569366524
2023-06-17,60.0,63.0,54.0,5858.5,207.0,190.85714285714283,22.02002024784352,-5.8771631049863515
2023-06-18,44.5,57.0,32.5,5768.75,174.5,188.28571428571428,22.28539483923852,-36.0711091249528
2023-06-19,29.0,51.0,11.0,5679.0,142.0,179.0,-24.992007839004494,-12.007992160995506
2023-06-20,33.0,53.0,34.0,5904.0,134.0,177.02380952380952,-44.6268973503646,1.6030878265550825
2023-06-21,93.0,196.0,169.0,5922.0,149.0,182.35714285714283,-17.219894549244145,-16.137248307898687
2023-06-22,124.0,234.0,161.0,5956.0,207.0,195.0,20.791543792326248,-8.791543792326248
2023-06-23,113.33333333333333,223.66666666666666,165.0,5892.666666666667,225.66666666666666,199.57142857142858,21.74184085920495,4.353397236033125
2023-06-24,102.66666666666667,213.33333333333334,169.0,5829.333333333333,244.33333333333331,202.57142857142856,22.02002024784352,19.74188451406124
2023-06-25,92.0,203.0,173.0,5766.0,263.0,206.14285714285714,22.28539483923852,34.57174801790434
2023-06-26,186.0,259.0,172.0,5819.0,174.0,206.99999999999997,-24.992007839004494,-8.007992160995478
2023-06-27,154.0,225.0,220.0,5917.0,155.0,209.76190476190473,-44.6268973503646,-10.13500741154013
2023-06-28,91.0,199.0,172.0,5999.0,174.0,214.4285714285714,-17.219894549244145,-23.208676879327243
2023-06-29,81.0,213.0,153.0,6058.0,213.0,220.99999999999997,20.791543792326248,-28.79154379232622
2023-06-30,123.66666666666666,237.0,163.33333333333334,6006.333333333333,245.0,227.07142857142856,21.74184085920495,-3.813269430633504
2023-07-01,166.33333333333331,261.0,173.66666666666666,5954.666666666667,277.0,222.6428571428571,22.02002024784352,32.33712260929937
2023-07-02,209.0,285.0,184.0,5903.0,309.0,221.64285714285714,22.28539483923852,65.07174801790434
2023-07-03,196.5,299.5,200.5,6015.0,216.5,220.5,-24.992007839004494,20.992007839004494
2023-07-04,184.0,314.0,217.0,6127.0,124.0,214.35714285714286,-44.6268973503646,-45.73024550677826
2023-07-05,107.0,215.0,230.0,6193.0,167.0,203.2142857142857,-17.219894549244145,-18.99439116504155
2023-07-06,101.0,162.0,178.0,6239.0,205.0,187.07142857142856,20.791543792326248,-2.8629723637548032
2023-07-07,100.33333333333333,171.33333333333334,177.33333333333334,6230.666666666667,202.0,179.42857142857142,21.74184085920495,0.8295877122236348
2023-07-08,99.66666666666667,180.66666666666666,176.66666666666666,6222.333333333333,199.0,182.14285714285714,22.02002024784352,-5.1628773907006575
2023-07-09,99.0,190.0,176.0,6214.0,196.0,188.28571428571428,22.28539483923852,-14.571109124952798
2023-07-10,167.0,239.0,166.0,6346.0,163.0,191.28571428571425,-24.992007839004494,-3.2937064467097557
2023-07-11,115.0,216.0,169.0,6498.0,143.0,194.33333333333334,-44.6268973503646,-6.706435982968742
2023-07-12,84.0,158.0,193.0,6521.0,210.0,197.42857142857142,-17.219894549244145,29.79132312067273
2023-07-13,130.0,227.0,192.0,6604.0,226.0,200.57142857142856,20.791543792326248,4.637027636245197
2023-07-14,116.0,222.66666666666666,181.33333333333334,6558.666666666667,223.33333333333334,200.14285714285714,21.74184085920495,1.4486353312712552
2023-07-15,102.0,218.33333333333334,170.66666666666666,6513.333333333333,220.66666666666666,205.57142857142858,22.02002024784352,-6.924782152605445
2023-07-16,88.0,214.0,160.0,6468.0,218.0,207.85714285714283,22.28539483923852,-12.142537696381353
2023-07-17,113.0,208.0,159.0,6632.0,160.0,215.7142857142857,-24.992007839004494,-30.7222778752812
2023-07-18,174.0,285.0,150.0,6874.0,181.0,223.7142857142857,-44.6268973503646,1.912611636078907
2023-07-19,104.0,230.0,206.0,7001.0,226.0,231.85714285714283,-17.219894549244145,11.362751692101313
2023-07-20,147.0,276.0,214.0,7116.0,281.0,240.1428571428571,20.791543792326248,20.06559906481664
2023-07-21,134.0,257.3333333333333,213.66666666666666,7094.666666666667,279.3333333333333,243.99999999999997,21.74184085920495,13.591492474128394
2023-07-22,121.0,238.66666666666669,213.33333333333334,7073.333333333333,277.6666666666667,237.57142857142853,22.02002024784352,18.07521784739464
2023-07-23,108.0,220.0,213.0,7052.0,276.0,235.99999999999997,22.28539483923852,17.714605160761508
2023-07-24,180.0,280.0,146.0,7220.0,187.0,232.85714285714283,-24.992007839004494,-20.86513501813834
2023-07-25,134.0,294.0,186.0,7510.0,136.0,232.1428571428571,-44.6268973503646,-51.51595979249251
2023-07-26,202.0,313.0,158.0,7647.0,215.0,233.85714285714283,-17.219894549244145,-1.6372483078986875
2023-07-27,110.0,272.0,193.0,7754.0,259.0,238.0,20.791543792326248,0.20845620767375195
2023-07-28,128.66666666666666,273.6666666666667,205.0,7726.333333333333,274.3333333333333,242.7142857142857,21.74184085920495,9.877206759842672
2023-07-29,147.33333333333331,275.3333333333333,217.0,7698.666666666667,289.6666666666667,247.28571428571425,22.02002024784352,20.360932133108918
2023-07-30,166.0,277.0,229.0,7671.0,305.0,255.28571428571425,22.28539483923852,27.42889087504723
2023-07-31,136.0,276.0,178.0,7800.0,220.0,266.7142857142857,-24.992007839004494,-21.72227787528123
2023-08-01,87.0,246.0,173.0,8103.0,168.0,275.1428571428571,-44.6268973503646,-62.51595979249251
2023-08-02,84.0,171.0,157.0,8261.0,271.0,280.57142857142856,-17.219894549244145,7.64846597781559
2023-08-03,167.0,209.0,157.0,8294.0,339.0,283.0,20.791543792326248,35.20845620767375
2023-08-04,147.66666666666666,221.0,157.66666666666666,8295.333333333334,333.3333333333333,280.4285714285714,21.74184085920495,31.162921045556978
2023-08-05,128.33333333333334,233.0,158.33333333333334,8296.666666666666,327.6666666666667,285.99999999999994,22.02002024784352,19.646646418823224
2023-08-06,109.0,245.0,159.0,8298.0,322.0,283.1428571428571,22.28539483923852,16.57174801790437
2023-08-07,156.0,256.0,176.0,8493.0,202.0,285.1428571428571,-24.992007839004494,-58.15084930385262
2023-08-08,125.0,232.0,192.0,8725.0,207.0,286.4047619047619,-44.6268973503646,-34.777864554397325
2023-08-09,118.0,139.0,168.0,8888.0,251.0,286.9285714285714,-17.219894549244145,-18.708676879327243
2023-08-10,142.0,235.0,139.0,8914.0,353.0,286.71428571428567,20.791543792326248,45.49417049338808
2023-08-11,143.0,236.66666666666666,145.0,9034.0,342.1666666666667,302.0952380952381,21.74184085920495,18.329587712223663
2023-08-12,144.0,238.33333333333334,151.0,9154.0,331.3333333333333,315.2142857142857,22.02002024784352,-5.900972628795927
2023-08-13,145.0,240.0,157.0,9274.0,320.5,320.5,22.28539483923852,-22.28539483923852
2023-08-14,146.0,241.66666666666666,163.0,9394.0,309.6666666666667,328.21428571428567,-24.992007839004494,6.444388791385514
2023-08-15,147.0,243.33333333333334,169.0,9514.0,298.8333333333333,336.66666666666663,-44.6268973503646,6.7935640170312865
2023-08-16,148.0,245.0,175.0,9634.0,288.0,345.85714285714283,-17.219894549244145,-40.63724830789869
2023-08-17,119.0,219.0,210.0,9694.0,407.0,355.7857142857143,20.791543792326248,30.422741921959474
2023-08-18,114.33333333333333,216.0,189.66666666666666,9623.666666666666,401.3333333333333,351.69047619047615,21.74184085920495,27.90101628365222
2023-08-19,109.66666666666667,213.0,169.33333333333334,9553.333333333334,395.6666666666667,341.85714285714283,22.02002024784352,31.789503561680334
2023-08-20,105.0,210.0,149.0,9483.0,390.0,341.42857142857144,22.28539483923852,26.286033732190035
2023-08-21,143.0,203.0,163.0,9668.0,281.0,346.57142857142856,-24.992007839004494,-40.57942073242406
2023-08-22,119.0,209.0,152.0,9921.0,230.0,354.6666666666667,-44.6268973503646,-80.03976931630208
2023-08-23,155.0,212.0,181.0,10071.0,285.0,365.71428571428567,-17.219894549244145,-63.49439116504152
2023-08-24,109.0,214.0,173.0,10026.0,443.0,379.7142857142857,20.791543792326248,42.494170493388026
2023-08-25,136.33333333333334,237.0,179.33333333333334,9975.0,458.0,395.0,21.74184085920495,41.25815914079505
2023-08-26,163.66666666666669,260.0,185.66666666666666,9924.0,473.0,403.0,22.02002024784352,47.97997975215648
2023-08-27,191.0,283.0,192.0,9873.0,488.0,414.57142857142856,22.28539483923852,51.143176589332924
2023-08-28,170.0,297.0,196.0,10012.0,388.0,423.42857142857144,-24.992007839004494,-10.436563589566951
2023-08-29,152.0,272.0,214.0,10180.0,286.0,422.57142857142856,-44.6268973503646,-91.94453122106395
2023-08-30,239.0,367.0,224.0,10280.0,366.0,412.0,-17.219894549244145,-28.780105450755855
2023-08-31,113.0,280.0,237.0,10140.0,505.0,391.7142857142857,20.791543792326248,92.49417049338803
2023-09-01,133.75,286.5,224.5,10102.0,452.0,378.1428571428571,21.74184085920495,52.11530199793794
2023-09-02,154.5,293.0,212.0,10064.0,399.0,372.0,22.02002024784352,4.979979752156481
2023-09-03,175.25,299.5,199.5,10026.0,346.0,361.2857142857143,22.28539483923852,-37.5711091249528
2023-09-04,196.0,306.0,187.0,9988.0,293.0,346.0,-24.992007839004494,-28.007992160995506
2023-09-05,236.0,330.0,222.0,10142.0,243.0,337.52380952380946,-44.6268973503646,-49.89691217344486
2023-09-06,81.0,230.0,242.0,10356.0,291.0,335.85714285714283,-17.219894549244145,-27.637248307898687
2023-09-07,118.0,245.0,160.0,10419.0,398.0,341.0,20.791543792326248,36.20845620767375
2023-09-08,151.33333333333334,257.6666666666667,176.0,10373.333333333334,392.6666666666667,338.71428571428567,21.74184085920495,32.21054009317607
2023-09-09,184.66666666666669,270.3333333333333,192.0,10327.666666666666,387.3333333333333,349.1428571428571,22.02002024784352,16.170455942632685
2023-09-10,218.0,283.0,208.0,10282.0,382.0,356.57142857142856,22.28539483923852,3.143176589332924
2023-09-11,132.0,243.0,183.0,10492.0,277.0,358.8571428571428,-24.992007839004494,-56.86513501813828
2023-09-12,224.0,315.0,152.0,10649.0,316.0,362.5238095238095,-44.6268973503646,-1.8969121734449175
2023-09-13,167.0,326.0,213.0,10678.0,343.0,367.57142857142856,-17.219894549244145,-7.35153402218441
2023-09-14,209.0,353.0,232.0,10837.0,414.0,374.0,20.791543792326248,19.208456207673752
2023-09-15,190.33333333333334,319.6666666666667,250.0,10824.333333333334,418.3333333333333,379.14285714285717,21.74184085920495,17.4486353312712
2023-09-16,171.66666666666669,286.3333333333333,268.0,10811.666666666666,422.6666666666667,371.1428571428571,22.02002024784352,29.503789275966056
2023-09-17,153.0,253.0,286.0,10799.0,427.0,374.1428571428571,22.28539483923852,30.57174801790437
2023-09-18,180.0,337.0,219.0,10892.0,313.0,376.1428571428571,-24.992007839004494,-38.15084930385262
2023-09-19,133.0,287.0,189.0,11095.0,260.0,376.33333333333337,-44.6268973503646,-71.70643598296877
2023-09-20,187.0,310.0,247.0,11064.0,364.0,374.7142857142857,-17.219894549244145,6.505608834958423
2023-09-21,168.0,285.0,210.0,11067.0,428.0,371.2857142857143,20.791543792326248,35.92274192195947
2023-09-22,201.66666666666666,327.3333333333333,208.0,10959.333333333334,419.6666666666667,367.1428571428571,21.74184085920495,30.781968664604626
2023-09-23,235.33333333333331,369.66666666666663,206.0,10851.666666666666,411.3333333333333,377.4285714285714,22.02002024784352,11.884741656918408
2023-09-24,269.0,412.0,204.0,10744.0,403.0,372.71428571428567,22.28539483923852,8.000319446475814
2023-09-25,100.0,255.0,236.0,10842.0,284.0,375.4285714285714,-24.992007839004494,-66.4365635895669
2023-09-26,205.0,294.0,177.0,10978.0,332.0,381.52380952380946,-44.6268973503646,-4.896912173444861
2023-09-27,161.0,304.0,211.0,11017.0,331.0,390.99999999999994,-17.219894549244145,-42.7801054507558
2023-09-28,57.0,162.0,193.0,10984.0,447.0,403.85714285714283,20.791543792326248,22.35131335053092
2023-09-29,64.66666666666667,148.66666666666666,179.33333333333334,10855.333333333334,462.3333333333333,403.85714285714283,21.74184085920495,36.73434961698553
2023-09-30,72.33333333333333,135.33333333333334,165.66666666666666,10726.666666666666,477.6666666666667,397.4285714285714,22.02002024784352,58.21807499025178
2023-10-01,80.0,122.0,152.0,10598.0,493.0,397.2857142857142,22.28539483923852,73.42889087504726
2023-10-02,107.0,170.0,133.0,10724.0,284.0,394.42857142857144,-24.992007839004494,-85.43656358956696
2023-10-03,99.0,156.0,139.0,10818.0,287.0,384.20238095238096,-44.6268973503646,-52.57548360201636
2023-10-04,25.0,66.0,94.0,10963.0,330.0,366.6071428571428,-17.219894549244145,-19.38724830789863
2023-10-05,35.0,70.0,53.0,11130.0,427.0,341.64285714285717,20.791543792326248,64.56559906481658
2023-10-06,37.0,70.75,55.75,11051.25,390.75,341.35714285714283,21.74184085920495,27.65101628365222
2023-10-07,39.0,71.5,58.5,10972.5,354.5,337.07142857142856,22.02002024784352,-4.591448819272074
2023-10-08,41.0,72.25,61.25,10893.75,318.25,327.92857142857144,22.28539483923852,-31.963966267809965
2023-10-09,43.0,73.0,64.0,10815.0,282.0,323.7857142857143,-24.992007839004494,-16.793706446709784
2023-10-10,41.0,60.0,71.0,10910.0,257.0,326.5357142857143,-44.6268973503646,-24.908816935349677
2023-10-11,65.0,83.0,65.0,10960.0,266.0,336.17857142857144,-17.219894549244145,-52.9586768793273
2023-10-12,38.0,80.0,82.0,10992.0,398.0,352.7142857142857,20.791543792326248,24.49417049338803
2023-10-13,44.0,80.66666666666667,77.33333333333333,10851.666666666666,410.0,359.7142857142857,21.74184085920495,28.54387342650933
2023-10-14,50.0,81.33333333333333,72.66666666666667,10711.333333333334,422.0,368.0,22.02002024784352,31.97997975215648
2023-10-15,56.0,82.0,68.0,10571.0,434.0,386.1428571428571,22.28539483923852,25.57174801790437
2023-10-16,74.0,103.0,80.0,10629.0,331.0,387.2857142857142,-24.992007839004494,-31.293706446709727
2023-10-17,68.0,107.0,102.0,10630.0,315.0,388.99999999999994,-44.6268973503646,-29.373102649635342
2023-10-18,92.0,124.0,93.0,10511.0,393.0,391.2857142857143,-17.219894549244145,18.934180263529868
2023-10-19,113.0,162.0,107.0,10319.0,406.0,394.1428571428571,20.791543792326248,-8.934400935183358
2023-10-20,110.66666666666667,173.33333333333334,115.0,10048.0,422.0,393.57142857142856,21.74184085920495,6.686730569366496
2023-10-21,108.33333333333333,184.66666666666666,123.0,9777.0,438.0,391.4285714285714,22.02002024784352,24.551408323585093
2023-10-22,106.0,196.0,131.0,9506.0,454.0,377.14285714285705,22.28539483923852,54.571748017904426
2023-10-23,86.0,152.0,168.0,9436.0,327.0,374.85714285714283,-24.992007839004494,-22.86513501813834
2023-10-24,84.0,118.0,136.0,9396.0,300.0,371.6190476190476,-44.6268973503646,-26.99215026868299
2023-10-25,59.0,64.0,117.0,9351.0,293.0,367.42857142857144,-17.219894549244145,-57.2086768793273
2023-10-26,62.0,97.0,52.0,9235.0,390.0,362.2857142857143,20.791543792326248,6.922741921959474
2023-10-27,71.66666666666667,89.66666666666667,67.0,9131.666666666666,399.3333333333333,355.2857142857143,21.74184085920495,22.305778188414088
2023-10-28,81.33333333333333,82.33333333333333,82.0,9028.333333333334,408.6666666666667,354.57142857142856,22.02002024784352,32.07521784739461
2023-10-29,91.0,75.0,97.0,8925.0,418.0,352.5714285714285,22.28539483923852,43.14317658933298
2023-10-30,29.0,51.0,11.0,9026.0,278.0,344.0,-24.992007839004494,-41.00799216099551
2023-10-31,33.0,53.0,34.0,9072.0,295.0,336.0,-44.6268973503646,3.626897350364601
2023-11-01,132.0,235.0,197.0,9250.0,279.0,328.57142857142856,-17.219894549244145,-32.35153402218441
2023-11-02,174.0,208.0,256.0,9442.0,330.0,321.71428571428567,20.791543792326248,-12.505829506611914
2023-11-03,157.0,215.33333333333334,226.33333333333334,9385.666666666666,343.3333333333333,327.1428571428571,21.74184085920495,-5.551364668728745
2023-11-04,140.0,222.66666666666666,196.66666666666666,9329.333333333334,356.6666666666667,318.0,22.02002024784352,16.646646418823167
2023-11-05,123.0,230.0,167.0,9273.0,370.0,322.4285714285714,22.28539483923852,25.28603373219009
2023-11-06,123.0,233.0,159.0,9286.0,316.0,319.67857142857144,-24.992007839004494,21.31343641043305
2023-11-07,141.0,232.0,188.0,9483.0,231.0,315.13095238095235,-44.6268973503646,-39.50405503058775
2023-11-08,158.0,226.0,191.0,9634.0,310.0,308.7857142857143,-17.219894549244145,18.434180263529868
2023-11-09,142.5,209.5,201.5,9594.75,310.75,300.6428571428571,20.791543792326248,-10.684400935183358
2023-11-10,127.0,193.0,212.0,9555.5,311.5,296.5,21.74184085920495,-6.741840859204949
2023-11-11,111.5,176.5,222.5,9516.25,312.25,298.7857142857143,22.02002024784352,-8.555734533557796
2023-11-12,96.0,160.0,233.0,9477.0,313.0,299.6428571428571,22.28539483923852,-8.928251982095631
2023-11-13,141.0,173.0,129.0,9510.0,287.0,308.67857142857144,-24.992007839004494,3.3134364104330487
2023-11-14,116.0,181.0,182.0,9665.0,247.0,320.5119047619047,-44.6268973503646,-28.8850074115401
2023-11-15,150.0,157.0,201.0,9762.0,316.0,335.1428571428571,-17.219894549244145,-1.922962593612965
2023-11-16,80.0,176.0,125.0,9762.0,374.0,352.57142857142856,20.791543792326248,0.6370276362451968
2023-11-17,92.0,180.0,138.0,9699.0,394.3333333333333,354.1428571428571,21.74184085920495,18.448635331271255
2023-11-18,104.0,184.0,151.0,9636.0,414.6666666666667,354.5714285714285,22.02002024784352,38.07521784739467
2023-11-19,116.0,188.0,164.0,9573.0,435.0,347.5,22.28539483923852,65.21460516076148
2023-11-20,105.0,185.0,158.0,9638.0,298.0,334.5,-24.992007839004494,-11.507992160995506
2023-11-21,136.0,246.0,123.0,9804.0,250.0,319.9761904761905,-44.6268973503646,-25.34929312582588
2023-11-22,132.0,237.0,150.0,9821.0,266.5,303.92857142857144,-17.219894549244145,-20.2086768793273
2023-11-23,128.0,228.0,177.0,9838.0,283.0,286.35714285714283,20.791543792326248,-24.14868664946908
2023-11-24,115.33333333333333,217.33333333333334,186.33333333333334,9840.333333333334,292.6666666666667,274.35714285714283,21.74184085920495,-3.432317049681096
2023-11-25,102.66666666666666,206.66666666666666,195.66666666666666,9842.666666666666,302.3333333333333,270.49999999999994,22.02002024784352,9.813313085489852
2023-11-26,90.0,196.0,205.0,9845.0,312.0,273.0,22.28539483923852,16.71460516076148
2023-11-27,56.0,82.0,68.0,10123.0,214.0,278.2857142857143,-24.992007839004494,-39.293706446709784
2023-11-28,74.0,103.0,80.0,10223.0,223.0,286.8095238095238,-44.6268973503646,-19.182626459159195
2023-11-29,68.0,107.0,102.0,10398.0,284.0,298.57142857142856,-17.219894549244145,2.64846597781559
2023-11-30,92.0,124.0,93.0,10536.0,320.0,313.57142857142856,20.791543792326248,-14.362972363754803
2023-12-01,105.33333333333333,161.0,127.66666666666666,10550.333333333334,352.3333333333333,321.99999999999994,21.74184085920495,8.591492474128422
2023-12-02,118.66666666666666,198.0,162.33333333333331,10564.666666666666,384.6666666666667,327.4285714285714,22.02002024784352,35.21807499025178
2023-12-03,132.0,235.0,197.0,10579.0,417.0,340.57142857142856,22.28539483923852,54.143176589332924
2023-12-04,174.0,208.0,256.0,10635.0,273.0,361.4285714285714,-24.992007839004494,-63.436563589566894
2023-12-05,123.0,230.0,167.0,10761.0,261.0,375.04761904761904,-44.6268973503646,-69.42072169725444
2023-12-06,123.0,233.0,159.0,10832.0,376.0,381.4285714285714,-17.219894549244145,11.791323120672757
2023-12-07,141.0,232.0,188.0,10897.0,466.0,380.57142857142856,20.791543792326248,64.6370276362452
2023-12-08,146.66666666666666,230.0,189.0,10888.333333333334,447.6666666666667,385.0,21.74184085920495,40.92482580746174
2023-12-09,152.33333333333334,228.0,190.0,10879.666666666666,429.3333333333333,384.7142857142857,22.02002024784352,22.599027371204073
2023-12-10,158.0,226.0,191.0,10871.0,411.0,378.85714285714283,22.28539483923852,9.857462303618647
2023-12-11,96.0,160.0,233.0,10998.0,304.0,368.85714285714283,-24.992007839004494,-39.86513501813834
2023-12-12,141.0,173.0,129.0,11077.0,259.0,364.3333333333333,-44.6268973503646,-60.70643598296871
2023-12-13,116.0,181.0,182.0,11192.0,335.0,365.2857142857143,-17.219894549244145,-13.065819736470132
2023-12-14,150.0,157.0,201.0,11242.0,396.0,371.71428571428567,20.791543792326248,3.4941704933880864
2023-12-15,126.66666666666667,163.33333333333334,175.66666666666666,11192.0,416.0,380.28571428571433,21.74184085920495,13.972444855080717
2023-12-16,103.33333333333334,169.66666666666666,150.33333333333331,11142.0,436.0,382.14285714285705,22.02002024784352,31.837122609299428
2023-12-17,80.0,176.0,125.0,11092.0,456.0,390.0,22.28539483923852,43.71460516076148
2023-12-18,116.0,188.0,164.0,11149.0,364.0,404.4285714285714,-24.992007839004494,-15.436563589566894
2023-12-19,105.0,185.0,158.0,11291.0,272.0,410.6428571428571,-44.6268973503646,-94.01595979249251
2023-12-20,136.0,246.0,123.0,11516.0,390.0,408.64285714285717,-17.219894549244145,-1.422962593613022
2023-12-21,128.0,228.0,177.0,11375.0,497.0,398.4285714285714,20.791543792326248,77.77988477910236
2023-12-22,118.5,220.0,184.0,11317.25,459.5,396.0,21.74184085920495,41.75815914079505
2023-12-23,109.0,212.0,191.0,11259.5,422.0,398.2857142857142,22.02002024784352,1.6942654664422605
2023-12-24,99.5,204.0,198.0,11201.75,384.5,390.4285714285714,22.28539483923852,-28.21396626780991
2023-12-25,90.0,196.0,205.0,11144.0,347.0,370.4285714285714,-24.992007839004494,1.5634364104331056
2023-12-26,56.0,82.0,68.0,11217.0,288.0,353.3928571428571,-44.6268973503646,-20.76595979249251
2023-12-27,74.0,103.0,80.0,11206.0,335.0,339.32142857142856,-17.219894549244145,12.89846597781559
2023-12-28,68.0,107.0,102.0,11230.0,357.0,328.21428571428567,20.791543792326248,7.994170493388086
2023-12-29,74.0,111.25,99.75,11140.0,340.25,320.07142857142856,21.74184085920495,-1.563269430633504
2023-12-30,80.0,115.5,97.5,11050.0,323.5,324.07142857142856,22.02002024784352,-22.591448819272074
2023-12-31,86.0,119.75,95.25,10960.0,306.75,313.7857142857142,22.28539483923852,-29.32110912495274
2024-01-01,92.0,124.0,93.0,10870.0,290.0,314.49999999999994,-24.992007839004494,0.49200783900455036
2024-01-02,113.0,162.0,107.0,10770.0,316.0,317.8452380952381,-44.6268973503646,42.78165925512653
2024-01-03,106.0,196.0,131.0,10718.0,263.0,323.8214285714286,-17.219894549244145,-43.60153402218447
2024-01-04,86.0,152.0,168.0,10558.0,362.0,332.42857142857144,20.791543792326248,8.779884779102307
2024-01-05,85.33333333333333,140.66666666666666,157.33333333333334,10262.0,363.6666666666667,343.4285714285714,21.74184085920495,-1.5037456211096512
2024-01-06,84.66666666666667,129.33333333333334,146.66666666666666,9966.0,365.3333333333333,339.1428571428571,22.02002024784352,4.170455942632685
2024-01-07,84.0,118.0,136.0,9670.0,367.0,351.42857142857133,22.28539483923852,-6.713966267809852
2024-01-08,59.0,64.0,117.0,9670.0,367.0,367.71428571428567,-24.992007839004494,24.277722124718828
2024-01-09,62.0,97.0,52.0,9311.0,286.0,375.1190476190476,-44.6268973503646,-44.49215026868299
2024-01-10,91.0,75.0,97.0,9144.0,349.0,373.6428571428571,-17.219894549244145,-7.422962593612965
2024-01-11,29.0,51.0,11.0,8829.0,476.0,363.2857142857143,20.791543792326248,91.92274192195947
2024-01-12,30.0,51.5,16.75,8630.0,415.5,344.2857142857143,21.74184085920495,49.472444855080774
2024-01-13,31.0,52.0,22.5,8431.0,355.0,330.2857142857143,22.02002024784352,2.6942654664422037
2024-01-14,32.0,52.5,28.25,8232.0,294.5,330.85714285714283,22.28539483923852,-58.64253769638135
2024-01-15,33.0,53.0,34.0,8033.0,234.0,314.1428571428571,-24.992007839004494,-55.15084930385262
2024-01-16,32.0,49.0,39.0,8133.0,188.0,306.6428571428571,-44.6268973503646,-74.01595979249251
2024-01-17,80.0,176.0,125.0,8072.0,353.0,308.35714285714283,-17.219894549244145,61.86275169210131
2024-01-18,116.0,188.0,164.0,8042.0,359.0,319.2857142857143,20.791543792326248,18.922741921959474
2024-01-19,112.33333333333333,187.0,162.0,8019.333333333333,363.0,317.57142857142856,21.74184085920495,23.686730569366496
2024-01-20,108.66666666666667,186.0,160.0,7996.666666666667,367.0,319.57142857142856,22.02002024784352,25.408551180727926
2024-01-21,105.0,185.0,158.0,7974.0,371.0,303.85714285714283,22.28539483923852,44.85746230361865
2024-01-22,136.0,246.0,123.0,8008.0,222.0,294.42857142857144,-24.992007839004494,-47.43656358956695
2024-01-23,128.0,228.0,177.0,8133.0,202.0,285.09523809523813,-44.6268973503646,-38.46834074487353
2024-01-24,90.0,196.0,205.0,8212.0,243.0,275.85714285714283,-17.219894549244145,-15.637248307898687
2024-01-25,102.0,189.0,155.0,8180.0,293.0,266.71428571428567,20.791543792326248,5.494170493388086
2024-01-26,108.0,211.66666666666666,145.33333333333334,8121.333333333333,297.6666666666667,262.85714285714283,21.74184085920495,13.067682950318904
2024-01-27,114.0,234.33333333333334,135.66666666666666,8062.666666666667,302.3333333333333,260.7142857142857,22.02002024784352,19.599027371204073
2024-01-28,120.0,257.0,126.0,8004.0,307.0,264.0,22.28539483923852,20.71460516076148
2024-01-29,137.0,272.0,166.0,8057.0,195.0,270.2857142857143,-24.992007839004494,-50.293706446709784
2024-01-30,93.0,198.0,208.0,8182.0,187.0,276.1428571428571,-44.6268973503646,-44.51595979249251
2024-01-31,203.0,477.0,258.0,8153.0,266.0,281.57142857142856,-17.219894549244145,1.6484659778155901
2024-02-01,222.0,459.0,289.0,8026.0,337.0,286.57142857142856,20.791543792326248,29.637027636245197
2024-02-02,232.33333333333334,483.0,275.3333333333333,7955.0,338.6666666666667,293.2857142857143,21.74184085920495,23.63911152174746
2024-02-03,242.66666666666666,507.0,261.6666666666667,7884.0,340.3333333333333,292.0,22.02002024784352,26.313313085489796
2024-02-04,253.0,531.0,248.0,7813.0,342.0,285.71428571428567,22.28539483923852,34.000319446475814
2024-02-05,157.0,466.0,345.0,7872.0,242.0,282.57142857142856,-24.992007839004494,-15.579420732424062
2024-02-06,291.0,455.0,323.0,8045.0,178.0,280.7142857142857,-44.6268973503646,-58.08738836392112
2024-02-07,227.0,453.0,330.0,8160.0,222.0,280.1428571428571,-17.219894549244145,-40.922962593612965
2024-02-08,298.0,499.0,358.0,8188.0,315.0,280.85714285714283,20.791543792326248,13.35131335053092
2024-02-09,267.0,504.3333333333333,314.0,8144.0,325.6666666666667,279.7142857142857,21.74184085920495,24.210540093176014
2024-02-10,236.0,509.6666666666667,270.0,8100.0,336.3333333333333,277.1428571428571,22.02002024784352,37.170455942632685
2024-02-11,205.0,515.0,226.0,8056.0,347.0,278.2857142857142,22.28539483923852,46.42889087504726
2024-02-12,213.0,430.0,440.0,8092.0,234.0,277.85714285714283,-24.992007839004494,-18.86513501813834
2024-02-13,227.0,369.0,349.0,8348.0,160.0,272.54761904761904,-44.6268973503646,-67.92072169725444
2024-02-14,185.0,322.0,272.0,8512.0,230.0,262.35714285714283,-17.219894549244145,-15.137248307898687
2024-02-15,333.0,508.0,272.0,8463.0,312.0,247.2857142857143,20.791543792326248,43.92274192195944
2024-02-16,312.0,486.0,296.75,8442.25,288.5,245.0,21.74184085920495,21.75815914079505
2024-02-17,291.0,464.0,321.5,8421.5,265.0,249.57142857142856,22.02002024784352,-6.591448819272074
2024-02-18,270.0,442.0,346.25,8400.75,241.5,249.7142857142857,22.28539483923852,-30.499680553524215
2024-02-19,249.0,420.0,371.0,8380.0,218.0,247.0,-24.992007839004494,-4.0079921609955065
2024-02-20,149.0,395.0,273.0,8488.0,192.0,249.35714285714283,-44.6268973503646,-12.730245506778232
2024-02-21,232.0,430.0,318.0,8573.0,231.0,256.7857142857143,-17.219894549244145,-8.565819736470132
2024-02-22,165.0,400.0,292.0,8607.0,293.0,269.2857142857143,20.791543792326248,2.9227419219594744
2024-02-23,191.33333333333334,427.3333333333333,316.6666666666667,8539.333333333334,305.0,285.1428571428571,21.74184085920495,-1.8846980020620592
2024-02-24,217.66666666666669,454.6666666666667,341.3333333333333,8471.666666666666,317.0,287.14285714285717,22.02002024784352,7.837122609299314
2024-02-25,244.0,482.0,366.0,8404.0,329.0,290.85714285714283,22.28539483923852,15.857462303618647
2024-02-26,199.0,438.0,326.0,8404.0,329.0,291.7142857142857,-24.992007839004494,62.27772212471877
2024-02-27,197.0,369.0,306.0,8650.0,206.0,293.4761904761905,-44.6268973503646,-42.84929312582588
2024-02-28,209.0,447.0,274.0,8699.0,257.0,296.14285714285717,-17.219894549244145,-21.922962593613022
2024-02-29,262.0,444.0,354.0,8724.0,299.0,299.7142857142857,20.791543792326248,-21.50582950661197
2024-03-01,253.33333333333334,452.0,351.6666666666667,8680.666666666666,317.3333333333333,285.42857142857144,21.74184085920495,10.16292104555692
2024-03-02,244.66666666666666,460.0,349.3333333333333,8637.333333333334,335.6666666666667,286.57142857142856,22.02002024784352,27.07521784739461
2024-03-03,236.0,468.0,347.0,8594.0,354.0,283.0,22.28539483923852,48.71460516076148
2024-03-04,225.0,509.0,340.0,8660.0,229.0,283.85714285714283,-24.992007839004494,-29.86513501813834
2024-03-05,246.0,472.0,345.0,8800.0,214.0,285.3333333333333,-44.6268973503646,-26.706435982968713
2024-03-06,230.0,457.0,277.0,8870.0,232.0,287.4285714285714,-17.219894549244145,-38.20867687932724
2024-03-07,181.0,424.0,328.0,8902.0,305.0,290.1428571428571,20.791543792326248,-5.934400935183358
2024-03-08,184.0,405.3333333333333,327.3333333333333,8839.333333333334,327.6666666666667,293.57142857142856,21.74184085920495,12.353397236033182
2024-03-09,187.0,386.6666666666667,326.6666666666667,8776.666666666666,350.3333333333333,293.42857142857144,22.02002024784352,34.88474165691835
2024-03-10,190.0,368.0,326.0,8714.0,373.0,294.42857142857144,22.28539483923852,56.286033732190035
2024-03-11,178.0,336.0,290.0,8757.0,253.0,295.1428571428571,-24.992007839004494,-17.150849303852617
2024-03-12,154.0,294.0,290.0,8843.0,213.0,294.1428571428571,-44.6268973503646,-36.51595979249251
2024-03-13,165.0,358.0,167.0,8819.0,239.0,291.4285714285714,-17.219894549244145,-35.20867687932724
2024-03-14,166.0,301.0,252.0,8695.0,310.0,286.99999999999994,20.791543792326248,2.208456207673809
2024-03-15,153.0,287.3333333333333,254.33333333333334,8587.666666666666,320.6666666666667,291.2857142857143,21.74184085920495,7.639111521747459
2024-03-16,140.0,273.6666666666667,256.6666666666667,8480.333333333334,331.3333333333333,289.0,22.02002024784352,20.313313085489796
2024-03-17,127.0,260.0,259.0,8373.0,342.0,287.2857142857143,22.28539483923852,32.4288908750472
2024-03-18,123.0,243.0,188.0,8333.0,283.0,276.57142857142856,-24.992007839004494,31.42057926757594
2024-03-19,99.0,202.0,256.0,8390.0,197.0,270.9047619047618,-44.6268973503646,-29.277864554397212
2024-03-20,91.0,181.0,174.0,8365.0,227.0,270.2857142857142,-17.219894549244145,-26.065819736470075
2024-03-21,132.0,261.0,141.0,8292.0,235.0,274.71428571428567,20.791543792326248,-60.50582950661192
2024-03-22,129.33333333333334,262.0,167.66666666666666,8161.0,281.0,267.0,21.74184085920495,-7.741840859204949
2024-03-23,126.66666666666667,263.0,194.33333333333331,8030.0,327.0,268.57142857142856,22.02002024784352,36.408551180727926
2024-03-24,124.0,264.0,221.0,7899.0,373.0,266.85714285714283,22.28539483923852,83.85746230361865
2024-03-25,128.0,242.0,224.0,7899.0,229.0,284.7142857142857,-24.992007839004494,-30.72227787528123
2024-03-26,187.0,276.0,200.0,7919.0,208.0,292.5238095238095,-44.6268973503646,-39.89691217344492
2024-03-27,129.0,287.0,185.0,7893.0,215.0,290.2857142857143,-17.219894549244145,-58.06581973647013
2024-03-28,161.0,288.0,248.0,7762.0,360.0,278.0,20.791543792326248,61.20845620767375
2024-03-29,142.33333333333334,276.6666666666667,215.66666666666666,7593.666666666667,335.6666666666667,269.85714285714283,21.74184085920495,44.067682950318904
2024-03-30,123.66666666666667,265.3333333333333,183.33333333333331,7425.333333333333,311.3333333333333,258.99999999999994,22.02002024784352,30.313313085489852
2024-03-31,105.0,254.0,151.0,7257.0,287.0,251.57142857142858,22.28539483923852,13.143176589332896
2024-04-01,109.0,235.0,171.0,7271.0,172.0,232.28571428571428,-24.992007839004494,-35.293706446709784
2024-04-02,101.0,230.0,175.0,7340.0,132.0,219.04761904761904,-44.6268973503646,-42.420721697254436
2024-04-03,124.0,230.0,190.0,7346.0,163.0,211.85714285714286,-17.219894549244145,-31.637248307898716
2024-04-04,95.0,226.0,152.0,7317.0,225.0,210.71428571428572,20.791543792326248,-6.5058295066119705
2024-04-05,98.66666666666667,230.33333333333334,179.0,7205.333333333333,243.0,214.57142857142856,21.74184085920495,6.686730569366496
2024-04-06,102.33333333333333,234.66666666666666,206.0,7093.666666666667,261.0,214.28571428571428,22.02002024784352,24.694265466442204
2024-04-07,106.0,239.0,233.0,6982.0,279.0,223.42857142857142,22.28539483923852,33.28603373219006
2024-04-08,102.0,230.0,167.0,6988.0,199.0,231.99999999999997,-24.992007839004494,-8.007992160995478
2024-04-09,118.0,231.0,217.0,7043.0,130.0,238.23809523809524,-44.6268973503646,-63.61119788773064
2024-04-10,117.0,244.0,142.0,6999.0,227.0,242.14285714285714,-17.219894549244145,2.0770374063870065
2024-04-11,183.0,221.0,220.0,6912.0,285.0,243.7142857142857,20.791543792326248,20.494170493388058
2024-04-12,164.66666666666666,229.0,227.66666666666666,6818.0,286.6666666666667,242.57142857142853,21.74184085920495,22.35339723603321
2024-04-13,146.33333333333334,237.0,235.33333333333334,6724.0,288.3333333333333,247.28571428571425,22.02002024784352,19.027598799775546
2024-04-14,128.0,245.0,243.0,6630.0,290.0,247.28571428571425,22.28539483923852,20.42889087504723
2024-04-15,144.0,303.0,176.0,6681.0,191.0,243.71428571428567,-24.992007839004494,-27.722277875281172
2024-04-16,219.0,392.0,205.0,6685.0,163.0,238.9523809523809,-44.6268973503646,-31.325483602016305
2024-04-17,182.0,371.0,274.0,6725.0,227.0,233.0,-17.219894549244145,11.219894549244145
2024-04-18,144.0,322.0,258.0,6728.0,260.0,225.85714285714283,20.791543792326248,13.35131335053092
2024-04-19,165.33333333333334,341.3333333333333,286.3333333333333,6733.666666666667,253.33333333333334,229.1428571428571,21.74184085920495,2.4486353312712836
2024-04-20,186.66666666666666,360.6666666666667,314.6666666666667,6739.333333333333,246.66666666666666,224.99999999999997,22.02002024784352,-0.35335358117683313
2024-04-21,208.0,380.0,343.0,6745.0,240.0,214.57142857142853,22.28539483923852,3.1431765893329526
2024-04-22,176.0,424.0,251.0,6799.0,214.0,208.42857142857142,-24.992007839004494,30.563436410433077
2024-04-23,252.0,427.0,307.0,6967.0,134.0,204.8095238095238,-44.6268973503646,-26.182626459159195
2024-04-24,253.0,411.0,307.0,7128.0,154.0,203.7142857142857,-17.219894549244145,-32.49439116504155
2024-04-25,145.0,357.0,333.0,7209.0,217.0,205.14285714285714,20.791543792326248,-8.934400935183387
2024-04-26,149.33333333333334,354.3333333333333,343.6666666666667,7238.666666666667,228.0,201.28571428571428,21.74184085920495,4.972444855080774
2024-04-27,153.66666666666666,351.6666666666667,354.3333333333333,7268.333333333333,239.0,201.42857142857142,22.02002024784352,15.551408323585065
2024-04-28,158.0,349.0,365.0,7298.0,250.0,206.57142857142856,22.28539483923852,21.143176589332924
2024-04-29,140.0,292.0,255.0,7373.0,187.0,203.28571428571428,-24.992007839004494,8.706293553290216
2024-04-30,220.0,443.0,194.0,7431.0,135.0,205.0,-44.6268973503646,-25.3731026496354
2024-05-01,197.0,437.0,295.0,7508.0,190.0,211.71428571428572,-17.219894549244145,-4.494391165041577
2024-05-02,206.0,411.0,293.0,7577.0,194.0,223.42857142857142,20.791543792326248,-50.22011522089767
2024-05-03,187.33333333333334,379.0,271.3333333333333,7533.666666666667,240.0,225.99999999999997,21.74184085920495,-7.74184085920492
2024-05-04,168.66666666666669,347.0,249.66666666666666,7490.333333333333,286.0,229.99999999999997,22.02002024784352,33.97997975215651
2024-05-05,150.0,315.0,228.0,7447.0,332.0,231.7142857142857,22.28539483923852,78.00031944647579
2024-05-06,173.0,337.0,211.0,7449.0,205.0,238.85714285714283,-24.992007839004494,-8.86513501813834
2024-05-07,176.0,334.0,246.0,7566.0,163.0,239.47619047619045,-44.6268973503646,-31.849293125825852
2024-05-08,167.0,374.0,205.0,7583.0,202.0,233.57142857142856,-17.219894549244145,-14.35153402218441
2024-05-09,138.0,285.0,268.0,7570.0,244.0,221.1428571428571,20.791543792326248,2.0655990648166416
2024-05-10,138.0,290.3333333333333,266.3333333333333,7534.666666666667,244.33333333333334,214.28571428571425,21.74184085920495,8.305778188414145
2024-05-11,138.0,295.6666666666667,264.6666666666667,7499.333333333333,244.66666666666666,217.57142857142856,22.02002024784352,5.075217847394583
2024-05-12,138.0,301.0,263.0,7464.0,245.0,226.57142857142858,22.28539483923852,-3.856823410667104
2024-05-13,112.0,331.0,167.0,7499.0,157.0,225.14285714285714,-24.992007839004494,-43.150849303852645
2024-05-14,246.0,419.0,218.0,7546.0,186.0,226.7142857142857,-44.6268973503646,3.912611636078907
2024-05-15,115.0,285.0,341.0,7589.0,265.0,231.28571428571428,-17.219894549244145,50.93418026352987
2024-05-16,206.0,340.0,214.0,7565.0,234.0,238.85714285714283,20.791543792326248,-25.64868664946908
2024-05-17,185.0,325.0,235.33333333333334,7495.333333333333,255.33333333333334,243.8571428571428,21.74184085920495,-10.26565038301441
2024-05-18,164.0,310.0,256.6666666666667,7425.666666666667,276.6666666666667,237.99999999999997,22.02002024784352,16.646646418823195
2024-05-19,143.0,295.0,278.0,7356.0,298.0,229.85714285714286,22.28539483923852,45.85746230361862
2024-05-20,111.0,268.0,217.0,7368.0,192.0,228.85714285714286,-24.992007839004494,-11.865135018138368
2024-05-21,196.0,348.0,176.0,7404.0,145.0,222.66666666666666,-44.6268973503646,-33.039769316302056
2024-05-22,168.0,349.0,272.0,7474.0,208.0,211.28571428571425,-17.219894549244145,13.934180263529896
2024-05-23,193.0,272.0,314.0,7494.0,227.0,194.7142857142857,20.791543792326248,11.494170493388058
2024-05-24,183.75,290.0,298.5,7461.75,212.0,191.14285714285714,21.74184085920495,-0.8846980020620876
2024-05-25,174.5,308.0,283.0,7429.5,197.0,192.0,22.02002024784352,-17.02002024784352
2024-05-26,165.25,326.0,267.5,7397.25,182.0,182.42857142857142,22.28539483923852,-22.713966267809937
2024-05-27,156.0,344.0,252.0,7365.0,167.0,177.1428571428571,-24.992007839004494,14.849150696147383
2024-05-28,153.0,348.0,239.0,7418.0,151.0,179.52380952380952,-44.6268973503646,16.103087826555083
2024-05-29,182.0,462.0,158.0,7491.0,141.0,189.57142857142853,-17.219894549244145,-31.35153402218438
2024-05-30,167.0,406.0,339.0,7563.0,190.0,207.28571428571428,20.791543792326248,-38.07725807804053
2024-05-31,164.33333333333334,380.6666666666667,333.3333333333333,7557.333333333333,228.66666666666666,215.42857142857142,21.74184085920495,-8.503745621109708
2024-06-01,161.66666666666666,355.3333333333333,327.6666666666667,7551.666666666667,267.3333333333333,222.85714285714286,22.02002024784352,22.456170228346934
2024-06-02,159.0,330.0,322.0,7546.0,306.0,231.0,22.28539483923852,52.71460516076148
2024-06-03,109.0,244.0,257.0,7596.0,224.0,237.85714285714283,-24.992007839004494,11.13486498186166
2024-06-04,260.0,356.0,176.0,7565.0,203.0,242.7142857142857,-44.6268973503646,4.912611636078907
2024-06-05,173.0,345.0,291.0,7691.0,198.0,245.57142857142856,-17.219894549244145,-30.35153402218441
2024-06-06,179.0,326.0,282.0,7741.0,238.0,246.4285714285714,20.791543792326248,-29.220115220897636
2024-06-07,158.0,313.6666666666667,243.33333333333334,7644.333333333333,262.6666666666667,244.71428571428567,21.74184085920495,-3.7894599068239287
2024-06-08,137.0,301.3333333333333,204.66666666666669,7547.666666666667,287.3333333333333,238.0,22.02002024784352,27.313313085489796
2024-06-09,116.0,289.0,166.0,7451.0,312.0,239.99999999999994,22.28539483923852,49.714605160761536
2024-06-10,184.0,334.0,229.0,7439.0,212.0,242.99999999999997,-24.992007839004494,-6.007992160995478
2024-06-11,186.0,352.0,224.0,7493.0,156.0,244.1428571428571,-44.6268973503646,-43.51595979249251
2024-06-12,152.0,266.0,274.0,7548.0,212.0,243.4285714285714,-17.219894549244145,-14.208676879327243
2024-06-13,167.0,293.0,230.0,7544.0,259.0,240.85714285714283,20.791543792326248,-2.648686649469081
2024-06-14,179.33333333333334,300.3333333333333,231.0,7465.0,270.6666666666667,242.57142857142856,21.74184085920495,6.353397236033182
2024-06-15,191.66666666666666,307.6666666666667,232.0,7386.0,282.3333333333333,250.85714285714283,22.02002024784352,9.456170228346963
2024-06-16,204.0,315.0,233.0,7307.0,294.0,248.85714285714283,22.28539483923852,22.857462303618647
2024-06-17,159.0,310.0,272.0,7318.0,224.0,245.4285714285714,-24.992007839004494,3.5634364104331056
2024-06-18,160.0,297.0,253.0,7340.0,214.0,243.14285714285714,-44.6268973503646,15.484040207507462
2024-06-19,204.0,321.0,246.0,7433.0,198.0,242.0,-17.219894549244145,-26.780105450755855
2024-06-20,145.0,247.0,243.0,7431.0,235.0,241.99999999999997,20.791543792326248,-27.79154379232622
2024-06-21,130.66666666666666,240.33333333333334,229.0,7369.666666666667,254.66666666666666,238.85714285714283,21.74184085920495,-5.932317049681124
2024-06-22,116.33333333333333,233.66666666666666,215.0,7308.333333333333,274.3333333333333,237.14285714285714,22.02002024784352,15.170455942632657
2024-06-23,102.0,227.0,201.0,7247.0,294.0,235.57142857142858,22.28539483923852,36.143176589332896
2024-06-24,116.0,175.0,172.0,7239.0,202.0,240.28571428571428,-24.992007839004494,-13.293706446709784
2024-06-25,172.0,263.0,191.0,7239.0,202.0,242.42857142857142,-44.6268973503646,4.1983259217931845
2024-06-26,132.0,235.0,197.0,7268.0,187.0,242.0,-17.219894549244145,-37.780105450755855
2024-06-27,174.0,208.0,256.0,7248.0,268.0,238.99999999999997,20.791543792326248,8.20845620767378
2024-06-28,157.0,215.33333333333334,226.33333333333334,7123.333333333333,269.6666666666667,242.85714285714286,21.74184085920495,5.067682950318876
2024-06-29,140.0,222.66666666666666,196.66666666666666,6998.666666666667,271.3333333333333,240.28571428571428,22.02002024784352,9.027598799775518
2024-06-30,123.0,230.0,167.0,6874.0,273.0,242.78571428571428,22.28539483923852,7.928890875047202
2024-07-01,123.0,233.0,159.0,6825.0,229.0,236.64285714285714,-24.992007839004494,17.349150696147355
2024-07-02,141.0,232.0,188.0,6823.0,184.0,229.6904761904762,-44.6268973503646,-1.063578840111603
2024-07-03,149.5,229.0,189.5,6806.5,204.5,221.9285714285714,-17.219894549244145,-0.20867687932724266
2024-07-04,158.0,226.0,191.0,6790.0,225.0,213.35714285714283,20.791543792326248,-9.14868664946908
2024-07-05,137.33333333333334,204.0,205.0,6726.333333333333,221.0,198.21428571428572,21.74184085920495,1.0438734265093288
2024-07-06,116.66666666666666,182.0,219.0,6662.666666666667,217.0,190.49999999999994,22.02002024784352,4.479979752156538
2024-07-07,96.0,160.0,233.0,6599.0,213.0,186.57142857142856,22.28539483923852,4.143176589332924
2024-07-08,141.0,173.0,129.0,6617.0,123.0,182.57142857142856,-24.992007839004494,-34.57942073242406
2024-07-09,116.0,181.0,182.0,6651.0,130.0,181.04761904761904,-44.6268973503646,-6.420721697254436
2024-07-10,150.0,157.0,201.0,6649.0,177.0,182.0,-17.219894549244145,12.219894549244145
2024-07-11,80.0,176.0,125.0,6640.0,197.0,185.42857142857142,20.791543792326248,-9.220115220897664
2024-07-12,92.0,180.0,138.0,6529.333333333333,210.33333333333334,192.28571428571428,21.74184085920495,-3.6942218115858836
2024-07-13,104.0,184.0,151.0,6418.666666666667,223.66666666666666,198.42857142857142,22.02002024784352,3.218074990251722
2024-07-14,116.0,188.0,164.0,6308.0,237.0,199.85714285714286,22.28539483923852,14.857462303618618
2024-07-15,105.0,185.0,158.0,6283.0,171.0,201.10714285714286,-24.992007839004494,-5.115135018138368
2024-07-16,136.0,246.0,123.0,6239.0,173.0,203.13095238095235,-44.6268973503646,14.49594496941225
2024-07-17,128.0,228.0,177.0,6228.0,187.0,205.9285714285714,-17.219894549244145,-1.7086768793272427
2024-07-18,118.5,220.0,184.0,6185.5,205.75,209.49999999999997,20.791543792326248,-24.54154379232622
2024-07-19,109.0,212.0,191.0,6143.0,224.5,218.49999999999997,21.74184085920495,-15.74184085920492
2024-07-20,99.5,204.0,198.0,6100.5,243.25,218.07142857142853,22.02002024784352,3.1585511807279545
2024-07-21,90.0,196.0,205.0,6058.0,262.0,216.6428571428571,22.28539483923852,23.07174801790437
2024-07-22,102.0,189.0,155.0,6002.0,234.0,214.9642857142857,-24.992007839004494,44.0277221247188
2024-07-23,120.0,257.0,126.0,5965.0,170.0,211.22619047619045,-44.6268973503646,3.4007068741741477
2024-07-24,137.0,272.0,166.0,5927.0,177.0,205.42857142857144,-17.219894549244145,-11.2086768793273
2024-07-25,93.0,198.0,208.0,5954.0,194.0,197.57142857142856,20.791543792326248,-24.362972363754803
2024-07-26,112.66666666666667,228.66666666666666,205.0,5883.666666666667,198.33333333333334,187.4285714285714,21.74184085920495,-10.837078954442994
2024-07-27,132.33333333333334,259.3333333333333,202.0,5813.333333333333,202.66666666666666,176.28571428571425,22.02002024784352,4.360932133108889
2024-07-28,152.0,290.0,199.0,5743.0,207.0,173.0,22.28539483923852,11.71460516076148
2024-07-29,114.0,210.0,219.0,5819.0,163.0,169.42857142857142,-24.992007839004494,18.563436410433077
2024-07-30,125.0,203.0,208.0,5930.0,92.0,165.28571428571428,-44.6268973503646,-28.658816935349677
2024-07-31,140.0,261.0,163.0,5963.0,154.0,160.57142857142856,-17.219894549244145,10.64846597781559
2024-08-01,227.0,298.0,212.0,6016.0,169.0,155.28571428571428,20.791543792326248,-7.077258078040526
2024-08-02,172.33333333333331,254.33333333333331,189.0,5991.666666666667,169.33333333333334,153.4285714285714,21.74184085920495,-5.837078954442994
2024-08-03,117.66666666666666,210.66666666666666,166.0,5967.333333333333,169.66666666666666,160.71428571428567,22.02002024784352,-13.067639295462527
2024-08-04,63.0,167.0,143.0,5943.0,170.0,163.57142857142856,22.28539483923852,-15.856823410667076
2024-08-05,172.0,259.0,138.0,5950.0,150.0,164.28571428571428,-24.992007839004494,10.706293553290216
2024-08-06,163.0,283.0,200.0,5998.0,143.0,168.52380952380952,-44.6268973503646,19.103087826555083
2024-08-07,135.0,273.0,207.0,6038.0,174.0,176.28571428571428,-17.219894549244145,14.934180263529868
2024-08-08,119.0,230.0,213.0,6084.0,174.0,187.57142857142856,20.791543792326248,-34.36297236375481
2024-08-09,111.0,223.66666666666666,188.66666666666666,6020.666666666667,199.0,187.28571428571425,21.74184085920495,-10.027555144919198
2024-08-10,103.0,217.33333333333334,164.33333333333331,5957.333333333333,224.0,184.42857142857144,22.02002024784352,17.551408323585036
2024-08-11,95.0,211.0,140.0,5894.0,249.0,184.99999999999997,22.28539483923852,41.71460516076151
2024-08-12,109.0,219.0,155.0,5903.0,148.0,191.57142857142856,-24.992007839004494,-18.57942073242406
2024-08-13,162.0,239.0,189.0,5981.0,123.0,192.57142857142853,-44.6268973503646,-24.944531221063926
2024-08-14,109.0,226.0,191.0,5987.0,178.0,187.99999999999997,-17.219894549244145,7.219894549244174
2024-08-15,124.0,241.0,156.0,5895.0,220.0,177.85714285714283,20.791543792326248,21.35131335053092
2024-08-16,111.33333333333333,242.0,182.33333333333334,5870.333333333333,206.0,179.28571428571428,21.74184085920495,4.972444855080774
2024-08-17,98.66666666666666,243.0,208.66666666666669,5845.666666666667,192.0,177.71428571428572,22.02002024784352,-7.734305962129241
2024-08-18,86.0,244.0,235.0,5821.0,178.0,174.57142857142856,22.28539483923852,-18.856823410667076
2024-08-19,176.0,254.0,162.0,5865.0,158.0,167.57142857142856,-24.992007839004494,15.420579267575938
2024-08-20,136.0,274.0,245.0,5995.0,112.0,160.45714285714283,-44.6268973503646,-3.830245506778226
2024-08-21,134.0,245.0,167.0,6028.0,156.0,153.2285714285714,-17.219894549244145,19.991323120672746
2024-08-22,182.0,307.0,205.0,6054.0,171.0,145.88571428571427,20.791543792326248,4.32274192195948
2024-08-23,175.4,302.6,208.4,6073.6,156.2,139.28571428571428,21.74184085920495,-4.827555144919238
2024-08-24,168.8,298.2,211.8,6093.2,141.4,137.14285714285714,22.02002024784352,-17.762877390700652
2024-08-25,162.2,293.8,215.2,6112.8,126.6,134.0,22.28539483923852,-29.685394839238526
2024-08-26,155.6,289.4,218.6,6132.4,111.8,133.71428571428572,-24.992007839004494,3.0777221247187683
2024-08-27,149.0,285.0,222.0,6152.0,97.0,134.1142857142857,-44.6268973503646,7.512611636078901
2024-08-28,170.0,285.0,178.0,6227.0,134.0,135.2,-17.219894549244145,16.019894549244157
2024-08-29,145.0,295.0,188.0,6250.0,169.0,136.97142857142856,20.791543792326248,11.237027636245191
2024-08-30,142.0,288.75,190.5,6235.5,159.0,139.42857142857142,21.74184085920495,-2.170412287776365
2024-08-31,139.0,282.5,193.0,6221.0,149.0,141.57142857142856,22.02002024784352,-14.591448819272074
2024-09-01,136.0,276.25,195.5,6206.5,139.0,138.71428571428572,22.28539483923852,-21.999680553524243
2024-09-02,133.0,270.0,198.0,6192.0,129.0,131.85714285714286,-24.992007839004494,22.134864981861632
2024-09-03,131.0,263.0,177.0,6272.0,112.0,131.19047619047618,-44.6268973503646,25.436421159888425
2024-09-04,121.0,231.0,219.0,6375.0,114.0,136.71428571428572,-17.219894549244145,-5.494391165041577
2024-09-05,126.0,230.0,175.0,6448.0,121.0,148.42857142857144,20.791543792326248,-48.220115220897696
2024-09-06,125.0,238.33333333333334,171.33333333333334,6402.666666666667,154.33333333333334,150.14285714285714,21.74184085920495,-17.551364668728745
2024-09-07,124.0,246.66666666666666,167.66666666666666,6357.333333333333,187.66666666666669,155.28571428571428,22.02002024784352,10.36093213310889
2024-09-08,123.0,255.0,164.0,6312.0,221.0,162.14285714285714,22.28539483923852,36.57174801790434
2024-09-09,144.0,275.0,190.0,6353.0,141.0,176.28571428571428,-24.992007839004494,-10.293706446709784
2024-09-10,131.0,251.0,180.0,6396.0,148.0,194.09523809523807,-44.6268973503646,-1.4683407448734727
2024-09-11,93.0,248.0,175.0,6410.0,162.0,202.2142857142857,-17.219894549244145,-22.99439116504155
2024-09-12,184.0,280.0,210.0,6360.0,220.0,200.64285714285714,20.791543792326248,-1.4344009351833868
2024-09-13,81.0,200.0,212.0,6326.0,279.0,203.9285714285714,21.74184085920495,53.32958771222366
2024-09-14,89.5,210.0,189.5,6280.0,244.5,205.6428571428571,22.02002024784352,16.83712260929937
2024-09-15,98.0,220.0,167.0,6234.0,210.0,203.78571428571425,22.28539483923852,-16.07110912495277
2024-09-16,113.0,209.0,160.0,6229.0,164.0,199.2142857142857,-24.992007839004494,-10.2222778752812
2024-09-17,159.0,304.0,139.0,6227.0,160.0,186.6428571428571,-44.6268973503646,17.98404020750749
2024-09-18,116.0,213.0,217.0,6245.0,149.0,179.42857142857142,-17.219894549244145,-13.208676879327271
2024-09-19,93.0,196.0,169.0,6270.0,188.0,177.57142857142856,20.791543792326248,-10.362972363754803
2024-09-20,103.33333333333333,208.66666666666666,166.33333333333334,6176.333333333333,191.0,177.71428571428572,21.74184085920495,-8.456126573490671
2024-09-21,113.66666666666667,221.33333333333334,163.66666666666666,6082.666666666667,194.0,175.28571428571425,22.02002024784352,-3.305734533557768
2024-09-22,124.0,234.0,161.0,5989.0,197.0,178.1428571428571,22.28539483923852,-3.428251982095631
2024-09-23,92.0,203.0,173.0,6002.0,165.0,177.7142857142857,-24.992007839004494,12.2777221247188
2024-09-24,186.0,259.0,172.0,6023.0,143.0,176.47619047619045,-44.6268973503646,11.150706874174148
2024-09-25,154.0,225.0,220.0,6050.0,169.0,174.42857142857142,-17.219894549244145,11.791323120672729
2024-09-26,91.0,199.0,172.0,6090.0,185.0,171.57142857142856,20.791543792326248,-7.362972363754803
2024-09-27,87.66666666666667,203.66666666666666,165.66666666666666,6035.0,182.33333333333334,167.71428571428572,21.74184085920495,-7.122793240157328
2024-09-28,84.33333333333333,208.33333333333334,159.33333333333334,5980.0,179.66666666666666,166.85714285714283,22.02002024784352,-9.210496438319694
2024-09-29,81.0,213.0,153.0,5925.0,177.0,167.42857142857142,22.28539483923852,-12.713966267809937
2024-09-30,209.0,285.0,184.0,5967.0,138.0,168.57142857142856,-24.992007839004494,-5.579420732424062
2024-10-01,184.0,314.0,217.0,6040.0,137.0,168.66666666666666,-44.6268973503646,12.960230683697944
2024-10-02,107.0,215.0,230.0,6091.0,173.0,167.71428571428572,-17.219894549244145,22.505608834958423
2024-10-03,101.0,162.0,178.0,6118.0,193.0,165.7142857142857,20.791543792326248,6.494170493388058
2024-10-04,100.5,169.0,177.5,6080.5,183.0,167.85714285714283,21.74184085920495,-6.598983716347782
2024-10-05,100.0,176.0,177.0,6043.0,173.0,165.85714285714283,22.02002024784352,-14.877163104986352
2024-10-06,99.5,183.0,176.5,6005.5,163.0,160.71428571428567,22.28539483923852,-19.999680553524186
2024-10-07,99.0,190.0,176.0,5968.0,153.0,155.85714285714286,-24.992007839004494,22.134864981861632
2024-10-08,167.0,239.0,166.0,6013.0,123.0,154.85714285714286,-44.6268973503646,12.76975449322174
2024-10-09,115.0,216.0,169.0,6047.0,137.0,157.71428571428572,-17.219894549244145,-3.494391165041577
2024-10-10,84.0,158.0,193.0,6075.0,159.0,164.42857142857142,20.791543792326248,-26.220115220897664
2024-10-11,99.33333333333333,181.0,192.66666666666666,6013.0,176.0,157.7142857142857,21.74184085920495,-3.456126573490643
2024-10-12,114.66666666666667,204.0,192.33333333333334,5951.0,193.0,155.42857142857142,22.02002024784352,15.551408323585065
2024-10-13,130.0,227.0,192.0,5889.0,210.0,154.28571428571425,22.28539483923852,33.42889087504723
2024-10-14,88.0,214.0,160.0,5935.0,106.0,154.42857142857142,-24.992007839004494,-23.436563589566923
2024-10-15,113.0,208.0,159.0,6013.0,107.0,153.8095238095238,-44.6268973503646,-2.182626459159195
2024-10-16,174.0,285.0,150.0,6036.0,129.0,152.4285714285714,-17.219894549244145,-6.208676879327243
2024-10-17,104.0,230.0,206.0,6076.0,160.0,150.28571428571428,20.791543792326248,-11.077258078040526
2024-10-18,118.33333333333333,245.33333333333334,208.66666666666666,6023.333333333333,171.66666666666666,157.14285714285714,21.74184085920495,-7.21803133539543
2024-10-19,132.66666666666666,260.6666666666667,211.33333333333334,5970.666666666667,183.33333333333334,157.42857142857142,22.02002024784352,3.8847416569184077
2024-10-20,147.0,276.0,214.0,5918.0,195.0,158.71428571428572,22.28539483923852,14.000319446475757
2024-10-21,108.0,220.0,213.0,5966.0,154.0,157.49999999999997,-24.992007839004494,21.492007839004522
2024-10-22,180.0,280.0,146.0,6043.0,109.0,156.54761904761904,-44.6268973503646,-2.920721697254436
2024-10-23,134.0,294.0,186.0,6077.0,138.0,155.85714285714283,-17.219894549244145,-0.6372483078986875
2024-10-24,151.0,298.75,179.0,6051.25,151.5,155.42857142857142,20.791543792326248,-24.720115220897664
2024-10-25,168.0,303.5,172.0,6025.5,165.0,155.7142857142857,21.74184085920495,-12.456126573490643
2024-10-26,185.0,308.25,165.0,5999.75,178.5,158.14285714285714,22.02002024784352,-1.6628773907006575
2024-10-27,202.0,313.0,158.0,5974.0,192.0,161.28571428571428,22.28539483923852,8.428890875047202
2024-10-28,110.0,272.0,193.0,6008.0,156.0,164.92857142857142,-24.992007839004494,16.063436410433077
2024-10-29,166.0,277.0,229.0,6106.0,126.0,166.97619047619048,-44.6268973503646,3.6507068741741193
2024-10-30,136.0,276.0,178.0,6149.0,160.0,167.4285714285714,-17.219894549244145,9.791323120672757
2024-10-31,87.0,246.0,173.0,6148.0,177.0,166.28571428571428,20.791543792326248,-10.077258078040526
2024-11-01,86.0,221.0,167.66666666666666,6095.333333333333,179.33333333333334,162.85714285714286,21.74184085920495,-5.265650383014467
2024-11-02,85.0,196.0,162.33333333333334,6042.666666666667,181.66666666666666,162.85714285714286,22.02002024784352,-3.2104964383197228
2024-11-03,84.0,171.0,157.0,5990.0,184.0,159.57142857142856,22.28539483923852,2.143176589332924
2024-11-04,167.0,209.0,157.0,6007.0,132.0,159.57142857142856,-24.992007839004494,-2.5794207324240617
2024-11-05,109.0,245.0,159.0,6045.0,126.0,158.09523809523807,-44.6268973503646,12.531659255126527
2024-11-06,156.0,256.0,176.0,6086.0,137.0,155.14285714285714,-17.219894549244145,-0.9229625936129935
2024-11-07,125.0,232.0,192.0,6084.0,177.0,150.71428571428572,20.791543792326248,5.4941704933880295
2024-11-08,123.25,208.75,186.0,6053.75,169.0,152.57142857142858,21.74184085920495,-5.313269430633532
2024-11-09,121.5,185.5,180.0,6023.5,161.0,154.2857142857143,22.02002024784352,-15.305734533557825
2024-11-10,119.75,162.25,174.0,5993.25,153.0,156.28571428571428,22.28539483923852,-25.571109124952798
2024-11-11,118.0,139.0,168.0,5963.0,145.0,155.57142857142856,-24.992007839004494,14.420579267575938
2024-11-12,142.0,235.0,139.0,5975.0,138.0,157.09523809523807,-44.6268973503646,25.531659255126527
2024-11-13,148.0,245.0,175.0,5966.0,151.0,160.85714285714283,-17.219894549244145,7.3627516921013125
2024-11-14,119.0,219.0,210.0,6025.0,172.0,166.85714285714283,20.791543792326248,-15.64868664946908
2024-11-15,114.33333333333333,216.0,189.66666666666666,5955.333333333333,179.66666666666666,165.85714285714286,21.74184085920495,-7.932317049681153
2024-11-16,109.66666666666667,213.0,169.33333333333334,5885.666666666667,187.33333333333334,167.0,22.02002024784352,-1.686686914510176
2024-11-17,105.0,210.0,149.0,5816.0,195.0,166.57142857142856,22.28539483923852,6.143176589332924
2024-11-18,143.0,203.0,163.0,5819.0,138.0,172.0,-24.992007839004494,-9.007992160995506
2024-11-19,119.0,209.0,152.0,5844.0,146.0,176.19047619047618,-44.6268973503646,14.436421159888425
2024-11-20,155.0,212.0,181.0,5879.0,148.0,179.14285714285714,-17.219894549244145,-13.922962593612993
2024-11-21,109.0,214.0,173.0,5850.0,210.0,180.85714285714283,20.791543792326248,8.35131335053092
2024-11-22,136.33333333333334,237.0,179.33333333333334,5788.0,209.0,179.57142857142858,21.74184085920495,7.686730569366468
2024-11-23,163.66666666666669,260.0,185.66666666666666,5726.0,208.0,174.7142857142857,22.02002024784352,11.265694037870787
2024-11-24,191.0,283.0,192.0,5664.0,207.0,183.7142857142857,22.28539483923852,1.0003194464757854
2024-11-25,170.0,297.0,196.0,5715.0,129.0,174.14285714285714,-24.992007839004494,-20.150849303852645
2024-11-26,152.0,272.0,214.0,5826.0,112.0,165.0,-44.6268973503646,-8.373102649635399
2024-11-27,239.0,367.0,224.0,5862.0,211.0,156.28571428571428,-17.219894549244145,71.93418026352987
2024-11-28,113.0,280.0,237.0,5963.0,143.0,148.0,20.791543792326248,-25.791543792326248
2024-11-29,140.66666666666666,288.6666666666667,220.33333333333334,5970.666666666667,145.0,145.99999999999997,21.74184085920495,-22.74184085920492
2024-11-30,168.33333333333334,297.3333333333333,203.66666666666666,5978.333333333333,147.0,145.28571428571425,22.02002024784352,-20.305734533557768
2024-12-01,196.0,306.0,187.0,5986.0,149.0,131.57142857142856,22.28539483923852,-4.856823410667076
2024-12-02,236.0,330.0,222.0,6061.0,115.0,132.57142857142856,-24.992007839004494,7.420579267575938
2024-12-03,81.0,230.0,242.0,6192.0,107.0,134.33333333333334,-44.6268973503646,17.293564017031258
2024-12-04,118.0,245.0,160.0,6269.0,115.0,136.85714285714286,-17.219894549244145,-4.637248307898716
2024-12-05,218.0,283.0,208.0,6310.0,150.0,140.14285714285714,20.791543792326248,-10.934400935183387
2024-12-06,189.33333333333334,269.6666666666667,199.66666666666666,6302.0,157.33333333333334,148.57142857142856,21.74184085920495,-12.979936097300161
2024-12-07,160.66666666666666,256.3333333333333,191.33333333333334,6294.0,164.66666666666666,154.57142857142856,22.02002024784352,-11.924782152605417
2024-12-08,132.0,243.0,183.0,6286.0,172.0,159.85714285714286,22.28539483923852,-10.142537696381382
2024-12-09,224.0,315.0,152.0,6268.0,174.0,166.14285714285714,-24.992007839004494,32.849150696147355
2024-12-10,167.0,326.0,213.0,6310.0,149.0,172.80952380952377,-44.6268973503646,20.817373540840833
2024-12-11,209.0,353.0,232.0,6402.0,152.0,179.85714285714283,-17.219894549244145,-10.637248307898687
2024-12-12,153.0,253.0,286.0,6481.0,194.0,187.28571428571428,20.791543792326248,-14.077258078040526
2024-12-13,162.0,281.0,263.6666666666667,6456.666666666667,204.0,183.7142857142857,21.74184085920495,-1.4561265734906428
2024-12-14,171.0,309.0,241.33333333333334,6432.333333333333,214.0,184.0,22.02002024784352,7.979979752156481
2024-12-15,180.0,337.0,219.0,6408.0,224.0,181.42857142857142,22.28539483923852,20.286033732190063
2024-12-16,133.0,287.0,189.0,6454.0,149.0,187.7142857142857,-24.992007839004494,-13.7222778752812
2024-12-17,187.0,310.0,247.0,6506.0,151.0,193.99999999999997,-44.6268973503646,1.6268973503646293
2024-12-18,168.0,285.0,210.0,6598.0,134.0,200.28571428571428,-17.219894549244145,-49.06581973647013
2024-12-19,269.0,412.0,204.0,6600.0,238.0,206.57142857142856,20.791543792326248,10.637027636245197
2024-12-20,212.66666666666666,359.6666666666667,214.66666666666666,6598.333333333333,248.0,218.28571428571428,21.74184085920495,7.972444855080774
2024-12-21,156.33333333333331,307.3333333333333,225.33333333333334,6596.666666666667,258.0,218.85714285714283,22.02002024784352,17.12283689501365
2024-12-22,100.0,255.0,236.0,6595.0,268.0,214.99999999999997,22.28539483923852,30.714605160761508
2024-12-23,205.0,294.0,177.0,6548.0,231.0,200.28571428571425,-24.992007839004494,55.706293553290244
2024-12-24,161.0,304.0,211.0,6622.0,155.0,187.99999999999997,-44.6268973503646,11.62689735036463
2024-12-25,57.0,162.0,193.0,6689.0,107.0,178.1428571428571,-17.219894549244145,-53.922962593612965
2024-12-26,80.0,122.0,152.0,6707.0,135.0,170.7142857142857,20.791543792326248,-56.505829506611946
2024-12-27,89.0,138.0,145.66666666666666,6626.333333333333,162.0,163.0,21.74184085920495,-22.74184085920495
2024-12-28,98.0,154.0,139.33333333333334,6545.666666666667,189.0,163.78571428571425,22.02002024784352,3.194265466442232
2024-12-29,107.0,170.0,133.0,6465.0,216.0,169.07142857142856,22.28539483923852,24.643176589332924
2024-12-30,99.0,156.0,139.0,6454.0,177.0,174.07142857142856,-24.992007839004494,27.92057926757594
2024-12-31,62.0,111.0,116.5,6429.5,160.5,175.92857142857142,-44.6268973503646,29.198325921793185
2025-01-01,25.0,66.0,94.0,6405.0,144.0,174.64285714285714,-17.219894549244145,-13.422962593612993
2025-01-02,35.0,70.0,53.0,6292.0,170.0,170.2142857142857,20.791543792326248,-21.005829506611942
2025-01-03,37.666666666666664,71.0,56.666666666666664,6155.333333333333,175.0,172.07142857142856,21.74184085920495,-18.813269430633504
2025-01-04,40.333333333333336,72.0,60.333333333333336,6018.666666666667,180.0,168.14285714285714,22.02002024784352,-10.162877390700658
2025-01-05,43.0,73.0,64.0,5882.0,185.0,173.85714285714286,22.28539483923852,-11.142537696381382
2025-01-06,41.0,60.0,71.0,5769.0,190.0,172.99999999999997,-24.992007839004494,41.99200783900452
2025-01-07,65.0,83.0,65.0,5703.0,133.0,174.80952380952377,-44.6268973503646,2.8173735408408334
2025-01-08,38.0,80.0,82.0,5605.0,184.0,179.28571428571428,-17.219894549244145,21.934180263529868
2025-01-09,56.0,82.0,68.0,5507.0,164.0,186.4285714285714,20.791543792326248,-43.22011522089764
2025-01-10,62.0,89.0,72.0,5368.666666666667,187.66666666666666,185.14285714285714,21.74184085920495,-19.21803133539543
2025-01-11,68.0,96.0,76.0,5230.333333333333,211.33333333333334,186.0,22.02002024784352,3.313313085489824
2025-01-12,74.0,103.0,80.0,5092.0,235.0,183.1428571428571,22.28539483923852,29.57174801790437
2025-01-13,68.0,107.0,102.0,5019.0,181.0,182.42857142857142,-24.992007839004494,23.563436410433077
2025-01-14,92.0,124.0,93.0,4957.0,139.0,179.14285714285714,-44.6268973503646,4.484040207507462
2025-01-15,113.0,162.0,107.0,4903.0,164.0,173.28571428571428,-17.219894549244145,7.934180263529868
2025-01-16,106.0,196.0,131.0,4881.0,159.0,164.85714285714283,20.791543792326248,-26.64868664946908
2025-01-17,99.33333333333333,181.33333333333334,143.33333333333334,4796.666666666667,164.66666666666666,157.14285714285714,21.74184085920495,-14.21803133539543
2025-01-18,92.66666666666667,166.66666666666666,155.66666666666666,4712.333333333333,170.33333333333334,145.0,22.02002024784352,3.313313085489824
2025-01-19,86.0,152.0,168.0,4628.0,176.0,133.42857142857142,22.28539483923852,20.286033732190063
2025-01-20,84.0,118.0,136.0,4638.0,127.0,135.57142857142856,-24.992007839004494,16.42057926757594
2025-01-21,59.0,64.0,117.0,4728.0,54.0,137.28571428571428,-44.6268973503646,-38.65881693534968
2025-01-22,62.0,97.0,52.0,4717.0,83.0,138.57142857142856,-17.219894549244145,-38.35153402218441
2025-01-23,91.0,75.0,97.0,4621.0,174.0,139.42857142857142,20.791543792326248,13.779884779102336
2025-01-24,70.33333333333333,67.0,68.33333333333333,4494.333333333333,176.66666666666666,139.42857142857142,21.74184085920495,15.496254378890292
2025-01-25,49.666666666666664,59.0,39.666666666666664,4367.666666666667,179.33333333333334,146.1428571428571,22.02002024784352,11.170455942632714
2025-01-26,29.0,51.0,11.0,4241.0,182.0,148.42857142857142,22.28539483923852,11.286033732190063
2025-01-27,33.0,53.0,34.0,4161.0,127.0,146.28571428571428,-24.992007839004494,5.706293553290216
2025-01-28,32.0,49.0,39.0,4096.0,101.0,144.19047619047618,-44.6268973503646,1.4364211598884253
2025-01-29,32.0,50.0,39.0,4036.0,99.0,142.1428571428571,-17.219894549244145,-25.922962593612965
2025-01-30,47.0,42.0,47.0,3923.0,159.0,140.1428571428571,20.791543792326248,-1.9344009351833584
2025-01-31,38.0,35.333333333333336,45.0,3776.3333333333335,162.0,136.57142857142856,21.74184085920495,3.686730569366496
2025-02-01,29.0,28.666666666666668,43.0,3629.6666666666665,165.0,132.71428571428572,22.02002024784352,10.265694037870759
2025-02-02,20.0,22.0,41.0,3483.0,168.0,133.42857142857142,22.28539483923852,12.286033732190063
2025-02-03,23.0,45.0,11.0,3403.0,102.0,131.42857142857142,-24.992007839004494,-4.436563589566923
2025-02-04,34.0,54.0,29.0,3359.0,74.0,126.8095238095238,-44.6268973503646,-8.182626459159195
2025-02-05,26.0,36.0,36.0,3290.0,104.0,119.57142857142856,-17.219894549244145,1.6484659778155901
2025-02-06,25.0,32.0,27.0,3181.0,145.0,109.7142857142857,20.791543792326248,14.494170493388058
2025-02-07,21.666666666666668,25.666666666666664,25.666666666666668,3080.0,129.66666666666666,104.14285714285712,21.74184085920495,3.781968664604584
2025-02-08,18.333333333333336,19.333333333333332,24.333333333333332,2979.0,114.33333333333333,100.7142857142857,22.02002024784352,-8.400972628795884
2025-02-09,15.0,13.0,23.0,2878.0,99.0,95.28571428571428,22.28539483923852,-18.571109124952798
2025-02-10,16.0,18.0,15.0,2834.0,63.0,84.85714285714286,-24.992007839004494,3.1348649818616323
2025-02-11,11.0,22.0,12.0,2799.0,50.0,74.58333333333334,-44.6268973503646,20.043564017031258
2025-02-12,16.0,20.0,20.0,2752.0,66.0,64.46428571428571,-17.219894549244145,18.755608834958437
2025-02-13,15.0,10.0,23.0,2703.0,72.0,54.5,20.791543792326248,-3.291543792326248
2025-02-14,13.25,11.75,20.75,2660.25,57.75,47.642857142857146,21.74184085920495,-11.634698002062095
2025-02-15,11.5,13.5,18.5,2617.5,43.5,41.78571428571429,22.02002024784352,-20.30573453355781
2025-02-16,9.75,15.25,16.25,2574.75,29.25,35.07142857142857,22.28539483923852,-28.10682341066709
2025-02-17,8.0,17.0,14.0,2532.0,15.0,29.357142857142854,-24.992007839004494,10.63486498186164
2025-02-18,18.0,19.0,11.0,2536.0,9.0,25.82142857142857,-44.6268973503646,27.80546877893603
2025-02-19,12.0,17.0,17.0,2528.0,19.0,24.464285714285715,-17.219894549244145,11.75560883495843
2025-02-20,13.0,25.0,15.0,2520.0,32.0,25.285714285714285,20.791543792326248,-14.077258078040533
2025-02-21,11.0,22.0,12.666666666666668,2487.6666666666665,33.0,26.57142857142857,21.74184085920495,-15.313269430633518
2025-02-22,9.0,19.0,10.333333333333334,2455.3333333333335,34.0,28.57142857142857,22.02002024784352,-16.591448819272088
2025-02-23,7.0,16.0,8.0,2423.0,35.0,29.14285714285714,22.28539483923852,-16.42825198209566
2025-02-24,20.0,22.0,14.0,2413.0,24.0,29.857142857142854,-24.992007839004494,19.13486498186164
2025-02-25,11.0,7.0,7.0,2413.0,23.0,30.142857142857142,-44.6268973503646,37.48404020750746
2025-02-26,12.0,21.0,1.0,2411.0,23.0,30.0,-17.219894549244145,10.219894549244145
2025-02-27,10.0,15.0,17.0,2391.0,37.0,29.428571428571427,20.791543792326248,-13.220115220897675
2025-02-28,10.666666666666666,18.0,12.666666666666668,2359.6666666666665,35.0,29.57142857142857,21.74184085920495,-16.313269430633518
2025-03-01,11.333333333333334,21.0,8.333333333333334,2328.3333333333335,33.0,30.57142857142857,22.02002024784352,-19.591448819272088
2025-03-02,12.0,24.0,4.0,2297.0,31.0,33.0,22.28539483923852,-24.28539483923852
2025-03-03,8.0,29.0,18.0,2287.0,25.0,32.42857142857143,-24.992007839004494,17.563436410433063
2025-03-04,4.0,25.0,10.0,2272.0,30.0,32.0,-44.6268973503646,42.6268973503646
2025-03-05,5.0,20.0,4.0,2238.0,40.0,31.71428571428571,-17.219894549244145,25.505608834958434
2025-03-06,7.0,27.0,6.0,2218.0,33.0,31.571428571428566,20.791543792326248,-19.362972363754814
2025-03-07,8.666666666666666,26.333333333333332,9.0,2191.0,32.0,31.28571428571428,21.74184085920495,-21.02755514491923
2025-03-08,10.333333333333332,25.666666666666668,12.0,2164.0,31.0,29.857142857142854,22.02002024784352,-20.877163104986373
2025-03-09,12.0,25.0,15.0,2137.0,30.0,25.28571428571428,22.28539483923852,-17.5711091249528
2025-03-10,6.0,28.0,8.0,2125.0,23.0,21.428571428571427,-24.992007839004494,26.563436410433066
2025-03-11,3.0,11.0,7.0,2116.0,20.0,17.666666666666668,-44.6268973503646,46.96023068369793
2025-03-12,6.0,18.0,2.0,2113.0,8.0,14.0,-17.219894549244145,11.219894549244145
2025-03-13,4.0,20.0,9.0,2116.0,6.0,10.428571428571429,20.791543792326248,-25.220115220897675
2025-03-14,3.0,16.333333333333332,8.666666666666666,2116.3333333333335,5.666666666666667,8.285714285714285,21.74184085920495,-24.360888478252566
2025-03-15,2.0,12.666666666666668,8.333333333333334,2116.6666666666665,5.333333333333333,6.571428571428571,22.02002024784352,-23.258115485938756
2025-03-16,1.0,9.0,8.0,2117.0,5.0,6.714285714285713,22.28539483923852,-23.999680553524232
2025-03-17,5.0,14.0,0.0,2111.0,8.0,6.857142857142857,-24.992007839004494,26.134864981861636
2025-03-18,19.0,34.0,6.0,2109.0,8.0,6.809523809523809,-44.6268973503646,45.81737354084079
2025-03-19,6.0,22.0,14.0,2119.0,9.0,6.571428571428571,-17.219894549244145,19.648465977815576
2025-03-20,9.0,20.0,11.0,2124.0,7.0,6.142857142857142,20.791543792326248,-19.93440093518339
2025-03-21,11.0,23.0,10.333333333333334,2128.0,5.333333333333334,6.0,21.74184085920495,-22.408507525871613
2025-03-22,13.0,26.0,9.666666666666666,2132.0,3.666666666666667,5.7142857142857135,22.02002024784352,-24.067639295462566
2025-03-23,15.0,29.0,9.0,2136.0,2.0,4.7142857142857135,22.28539483923852,-24.999680553524236
2025-03-24,7.0,13.0,11.0,2139.0,7.0,4.0,-24.992007839004494,27.992007839004494
2025-03-25,12.0,19.0,7.0,2145.0,6.0,3.5238095238095233,-44.6268973503646,47.103087826555075
2025-03-26,9.0,21.0,15.0,2159.0,2.0,3.285714285714285,-17.219894549244145,15.93418026352986
2025-03-27,1.0,19.0,13.0,2159.0,2.0,3.285714285714285,20.791543792326248,-22.077258078040533
2025-03-28,3.6666666666666665,19.333333333333332,10.333333333333334,2168.6666666666665,2.0,2.999999999999999,21.74184085920495,-22.74184085920495
2025-03-29,6.333333333333333,19.666666666666668,7.666666666666667,2178.3333333333335,2.0,3.8571428571428568,22.02002024784352,-23.877163104986376
2025-03-30,9.0,20.0,5.0,2188.0,2.0,3.9999999999999996,22.28539483923852,-24.28539483923852
2025-03-31,9.0,25.0,8.0,2193.0,5.0,4.857142857142857,-24.992007839004494,25.134864981861636
2025-04-01,17.0,36.0,7.0,2191.0,12.0,5.857142857142857,-44.6268973503646,50.76975449322175
2025-04-02,5.0,31.0,16.0,2208.0,3.0,6.999999999999998,-17.219894549244145,13.219894549244147
2025-04-03,12.0,26.0,18.0,2223.0,8.0,8.285714285714285,20.791543792326248,-21.077258078040533
2025-04-04,10.333333333333334,22.0,14.333333333333334,2226.6666666666665,9.0,8.285714285714285,21.74184085920495,-21.027555144919233
2025-04-05,8.666666666666668,18.0,10.666666666666668,2230.3333333333335,10.0,7.857142857142856,22.02002024784352,-19.877163104986373
2025-04-06,7.0,14.0,7.0,2234.0,11.0,8.142857142857142,22.28539483923852,-19.428251982095663
2025-04-07,12.0,22.0,9.0,2237.0,5.0,7.857142857142857,-24.992007839004494,22.134864981861636
2025-04-08,12.0,34.0,12.0,2243.0,9.0,7.857142857142857,-44.6268973503646,45.76975449322175
2025-04-09,6.0,19.0,10.0,2251.0,5.0,7.285714285714285,-17.219894549244145,14.93418026352986
2025-04-10,18.0,25.0,17.0,2265.0,6.0,6.142857142857142,20.791543792326248,-20.93440093518339
2025-04-11,8.0,22.0,8.0,2267.0,9.0,7.285714285714285,21.74184085920495,-20.027555144919233
2025-04-12,6.5,24.0,9.0,2275.0,6.0,6.999999999999999,22.02002024784352,-23.02002024784352
2025-04-13,5.0,26.0,10.0,2283.0,3.0,7.428571428571429,22.28539483923852,-26.71396626780995
2025-04-14,5.0,26.0,9.0,2282.0,13.0,8.571428571428571,-24.992007839004494,29.420579267575924
2025-04-15,4.0,19.0,12.0,2286.0,7.0,8.809523809523808,-44.6268973503646,42.81737354084079
2025-04-16,11.0,30.0,5.0,2291.0,8.0,9.0,-17.219894549244145,16.219894549244145
2025-04-17,7.0,26.0,10.0,2288.0,14.0,9.142857142857142,20.791543792326248,-15.93440093518339
2025-04-18,6.0,22.333333333333332,8.666666666666666,2293.6666666666665,10.666666666666668,8.142857142857142,21.74184085920495,-19.218031335395423
2025-04-19,5.0,18.666666666666668,7.333333333333334,2299.3333333333335,7.333333333333334,9.571428571428571,22.02002024784352,-24.258115485938756
2025-04-20,4.0,15.0,6.0,2305.0,4.0,9.999999999999998,22.28539483923852,-28.28539483923852
2025-04-21,10.0,25.0,5.0,2308.0,6.0,9.857142857142858,-24.992007839004494,21.134864981861636
2025-04-22,7.0,19.0,14.0,2305.0,17.0,9.761904761904763,-44.6268973503646,51.86499258845984
2025-04-23,3.0,23.0,4.0,2300.0,11.0,9.714285714285714,-17.219894549244145,18.50560883495843
2025-04-24,3.0,9.0,7.0,2294.0,13.0,9.714285714285714,20.791543792326248,-17.50582950661196
2025-04-25,5.0,19.333333333333336,8.666666666666666,2296.3333333333335,10.0,9.999999999999998,21.74184085920495,-21.74184085920495
2025-04-26,7.0,29.666666666666668,10.333333333333332,2298.6666666666665,7.0,9.714285714285714,22.02002024784352,-24.734305962129234
2025-04-27,9.0,40.0,12.0,2301.0,4.0,9.857142857142856,22.28539483923852,-28.142537696381375
2025-04-28,6.0,26.0,12.0,2307.0,8.0,10.285714285714285,-24.992007839004494,22.70629355329021
2025-04-29,11.0,25.0,11.0,2304.0,15.0,10.61904761904762,-44.6268973503646,49.00784973131698
2025-04-30,7.0,34.0,9.0,2309.0,12.0,10.857142857142858,-17.219894549244145,18.362751692101288
2025-05-01,13.0,32.0,14.0,2306.0,16.0,10.999999999999998,20.791543792326248,-15.791543792326246
2025-05-02,11.666666666666666,31.666666666666668,12.666666666666666,2315.6666666666665,12.333333333333334,12.285714285714285,21.74184085920495,-21.694221811585898
2025-05-03,10.333333333333334,31.333333333333332,11.333333333333334,2325.3333333333335,8.666666666666668,12.428571428571427,22.02002024784352,-25.781925009748278
2025-05-04,9.0,31.0,10.0,2335.0,5.0,12.142857142857144,22.28539483923852,-29.428251982095667
2025-05-05,15.0,44.0,20.0,2331.0,17.0,11.428571428571427,-24.992007839004494,30.563436410433066
2025-05-06,10.0,33.0,16.0,2339.0,16.0,10.857142857142856,-44.6268973503646,49.76975449322175
2025-05-07,10.0,30.0,15.0,2335.0,10.0,10.428571428571427,-17.219894549244145,16.79132312067272
2025-05-08,15.0,24.0,16.0,2361.0,11.0,10.142857142857142,20.791543792326248,-19.93440093518339
2025-05-09,15.0,22.666666666666668,14.666666666666666,2369.0,8.333333333333334,8.714285714285715,21.74184085920495,-22.12279324015733
2025-05-10,15.0,21.333333333333332,13.333333333333334,2377.0,5.666666666666667,8.0,22.02002024784352,-24.35335358117685
2025-05-11,15.0,20.0,12.0,2385.0,3.0,8.142857142857142,22.28539483923852,-27.428251982095663
2025-05-12,7.0,33.0,14.0,2392.0,7.0,8.571428571428571,-24.992007839004494,23.420579267575924
2025-05-13,18.0,29.0,12.0,2394.0,11.0,9.142857142857142,-44.6268973503646,46.48404020750746
2025-05-14,7.0,30.0,14.0,2394.0,11.0,9.857142857142856,-17.219894549244145,18.36275169210129
2025-05-15,15.0,31.0,14.0,2410.0,14.0,10.714285714285715,20.791543792326248,-17.505829506611963
2025-05-16,14.333333333333334,30.0,14.0,2419.0,12.333333333333334,10.571428571428573,21.74184085920495,-19.97993609730019
2025-05-17,13.666666666666666,29.0,14.0,2428.0,10.666666666666668,10.714285714285714,22.02002024784352,-22.067639295462563
2025-05-18,13.0,28.0,14.0,2437.0,9.0,11.714285714285714,22.28539483923852,-24.999680553524236
2025-05-19,7.0,27.0,17.0,2457.0,6.0,11.857142857142856,-24.992007839004494,19.13486498186164
2025-05-20,10.5,44.5,15.0,2462.0,12.0,12.123809523809523,-44.6268973503646,44.503087826555074
2025-05-21,14.0,62.0,13.0,2467.0,18.0,12.514285714285714,-17.219894549244145,22.705608834958433
2025-05-22,18.0,36.0,17.0,2473.0,15.0,13.028571428571428,20.791543792326248,-18.820115220897677
2025-05-23,15.6,33.6,15.0,2479.2,14.2,13.857142857142856,21.74184085920495,-21.398983716347807
2025-05-24,13.2,31.2,13.0,2485.4,13.4,13.714285714285712,22.02002024784352,-22.33430596212923
2025-05-25,10.8,28.8,11.0,2491.6,12.6,13.142857142857142,22.28539483923852,-22.828251982095665
2025-05-26,8.4,26.4,9.0,2497.8,11.8,12.571428571428571,-24.992007839004494,24.22057926757592
2025-05-27,6.0,24.0,7.0,2504.0,11.0,12.161904761904761,-44.6268973503646,43.464992588459836
2025-05-28,12.0,39.0,12.0,2499.0,14.0,11.914285714285713,-17.219894549244145,19.305608834958434
2025-05-29,13.0,38.0,15.0,2506.0,11.0,11.828571428571427,20.791543792326248,-21.620115220897674
2025-05-30,11.333333333333334,33.333333333333336,15.333333333333334,2513.3333333333335,11.333333333333334,12.428571428571427,21.74184085920495,-22.837078954443044
2025-05-31,9.666666666666668,28.666666666666668,15.666666666666666,2520.6666666666665,11.666666666666666,12.999999999999996,22.02002024784352,-23.353353581176847
2025-06-01,8.0,24.0,16.0,2528.0,12.0,13.285714285714285,22.28539483923852,-23.571109124952805
2025-06-02,10.0,19.0,5.0,2518.0,16.0,14.714285714285715,-24.992007839004494,26.277722124718778
2025-06-03,5.0,23.0,11.0,2519.0,15.0,15.714285714285714,-44.6268973503646,43.912611636078886
2025-06-04,4.0,16.0,9.0,2516.0,16.0,16.285714285714285,-17.219894549244145,16.93418026352986
2025-06-05,8.0,26.0,5.0,2503.0,21.0,16.42857142857143,20.791543792326248,-16.22011522089768
2025-06-06,8.666666666666666,22.666666666666668,8.333333333333332,2504.3333333333335,18.333333333333332,15.428571428571427,21.74184085920495,-18.837078954443044
2025-06-07,9.333333333333334,19.333333333333336,11.666666666666666,2505.6666666666665,15.666666666666668,14.999999999999998,22.02002024784352,-21.353353581176847
2025-06-08,10.0,16.0,15.0,2507.0,13.0,14.46938775510204,22.28539483923852,-23.75478259434056
2025-06-09,8.0,21.0,14.0,2516.0,9.0,13.26530612244898,-24.992007839004494,20.726701716555514
2025-06-10,17.0,28.0,7.0,2511.0,12.0,12.482993197278912,-44.6268973503646,44.143904153085685
2025-06-11,15.571428571428571,27.428571428571427,7.428571428571429,2512.714285714286,12.285714285714286,12.122448979591836,-17.219894549244145,17.383159855366596
2025-06-12,14.142857142857142,26.857142857142858,7.857142857142858,2514.4285714285716,12.571428571428571,12.183673469387752,20.791543792326248,-20.40378869028543
2025-06-13,12.714285714285715,26.285714285714285,8.285714285714286,2516.1428571428573,12.857142857142858,12.857142857142856,21.74184085920495,-21.74184085920495
2025-06-14,11.285714285714285,25.714285714285715,8.714285714285715,2517.8571428571427,13.142857142857142,13.142857142857144,22.02002024784352,-22.02002024784352
2025-06-15,9.857142857142858,25.142857142857142,9.142857142857142,2519.5714285714284,13.428571428571429,13.673469387755102,22.28539483923852,-22.530292798422195
2025-06-16,8.428571428571429,24.571428571428573,9.571428571428571,2521.285714285714,13.714285714285714,14.448979591836734,-24.992007839004494,24.257313961453473
2025-06-17,7.0,24.0,10.0,2523.0,14.0,14.65986394557823,-44.6268973503646,43.96703340478637
2025-06-18,7.5,21.5,8.5,2512.0,16.0,14.30612244897959,-17.219894549244145,18.913772100264556
2025-06-19,8.0,19.0,7.0,2501.0,18.0,13.387755102040815,20.791543792326248,-16.179298894367065
2025-06-20,7.666666666666667,17.0,6.333333333333333,2503.3333333333335,14.333333333333334,13.857142857142858,21.74184085920495,-21.265650383014474
2025-06-21,7.333333333333333,15.0,5.666666666666667,2505.6666666666665,10.666666666666668,14.142857142857142,22.02002024784352,-25.496210724033993
2025-06-22,7.0,13.0,5.0,2508.0,7.0,15.285714285714286,22.28539483923852,-30.571109124952805
2025-06-23,3.0,15.0,5.0,2495.0,17.0,17.714285714285715,-24.992007839004494,24.277722124718778
2025-06-24,5.0,20.0,5.0,2489.0,16.0,19.952380952380953,-44.6268973503646,40.67451639798365
2025-06-25,6.0,12.0,2.0,2470.0,24.0,22.0,-17.219894549244145,19.219894549244145
2025-06-26,3.0,9.0,7.0,2447.0,35.0,23.857142857142858,20.791543792326248,-9.648686649469106
2025-06-27,3.6666666666666665,11.666666666666666,7.0,2435.6666666666665,30.0,23.71428571428571,21.74184085920495,-15.45612657349066
2025-06-28,4.333333333333333,14.333333333333332,7.0,2424.3333333333335,25.0,24.57142857142857,22.02002024784352,-21.591448819272088
2025-06-29,5.0,17.0,7.0,2413.0,20.0,26.571428571428566,22.28539483923852,-28.856823410667086
2025-06-30,9.0,22.0,8.0,2407.0,16.0,25.928571428571427,-24.992007839004494,15.063436410433066
2025-07-01,7.0,14.0,6.0,2391.0,22.0,24.928571428571427,-44.6268973503646,41.69832592179317
2025-07-02,8.0,20.0,9.0,2373.0,38.0,23.57142857142857,-17.219894549244145,31.648465977815576
2025-07-03,7.0,19.25,7.25,2362.75,30.5,21.857142857142858,20.791543792326248,-12.148686649469106
2025-07-04,6.0,18.5,5.5,2352.5,23.0,22.428571428571427,21.74184085920495,-21.170412287776376
2025-07-05,5.0,17.75,3.75,2342.25,15.5,22.142857142857142,22.02002024784352,-28.66287739070066
2025-07-06,4.0,17.0,2.0,2332.0,8.0,21.285714285714285,22.28539483923852,-35.571109124952805
2025-07-07,3.0,18.0,8.0,2317.0,20.0,22.5,-24.992007839004494,22.492007839004494
2025-07-08,5.0,16.0,8.0,2306.0,20.0,23.4047619047619,-44.6268973503646,41.2221354456027
2025-07-09,2.0,18.0,0.0,2281.0,32.0,24.0,-17.219894549244145,25.219894549244145
2025-07-10,2.0,12.0,3.0,2252.0,39.0,24.285714285714285,20.791543792326248,-6.077258078040533
2025-07-11,1.6666666666666667,12.333333333333334,3.3333333333333335,2236.0,29.333333333333336,25.142857142857142,21.74184085920495,-17.551364668728755
2025-07-12,1.3333333333333335,12.666666666666666,3.6666666666666665,2220.0,19.666666666666668,24.71428571428571,22.02002024784352,-27.067639295462563
2025-07-13,1.0,13.0,4.0,2204.0,10.0,21.714285714285715,22.28539483923852,-33.999680553524236
2025-07-14,2.0,9.0,1.0,2181.0,26.0,18.57142857142857,-24.992007839004494,32.420579267575924
2025-07-15,0.0,8.0,5.0,2171.0,17.0,16.773809523809526,-44.6268973503646,44.853087826555075
2025-07-16,1.0,9.0,0.0,2164.0,11.0,16.32142857142857,-17.219894549244145,11.898465977815576
2025-07-17,3.0,16.0,2.0,2153.0,17.0,17.214285714285715,20.791543792326248,-21.005829506611963
2025-07-18,3.25,16.5,3.25,2145.0,16.75,15.785714285714285,21.74184085920495,-20.777555144919233
2025-07-19,3.5,17.0,4.5,2137.0,16.5,15.642857142857142,22.02002024784352,-21.16287739070066
2025-07-20,3.75,17.5,5.75,2129.0,16.25,16.07142857142857,22.28539483923852,-22.10682341066709
2025-07-21,4.0,18.0,7.0,2121.0,16.0,17.785714285714285,-24.992007839004494,23.20629355329021
2025-07-22,5.0,13.0,3.0,2117.0,16.0,18.345238095238095,-44.6268973503646,42.281659255126506
2025-07-23,6.0,21.0,5.0,2111.0,14.0,17.75,-17.219894549244145,13.469894549244145
2025-07-24,6.0,18.0,7.0,2096.0,29.0,15.999999999999996,20.791543792326248,-7.7915437923262445
2025-07-25,4.333333333333334,16.0,5.333333333333334,2093.3333333333335,20.666666666666664,15.714285714285712,21.74184085920495,-16.789459906823996
2025-07-26,2.666666666666667,14.0,3.666666666666667,2090.6666666666665,12.333333333333332,15.14285714285714,22.02002024784352,-24.82954405736733
2025-07-27,1.0,12.0,2.0,2088.0,4.0,15.428571428571427,22.28539483923852,-33.71396626780995
2025-07-28,2.0,9.0,3.0,2080.0,14.0,13.428571428571427,-24.992007839004494,25.563436410433066
2025-07-29,2.0,8.0,3.0,2072.0,12.0,12.14285714285714,-44.6268973503646,44.48404020750746
2025-07-30,4.0,15.0,4.0,2063.0,16.0,11.57142857142857,-17.219894549244145,21.648465977815576
2025-07-31,2.0,9.0,6.0,2058.0,15.0,11.714285714285712,20.791543792326248,-17.50582950661196
2025-08-01,3.0,14.666666666666668,5.0,2055.0,11.666666666666668,11.714285714285714,21.74184085920495,-21.789459906823993
2025-08-02,4.0,20.333333333333336,4.0,2052.0,8.333333333333334,12.0,22.02002024784352,-25.686686914510183
2025-08-03,5.0,26.0,3.0,2049.0,5.0,11.571428571428573,22.28539483923852,-28.856823410667094
2025-08-04,5.0,22.0,11.0,2040.0,14.0,11.857142857142858,-24.992007839004494,27.134864981861636
2025-08-05,2.0,21.0,10.0,2042.0,14.0,12.38095238095238,-44.6268973503646,46.24594496941222
2025-08-06,4.0,17.0,3.0,2036.0,13.0,13.142857142857142,-17.219894549244145,17.077037406387003
2025-08-07,4.0,18.0,6.0,2031.0,17.0,14.14285714285714,20.791543792326248,-17.93440093518339
2025-08-08,2.666666666666667,18.0,6.666666666666667,2022.6666666666667,15.333333333333334,14.428571428571427,21.74184085920495,-20.837078954443044
2025-08-09,1.3333333333333335,18.0,7.333333333333333,2014.3333333333333,13.666666666666668,13.714285714285712,22.02002024784352,-22.067639295462563
2025-08-10,0.0,18.0,8.0,2006.0,12.0,14.285714285714283,22.28539483923852,-24.571109124952805
2025-08-11,6.0,23.0,4.0,1999.0,16.0,13.428571428571427,-24.992007839004494,27.563436410433066
2025-08-12,8.0,38.0,9.0,1999.0,9.0,12.428571428571427,-44.6268973503646,41.19832592179317
2025-08-13,6.0,22.0,12.0,1997.0,17.0,11.285714285714285,-17.219894549244145,22.93418026352986
2025-08-14,3.0,27.0,4.0,1994.0,11.0,10.0,20.791543792326248,-19.791543792326248
2025-08-15,3.3333333333333335,22.666666666666668,3.3333333333333335,1993.0,8.333333333333334,9.714285714285715,21.74184085920495,-23.12279324015733
2025-08-16,3.6666666666666665,18.333333333333336,2.666666666666667,1992.0,5.666666666666667,10.0,22.02002024784352,-26.35335358117685
2025-08-17,4.0,14.0,2.0,1991.0,3.0,9.0,22.28539483923852,-28.28539483923852
2025-08-18,4.0,20.0,6.0,1985.0,14.0,10.428571428571429,-24.992007839004494,28.563436410433063
2025-08-19,5.0,35.0,3.0,1980.0,11.0,11.476190476190474,-44.6268973503646,44.150706874174126
2025-08-20,10.0,38.0,10.0,1983.0,10.0,12.142857142857144,-17.219894549244145,15.077037406387001
2025-08-21,6.0,49.0,8.0,1972.0,21.0,12.428571428571427,20.791543792326248,-12.220115220897675
2025-08-22,5.333333333333333,39.66666666666667,7.0,1975.0,15.666666666666668,11.999999999999998,21.74184085920495,-18.075174192538277
2025-08-23,4.666666666666667,30.333333333333336,6.0,1978.0,10.333333333333334,12.57142857142857,22.02002024784352,-24.258115485938752
2025-08-24,4.0,21.0,5.0,1981.0,5.0,13.857142857142856,22.28539483923852,-31.142537696381375
2025-08-25,8.0,30.0,8.0,1980.0,11.0,13.285714285714285,-24.992007839004494,22.70629355329021
2025-08-26,10.0,21.0,20.0,1989.0,15.0,13.047619047619047,-44.6268973503646,46.57927830274555
2025-08-27,5.0,19.0,9.0,1988.0,19.0,13.142857142857142,-17.219894549244145,23.077037406387003
2025-08-28,8.0,33.0,6.0,1984.0,17.0,13.571428571428571,20.791543792326248,-17.36297236375482
2025-08-29,8.5,32.0,8.75,1990.5,14.0,12.714285714285712,21.74184085920495,-20.45612657349066
2025-08-30,9.0,31.0,11.5,1997.0,11.0,11.857142857142854,22.02002024784352,-22.877163104986373
2025-08-31,9.5,30.0,14.25,2003.5,8.0,10.571428571428571,22.28539483923852,-24.85682341066709
2025-09-01,10.0,29.0,17.0,2010.0,5.0,10.142857142857142,-24.992007839004494,19.84915069614735
2025-09-02,6.0,35.0,9.0,2020.0,9.0,9.809523809523808,-44.6268973503646,43.81737354084079
2025-09-03,4.0,29.0,11.0,2019.0,10.0,9.571428571428571,-17.219894549244145,17.648465977815576
2025-09-04,11.0,40.0,2.0,2015.0,14.0,9.428571428571429,20.791543792326248,-16.220115220897675
2025-09-05,8.666666666666668,33.0,4.333333333333333,2018.6666666666667,11.666666666666668,9.571428571428571,21.74184085920495,-19.646602763966854
2025-09-06,6.333333333333334,26.0,6.666666666666666,2022.3333333333333,9.333333333333334,10.285714285714285,22.02002024784352,-22.972401200224468
2025-09-07,4.0,19.0,9.0,2026.0,7.0,11.428571428571429,22.28539483923852,-26.71396626780995
2025-09-08,7.0,25.0,5.0,2025.0,6.0,10.285714285714285,-24.992007839004494,20.70629355329021
2025-09-09,18.0,42.0,11.0,2023.0,14.0,9.428571428571429,-44.6268973503646,49.19832592179317
2025-09-10,10.0,47.0,14.0,2025.0,18.0,8.857142857142858,-17.219894549244145,26.362751692101288
2025-09-11,12.0,38.0,29.0,2047.0,6.0,8.571428571428571,20.791543792326248,-23.36297236375482
2025-09-12,10.333333333333334,38.333333333333336,23.666666666666668,2059.0,5.666666666666667,9.142857142857142,21.74184085920495,-25.218031335395423
2025-09-13,8.666666666666668,38.666666666666664,18.333333333333336,2071.0,5.333333333333333,8.857142857142856,22.02002024784352,-25.54382977165304
2025-09-14,7.0,39.0,13.0,2083.0,5.0,8.142857142857142,22.28539483923852,-25.428251982095663
2025-09-15,9.0,47.0,10.0,2086.0,10.0,9.285714285714285,-24.992007839004494,25.70629355329021
2025-09-16,7.0,28.0,17.0,2095.0,12.0,10.047619047619046,-44.6268973503646,46.57927830274556
2025-09-17,7.0,38.0,5.0,2096.0,13.0,10.428571428571427,-17.219894549244145,19.79132312067272
2025-09-18,20.0,52.0,11.0,2096.0,14.0,10.428571428571427,20.791543792326248,-17.220115220897675
2025-09-19,16.0,46.333333333333336,11.666666666666666,2108.6666666666665,11.0,10.428571428571427,21.74184085920495,-21.170412287776376
2025-09-20,12.0,40.666666666666664,12.333333333333334,2121.3333333333335,8.0,10.857142857142856,22.02002024784352,-24.877163104986373
2025-09-21,8.0,35.0,13.0,2134.0,5.0,11.428571428571427,22.28539483923852,-28.713966267809948
2025-09-22,17.0,40.0,14.0,2141.0,10.0,12.0,-24.992007839004494,22.992007839004494
2025-09-23,11.0,36.0,10.0,2145.0,15.0,12.571428571428571,-44.6268973503646,47.05546877893603
2025-09-24,3.0,38.0,12.0,2138.0,17.0,13.14285714285714,-17.219894549244145,21.077037406387007
2025-09-25,6.0,35.0,12.0,2132.0,18.0,13.714285714285712,20.791543792326248,-16.50582950661196
2025-09-26,7.666666666666666,33.0,12.0,2136.6666666666665,15.0,14.142857142857142,21.74184085920495,-20.88469800206209
2025-09-27,9.333333333333332,31.0,12.0,2141.3333333333335,12.0,13.0,22.02002024784352,-23.02002024784352
2025-09-28,11.0,29.0,12.0,2146.0,9.0,12.571428571428571,22.28539483923852,-25.85682341066709
2025-09-29,8.0,35.0,12.0,2148.0,13.0,12.285714285714285,-24.992007839004494,25.70629355329021
2025-09-30,8.0,32.0,12.0,2159.0,7.0,12.428571428571427,-44.6268973503646,39.19832592179317
2025-10-01,4.0,33.0,12.0,2163.0,14.0,12.999999999999996,-17.219894549244145,18.21989454924415
2025-10-02,20.0,51.0,15.0,2164.0,16.0,13.999999999999996,20.791543792326248,-18.791543792326244
2025-10-03,16.0,43.333333333333336,14.333333333333334,2169.3333333333335,16.0,13.571428571428571,21.74184085920495,-19.313269430633518
2025-10-04,12.0,35.666666666666664,13.666666666666666,2174.6666666666665,16.0,14.0,22.02002024784352,-20.02002024784352
2025-10-05,8.0,28.0,13.0,2180.0,16.0,14.428571428571429,22.28539483923852,-20.71396626780995
2025-10-06,5.0,33.0,15.0,2187.0,10.0,13.857142857142856,-24.992007839004494,21.13486498186164
2025-10-07,11.0,45.0,4.0,2189.0,10.0,13.071428571428571,-44.6268973503646,41.55546877893603
2025-10-08,8.0,49.0,15.0,2192.0,17.0,12.07142857142857,-17.219894549244145,22.148465977815576
2025-10-09,11.0,55.0,13.0,2192.0,12.0,10.857142857142856,20.791543792326248,-19.648686649469106
2025-10-10,10.25,47.25,11.5,2199.75,10.5,10.285714285714286,21.74184085920495,-21.527555144919233
2025-10-11,9.5,39.5,10.0,2207.5,9.0,9.999999999999998,22.02002024784352,-23.02002024784352
2025-10-12,8.75,31.75,8.5,2215.25,7.5,9.714285714285714,22.28539483923852,-24.499680553524236
2025-10-13,8.0,24.0,7.0,2223.0,6.0,9.285714285714285,-24.992007839004494,21.70629355329021
2025-10-14,7.0,30.0,16.0,2235.0,8.0,8.976190476190476,-44.6268973503646,43.650706874174126
2025-10-15,8.0,29.0,10.0,2225.0,15.0,8.785714285714285,-17.219894549244145,23.43418026352986
2025-10-16,9.0,33.0,15.0,2233.0,9.0,8.714285714285714,20.791543792326248,-20.50582950661196
2025-10-17,9.0,33.333333333333336,15.666666666666666,2234.3333333333335,8.333333333333334,8.857142857142858,21.74184085920495,-22.265650383014474
2025-10-18,9.0,33.666666666666664,16.333333333333332,2235.6666666666665,7.666666666666667,9.0,22.02002024784352,-23.35335358117685
2025-10-19,9.0,34.0,17.0,2237.0,7.0,8.571428571428571,22.28539483923852,-23.85682341066709
2025-10-20,10.0,39.0,6.0,2243.0,7.0,9.857142857142858,-24.992007839004494,22.134864981861636
2025-10-21,13.0,39.0,17.0,2251.0,9.0,10.857142857142856,-44.6268973503646,42.76975449322175
2025-10-22,12.0,42.0,13.0,2261.0,12.0,11.571428571428571,-17.219894549244145,17.648465977815576
2025-10-23,4.0,27.0,26.0,2266.0,18.0,12.0,20.791543792326248,-14.791543792326248
2025-10-24,4.0,29.666666666666668,21.333333333333336,2269.3333333333335,15.333333333333334,12.571428571428571,21.74184085920495,-18.979936097300186
2025-10-25,4.0,32.333333333333336,16.666666666666668,2272.6666666666665,12.666666666666668,12.142857142857144,22.02002024784352,-21.496210724033993
2025-10-26,4.0,35.0,12.0,2276.0,10.0,12.857142857142856,22.28539483923852,-25.142537696381375
2025-10-27,2.0,31.0,8.0,2282.0,11.0,11.999999999999998,-24.992007839004494,23.992007839004494
2025-10-28,6.0,22.0,11.0,2286.0,6.0,11.285714285714285,-44.6268973503646,39.341183064650316
2025-10-29,6.0,25.0,4.0,2280.0,17.0,10.714285714285715,-17.219894549244145,23.50560883495843
2025-10-30,3.0,17.0,14.0,2287.0,12.0,10.285714285714285,20.791543792326248,-19.077258078040533
2025-10-31,3.6666666666666665,18.333333333333332,12.666666666666666,2283.6666666666665,10.333333333333334,10.428571428571429,21.74184085920495,-21.837078954443044
2025-11-01,4.333333333333333,19.666666666666668,11.333333333333334,2280.3333333333335,8.666666666666668,10.714285714285714,22.02002024784352,-24.067639295462563
2025-11-02,5.0,21.0,10.0,2277.0,7.0,9.285714285714286,22.28539483923852,-24.571109124952805
2025-11-03,3.0,28.0,5.0,2269.0,12.0,10.285714285714285,-24.992007839004494,26.70629355329021
2025-11-04,6.0,33.0,6.0,2270.0,8.0,10.809523809523808,-44.6268973503646,41.81737354084079
2025-11-05,8.0,41.0,8.0,2272.0,7.0,10.857142857142858,-17.219894549244145,13.362751692101288
2025-11-06,6.0,33.0,9.0,2264.0,19.0,10.428571428571429,20.791543792326248,-12.220115220897677
2025-11-07,7.666666666666666,33.0,7.666666666666667,2274.0,14.0,10.0,21.74184085920495,-17.74184085920495
2025-11-08,9.333333333333332,33.0,6.333333333333334,2284.0,9.0,10.857142857142856,22.02002024784352,-23.877163104986373
2025-11-09,11.0,33.0,5.0,2294.0,4.0,10.857142857142856,22.28539483923852,-29.142537696381375
2025-11-10,11.0,36.0,8.5,2294.0,9.0,8.857142857142856,-24.992007839004494,25.13486498186164
2025-11-11,11.0,39.0,12.0,2294.0,14.0,7.571428571428571,-44.6268973503646,51.05546877893603
2025-11-12,14.0,48.0,20.0,2302.0,7.0,7.0,-17.219894549244145,17.219894549244145
2025-11-13,6.0,26.0,16.0,2317.0,5.0,7.142857142857143,20.791543792326248,-22.93440093518339
2025-11-14,5.666666666666667,24.666666666666668,11.666666666666668,2324.6666666666665,5.0,7.0,21.74184085920495,-23.74184085920495
2025-11-15,5.333333333333333,23.333333333333332,7.333333333333334,2332.3333333333335,5.0,6.714285714285714,22.02002024784352,-23.734305962129234
2025-11-16,5.0,22.0,3.0,2340.0,5.0,7.142857142857142,22.28539483923852,-24.428251982095663
2025-11-17,1.0,35.0,6.0,2343.0,8.0,7.714285714285713,-24.992007839004494,25.27772212471878
2025-11-18,2.0,38.0,8.0,2345.0,12.0,7.904761904761904,-44.6268973503646,48.722135445602696
2025-11-19,7.0,32.0,3.0,2340.0,10.0,7.714285714285714,-17.219894549244145,19.50560883495843
2025-11-20,18.0,57.0,8.0,2340.0,9.0,7.142857142857142,20.791543792326248,-18.93440093518339
2025-11-21,13.0,53.333333333333336,12.666666666666666,2351.6666666666665,6.333333333333334,7.857142857142857,21.74184085920495,-23.26565038301447
2025-11-22,8.0,49.666666666666664,17.333333333333332,2363.3333333333335,3.666666666666667,7.7142857142857135,22.02002024784352,-26.067639295462566
2025-11-23,3.0,46.0,22.0,2375.0,1.0,7.57142857142857,22.28539483923852,-28.85682341066709
2025-11-24,9.0,40.0,9.0,2371.0,13.0,7.285714285714286,-24.992007839004494,30.70629355329021
2025-11-25,6.0,47.0,14.0,2375.0,11.0,7.0476190476190474,-44.6268973503646,48.57927830274555
2025-11-26,5.0,35.5,11.0,2382.0,9.0,6.857142857142857,-17.219894549244145,19.362751692101288
2025-11-27,4.0,24.0,8.0,2389.0,7.0,6.7142857142857135,20.791543792326248,-20.50582950661196
2025-11-28,4.0,22.0,8.666666666666666,2397.6666666666665,4.666666666666667,6.142857142857142,21.74184085920495,-23.218031335395423
2025-11-29,4.0,20.0,9.333333333333334,2406.3333333333335,2.333333333333334,5.7142857142857135,22.02002024784352,-25.4009726287959
2025-11-30,4.0,18.0,10.0,2415.0,0.0,5.428571428571429,22.28539483923852,-27.71396626780995
2025-12-01,4.0,26.0,4.0,2410.0,9.0,6.285714285714286,-24.992007839004494,27.70629355329021
2025-12-02,7.0,34.0,6.0,2407.0,8.0,7.428571428571428,-44.6268973503646,45.19832592179317
2025-12-03,4.0,32.0,8.0,2419.0,7.0,8.857142857142858,-17.219894549244145,15.362751692101288
2025-12-04,16.0,39.0,7.0,2418.0,13.0,10.571428571428571,20.791543792326248,-18.36297236375482
2025-12-05,12.0,34.0,9.0,2421.6666666666665,12.666666666666666,9.857142857142856,21.74184085920495,-18.93231704968114
2025-12-06,8.0,29.0,11.0,2425.3333333333335,12.333333333333334,9.857142857142856,22.02002024784352,-19.54382977165304
2025-12-07,4.0,24.0,13.0,2429.0,12.0,10.142857142857142,22.28539483923852,-20.428251982095663
2025-12-08,9.0,27.0,9.0,2440.0,4.0,9.714285714285714,-24.992007839004494,19.277722124718778
2025-12-09,4.0,30.0,7.0,2443.0,8.0,9.238095238095237,-44.6268973503646,43.38880211226936
2025-12-10,10.0,54.0,5.0,2439.0,9.0,8.714285714285714,-17.219894549244145,17.50560883495843
2025-12-11,7.0,47.0,9.0,2437.0,10.0,8.142857142857142,20.791543792326248,-18.93440093518339
2025-12-12,7.333333333333333,43.0,7.333333333333334,2445.3333333333335,9.333333333333334,8.571428571428571,21.74184085920495,-20.979936097300186
2025-12-13,7.666666666666667,39.0,5.666666666666667,2453.6666666666665,8.666666666666666,8.714285714285715,22.02002024784352,-22.06763929546257
2025-12-14,8.0,35.0,4.0,2462.0,8.0,8.857142857142856,22.28539483923852,-23.142537696381375
2025-12-15,11.0,42.0,9.0,2470.0,7.0,9.714285714285712,-24.992007839004494,22.27772212471878
2025-12-16,8.0,54.0,15.0,2468.0,9.0,10.57142857142857,-44.6268973503646,43.05546877893603
2025-12-17,7.0,31.0,11.0,2481.0,10.0,11.428571428571427,-17.219894549244145,15.791323120672718
2025-12-18,11.0,50.0,6.0,2472.0,16.0,12.285714285714285,20.791543792326248,-17.077258078040533
2025-12-19,9.333333333333334,39.333333333333336,7.666666666666666,2476.0,15.333333333333334,12.08163265306132,21.74184085920495,-18.490140178932933
2025-12-20,7.666666666666667,28.666666666666668,9.333333333333332,2480.0,14.666666666666666,12.612244897959272,22.02002024784352,-19.965598479136126
2025-12-21,6.0,18.0,11.0,2484.0,14.0,13.14285714285711,22.28539483923852,-21.42825198209563
