Date,Children apprehended and placed in CBP custody,Children in CBP custody,Children transferred out of CBP custody,Children in HHS Care,Children discharged from HHS Care,care_load_trend,care_load_seasonal,care_load_residual,Children in HHS Care_lag_1,Children in HHS Care_lag_7,Children in HHS Care_lag_14,Children discharged from HHS Care_lag_1,Children discharged from HHS Care_lag_7,Children discharged from HHS Care_lag_14,Children transferred out of CBP custody_lag_1,Children transferred out of CBP custody_lag_7,Children transferred out of CBP custody_lag_14,Children in CBP custody_lag_1,Children in CBP custody_lag_7,Children in CBP custody_lag_14,Children apprehended and placed in CBP custody_lag_1,Children apprehended and placed in CBP custody_lag_7,Children apprehended and placed in CBP custody_lag_14,Children in HHS Care_rolling_mean_7,Children in HHS Care_rolling_var_7,Children in HHS Care_rolling_mean_14,Children in HHS Care_rolling_var_14,Children discharged from HHS Care_rolling_mean_7,Children discharged from HHS Care_rolling_var_7,Children discharged from HHS Care_rolling_mean_14,Children discharged from HHS Care_rolling_var_14,Children transferred out of CBP custody_rolling_mean_7,Children transferred out of CBP custody_rolling_var_7,Children transferred out of CBP custody_rolling_mean_14,Children transferred out of CBP custody_rolling_var_14,Children apprehended and placed in CBP custody_rolling_mean_7,Children apprehended and placed in CBP custody_rolling_var_7,Children apprehended and placed in CBP custody_rolling_mean_14,Children apprehended and placed in CBP custody_rolling_var_14,net_pressure,net_pressure_lag_1,net_pressure_lag_7,net_pressure_lag_14,net_pressure_rolling_mean_7,net_pressure_rolling_var_7,net_pressure_rolling_mean_14,net_pressure_rolling_var_14,day_of_week,month,is_weekend,quarter,day_of_year,dow_sin,dow_cos,month_sin,month_cos,doy_sin,doy_cos
2023-01-26,20.75,27.75,33.5,7521.5,210.75,223.35714285714283,20.791543792326248,-33.398686649469084,7538.0,6955.2,6566.0,180.0,289.7,436.0,41.0,37.5,34.0,22.0,50.2,53.0,20.0,32.3,33.0,7200.771428571429,49097.57904761721,6966.785714285715,88279.5351648345,224.20000000000002,2181.5766666667023,298.75,7932.921153846167,40.0,10.749999999999986,37.75,10.951923076923075,32.51428571428571,61.21476190476191,32.607142857142854,28.28379120879121,-177.25,-139.0,-252.2,-402.0,-184.20000000000002,2404.5600000000304,-261.0,8448.123076923092,3,1,0,1,26,0.43388373911755823,-0.900968867902419,0.0,1.0,0.4169258813287287,0.908940487313808
2023-01-27,21.5,33.5,26.0,7505.0,241.5,225.5,21.74184085920495,-5.74184085920492,7521.5,7010.8,6621.6,210.75,268.79999999999995,415.1,33.5,38.0,34.5,27.75,49.8,52.6,20.75,32.2,32.9,7281.671428571428,48555.54904761693,7035.035714285715,94576.91016483433,212.92142857142858,1348.2782142857534,282.6607142857143,6800.792376373642,39.42857142857143,16.369047619047596,37.714285714285715,11.258241758241756,30.864285714285717,81.09726190476194,31.732142857142858,38.262156593406615,-215.5,-177.25,-230.79999999999995,-380.6,-173.49285714285716,1508.193690476223,-244.94642857142858,7180.8171016483675,4,1,0,1,27,-0.433883739117558,-0.9009688679024191,0.0,1.0,0.4324994021339788,0.901634220265486
2023-01-28,22.25,39.25,18.5,7488.5,272.25,223.07142857142856,22.02002024784352,27.15855118072793,7505.0,7066.4,6677.2,241.5,247.9,394.2,26.0,38.5,35.0,33.5,49.4,52.2,21.5,32.1,32.8,7352.271428571429,38824.51571428348,7098.135714285714,94130.35631868034,209.02142857142857,946.2532142857553,270.2607142857143,5416.2846840659495,37.714285714285715,42.65476190476185,37.107142857142854,20.622252747252745,29.335714285714285,92.68892857142866,30.917857142857144,45.496771978022025,-253.75,-215.5,-209.4,-359.2,-171.30714285714288,1249.3686904762242,-233.15357142857144,5682.217101648368,5,1,1,1,28,-0.9749279121818236,-0.2225209339563146,0.0,1.0,0.44794493940789115,0.8940611451454876
2023-01-29,23.0,45.0,11.0,7472.0,303.0,230.35714285714283,22.28539483923852,50.35746230361865,7488.5,7122.0,6732.8,272.25,227.0,373.3,18.5,39.0,35.5,39.25,49.0,51.8,22.25,32.0,32.7,7412.571428571428,24055.035714283327,7156.085714285714,88605.93824175706,212.5,1346.5208333333733,261.55,4153.264615384633,34.857142857142854,94.55952380952374,35.92857142857143,45.4175824175824,27.928571428571427,97.4732142857144,30.164285714285715,50.39208791208797,-292.0,-253.75,-188.0,-337.8,-177.64285714285714,2093.4970238095557,-225.62142857142857,4431.620659340677,6,1,1,1,29,-0.7818314824680299,0.6234898018587334,0.0,1.0,0.4632579225674917,0.88622350294858
2023-01-30,34.0,54.0,29.0,7743.0,196.0,242.82142857142856,-24.992007839004494,-21.82942073242406,7472.0,7280.0,6788.4,303.0,181.0,352.4,11.0,39.0,36.0,45.0,50.0,51.4,23.0,32.0,32.6,7462.571428571428,7655.035714283237,7208.885714285714,79498.34439560307,223.35714285714286,2538.9970238095607,256.5285714285714,3297.6518131868306,30.857142857142858,167.89285714285705,34.17857142857143,89.907967032967,26.642857142857142,96.83035714285728,29.47142857142857,53.32873626373634,-167.0,-292.0,-142.0,-316.4,-192.5,3997.6875000000277,-222.35,3791.0246153846338,0,1,0,1,30,0.0,1.0,0.0,1.0,0.4784338202547012,0.8781236129591848
2023-01-31,26.0,36.0,36.0,7803.0,158.0,252.9880952380952,-44.6268973503646,-50.36119788773061,7743.0,7433.0,6844.0,196.0,175.0,331.5,29.0,47.0,36.5,54.0,42.0,51.0,34.0,47.0,32.5,7528.714285714285,10102.321428568843,7277.071428571428,82835.24835164673,225.5,2359.354166666703,245.35714285714286,2738.0491758241956,29.428571428571427,155.0357142857142,33.67857142857143,91.44642857142851,26.928571428571427,100.9732142857144,29.571428571428573,54.14258241758249,-122.0,-167.0,-128.0,-295.0,-196.07142857142858,3666.1398809524085,-211.67857142857142,3223.632967032988,1,1,0,1,31,0.7818314824680298,0.6234898018587336,0.0,1.0,0.49346814167723735,0.8697638720650646
2023-02-01,25.0,32.0,27.0,7903.0,231.0,260.85714285714283,-17.219894549244145,-12.637248307898687,7803.0,7538.0,6899.6,158.0,180.0,310.6,36.0,41.0,37.0,36.0,22.0,50.6,26.0,20.0,32.4,7581.571428571428,17854.702380949773,7345.571428571428,84632.05604395419,223.07142857142858,2686.8065476190845,232.96428571428572,2588.858241758264,27.857142857142858,107.89285714285704,33.642857142857146,91.24725274725269,23.928571428571427,23.473214285714477,29.107142857142858,54.231868131868204,-204.0,-122.0,-139.0,-273.6,-195.21428571428572,3807.4255952381227,-199.32142857142858,3143.7868131868363,2,2,0,1,32,0.9749279121818236,-0.22252093395631434,0.49999999999999994,0.8660254037844387,0.5083564379375122,0.8611467540480452
2023-02-02,15.0,13.0,23.0,7879.0,298.0,266.4285714285714,20.791543792326248,10.779884779102364,7903.0,7521.5,6955.2,231.0,210.75,289.7,27.0,33.5,37.5,32.0,27.75,50.2,25.0,20.75,32.3,7633.714285714285,31585.65476190219,7417.242857142856,87702.901098899,230.35714285714286,2326.163690476226,227.27857142857144,2090.702197802221,25.857142857142858,74.5595238095237,32.92857142857143,93.22527472527464,24.642857142857142,20.497023809523984,28.57857142857143,54.394505494505566,-275.0,-204.0,-177.25,-252.2,-204.5,3193.020833333358,-194.35,2694.4461538461774,3,2,0,1,33,0.43388373911755823,-0.900968867902419,0.49999999999999994,0.8660254037844387,0.5230943033491326,0.8522748088519838
2023-02-03,15.333333333333334,14.666666666666666,20.33333333333333,7781.333333333333,312.6666666666667,266.42857142857144,21.74184085920495,24.49625437889029,7879.0,7505.0,7010.8,298.0,241.5,268.79999999999995,23.0,26.0,38.0,13.0,33.5,49.8,15.0,21.5,32.2,7684.785714285715,36471.48809523558,7483.228571428571,82993.55142856903,242.82142857142858,2843.431547619079,227.87142857142857,2175.330274725298,24.357142857142858,63.559523809523704,31.892857142857142,98.04532967032956,23.821428571428573,32.68154761904781,27.342857142857145,65.86763736263745,-292.33333333333337,-275.0,-215.5,-230.79999999999995,-218.46428571428572,3670.133928571449,-195.97857142857143,2934.4975824176063,4,2,0,1,34,-0.433883739117558,-0.9009688679024191,0.49999999999999994,0.8660254037844387,0.5376773767406141,0.8431506618282
2023-02-04,15.666666666666666,16.333333333333332,17.666666666666668,7683.666666666667,327.3333333333333,272.42857142857144,22.02002024784352,32.88474165691835,7781.333333333333,7488.5,7066.4,312.6666666666667,272.25,247.9,20.33333333333333,18.5,38.5,14.666666666666666,39.25,49.4,15.333333333333334,22.25,32.1,7724.2619047619055,30819.813492061043,7538.2666666666655,69398.859658117,252.98809523809524,3535.612103174632,231.0047619047619,2588.994548229571,23.547619047619044,65.04365079365068,30.63095238095238,103.74007936507925,22.940476190476193,42.8859126984129,26.13809523809524,73.58429181929192,-309.66666666666663,-292.33333333333337,-253.75,-209.4,-229.4404761904762,4437.552579365096,-200.37380952380954,3534.594090354114,5,2,1,1,35,-0.9749279121818236,-0.2225209339563146,0.49999999999999994,0.8660254037844387,0.5521013427459208,0.8337770129585915
2023-02-05,16.0,18.0,15.0,7586.0,342.0,284.7142857142857,22.28539483923852,35.00031944647576,7683.666666666667,7472.0,7122.0,327.3333333333333,303.0,227.0,17.666666666666668,11.0,39.0,16.333333333333332,45.0,49.0,15.666666666666666,23.0,32.0,7752.142857142857,20923.624338621947,7582.357142857143,51804.04639804347,260.85714285714283,4322.735449735476,236.67857142857142,3246.1526251526466,23.428571428571427,66.54497354497344,29.142857142857142,109.52075702075686,22.0,50.59259259259281,24.964285714285715,77.80097680097693,-327.0,-309.66666666666663,-292.0,-188.0,-237.42857142857142,5337.322751322764,-207.53571428571428,4391.929181929203,6,2,1,1,36,-0.7818314824680299,0.6234898018587334,0.49999999999999994,0.8660254037844387,0.5663619330814524,0.8241566360566663
2023-02-06,11.0,22.0,12.0,7720.0,196.0,292.57142857142856,-24.992007839004494,-71.57942073242407,7586.0,7743.0,7280.0,342.0,196.0,181.0,15.0,29.0,39.0,18.0,54.0,50.0,16.0,34.0,32.0,7768.428571428572,12134.767195764827,7615.5,34319.914529911446,266.42857142857144,5087.878306878332,244.89285714285714,4019.5592185592386,24.0,52.25925925925915,27.428571428571427,114.26800976800956,21.0,55.259259259259494,23.821428571428573,78.7680097680099,-184.0,-327.0,-167.0,-142.0,-242.42857142857142,6148.989417989428,-217.46428571428572,5354.236874236892,0,2,0,1,37,0.0,1.0,0.49999999999999994,0.8660254037844387,0.580454927809098,0.8142923779467267
2023-02-07,16.0,20.0,20.0,7855.0,200.0,296.6190476190476,-44.6268973503646,-51.99215026868299,7720.0,7803.0,7433.0,196.0,158.0,175.0,12.0,36.0,47.0,22.0,36.0,42.0,11.0,26.0,47.0,7765.142857142857,12405.291005288644,7646.928571428572,25437.716727713516,266.42857142857144,5087.878306878332,245.96428571428572,3888.1855921856118,21.571428571428573,65.21164021164013,25.5,118.27350427350402,17.714285714285715,31.16402116402146,22.321428571428573,83.844932844933,-180.0,-184.0,-122.0,-128.0,-244.85714285714286,5762.84656084657,-220.46428571428572,4992.621489621506,1,2,0,1,38,0.7818314824680298,0.6234898018587336,0.49999999999999994,0.8660254037844387,0.5943761565849831,0.804187157621448
2023-02-08,93.0,196.0,169.0,7915.0,317.0,296.85714285714283,-17.219894549244145,37.36275169210131,7855.0,7903.0,7538.0,200.0,231.0,180.0,20.0,27.0,41.0,20.0,32.0,22.0,16.0,25.0,20.0,7772.571428571428,13447.767195764822,7677.071428571428,24269.10134309802,272.42857142857144,3821.878306878331,247.75,3659.888888888908,19.285714285714285,24.83068783068777,23.571428571428573,81.03724053724024,16.285714285714285,17.830687830688152,20.107142857142858,34.78998778998796,-148.0,-180.0,-204.0,-139.0,-253.14285714285714,3868.179894179901,-224.17857142857142,4446.050061050077,2,2,0,1,39,0.9749279121818236,-0.22252093395631434,0.49999999999999994,0.8660254037844387,0.6081214998935418,0.7938439653781019
2023-02-09,124.0,234.0,161.0,7908.0,353.0,293.2857142857143,20.791543792326248,38.92274192195947,7915.0,7879.0,7521.5,317.0,298.0,210.75,169.0,23.0,33.5,196.0,13.0,27.75,93.0,15.0,20.75,7774.285714285715,13990.052910050545,7704.0,26355.029914526498,284.7142857142857,3690.83068783071,257.5357142857143,3572.5702075702243,39.57142857142857,3270.544973544973,32.714285714285715,1594.5317460317458,26.0,875.9259259259261,25.321428571428573,414.2295482295484,-192.0,-148.0,-275.0,-177.25,-245.14285714285714,5233.513227513237,-224.82142857142858,4333.89621489623,3,2,0,1,40,0.43388373911755823,-0.900968867902419,0.49999999999999994,0.8660254037844387,0.6216868902665479,0.7832658619336791
2023-02-10,113.33333333333331,223.66666666666663,165.0,7750.0,341.0,300.1428571428571,21.74184085920495,19.11530199793794,7908.0,7781.333333333333,7505.0,353.0,312.6666666666667,241.5,161.0,20.33333333333333,26.0,234.0,14.666666666666666,33.5,124.0,15.333333333333334,21.5,7778.428571428572,15122.433862431499,7731.607142857143,26173.459859581322,292.57142857142856,4366.544973544995,267.69642857142856,3994.0444520757164,59.285714285714285,5228.830687830687,41.82142857142857,2771.104548229548,41.57142857142857,2173.5449735449733,32.69642857142857,1103.0829136141635,-176.0,-192.0,-292.33333333333337,-215.5,-233.28571428571428,5391.6084656084795,-225.875,4241.485844017109,4,2,0,1,41,-0.433883739117558,-0.9009688679024191,0.49999999999999994,0.8660254037844387,0.6350683134867438,0.7724559775191742
2023-02-11,102.66666666666669,213.33333333333331,169.0,7592.0,329.0,303.4285714285714,22.02002024784352,3.5514083235850933,7750.0,7683.666666666667,7488.5,341.0,327.3333333333333,272.25,165.0,17.666666666666668,18.5,223.66666666666663,16.333333333333332,39.25,113.33333333333331,15.666666666666666,22.25,7773.952380952381,15232.349206346842,7749.107142857143,21919.613705735093,296.6190476190476,4671.015873015894,274.80357142857144,4300.198298229561,79.95238095238096,6340.2380952380945,51.75,3812.8408119658125,55.57142857142857,2688.4338624338616,39.25595238095237,1547.2804105616601,-160.0,-176.0,-309.66666666666663,-253.75,-216.66666666666666,5035.22222222224,-223.05357142857142,4415.980349511616,5,2,1,1,42,-0.9749279121818236,-0.2225209339563146,0.49999999999999994,0.8660254037844387,0.6482618097757122,0.7614175109532997
2023-02-12,92.0,203.0,173.0,7434.0,317.0,299.57142857142856,22.28539483923852,-4.856823410667076,7592.0,7586.0,7472.0,329.0,342.0,303.0,169.0,15.0,11.0,213.33333333333331,18.0,45.0,102.66666666666669,16.0,23.0,7760.857142857143,19191.476190473844,7756.5,18535.106837603187,296.85714285714283,4688.476190476212,278.85714285714283,4507.9438339438475,101.57142857142857,6469.952380952379,62.5,4660.850427350429,68.0,2612.4814814814804,45.0,1798.8034188034185,-144.0,-160.0,-327.0,-292.0,-195.28571428571428,3595.5714285714544,-216.35714285714286,4601.033577533595,6,2,1,1,43,-0.7818314824680299,0.6234898018587334,0.49999999999999994,0.8660254037844387,0.6612634749656386,0.7501537286959042
2023-02-13,186.0,259.0,172.0,7483.0,244.0,300.7142857142857,-24.992007839004494,-31.72227787528123,7434.0,7720.0,7743.0,317.0,196.0,196.0,173.0,12.0,29.0,203.0,22.0,54.0,92.0,11.0,34.0,7739.142857142857,31351.476190473822,7753.785714285715,20301.48046397681,293.2857142857143,4401.57142857145,279.85714285714283,4573.9438339438475,124.14285714285714,5476.809523809522,74.07142857142857,5251.883394383395,78.85714285714286,2120.2910052910042,49.92857142857143,1905.3363858363855,-72.0,-144.0,-184.0,-167.0,-169.14285714285714,345.142857142891,-205.78571428571428,4443.275335775356,0,2,0,1,44,0.0,1.0,0.49999999999999994,0.8660254037844387,0.6740694616546161,0.7386679638813748
2023-02-14,154.0,225.0,220.0,7794.0,223.0,298.1428571428571,-44.6268973503646,-30.51595979249251,7483.0,7855.0,7803.0,244.0,200.0,158.0,172.0,20.0,36.0,259.0,20.0,36.0,186.0,16.0,26.0,7705.285714285715,40887.90476190236,7735.214285714285,25561.48046397684,300.14285714285717,3174.1428571428783,283.2857142857143,4119.262515262528,147.0,3152.9999999999977,84.28571428571429,5720.9548229548245,103.85714285714286,2536.95767195767,60.785714285714285,3183.1385836385834,-3.0,-72.0,-180.0,-122.0,-153.14285714285714,1582.4761904762297,-199.0,5654.786324786347,1,2,0,1,45,0.7818314824680298,0.6234898018587336,0.49999999999999994,0.8660254037844387,0.6866759803451553,0.726963615332308
2023-02-15,91.0,199.0,172.0,7869.0,290.0,291.85714285714283,-17.219894549244145,15.362751692101313,7794.0,7915.0,7903.0,223.0,317.0,231.0,220.0,169.0,27.0,225.0,196.0,32.0,154.0,93.0,25.0,7696.571428571428,38375.2857142833,7734.571428571428,25473.409035405413,303.42857142857144,2481.9523809524017,287.92857142857144,3168.191086691099,175.57142857142858,400.61904761904583,97.42857142857143,6772.383394383395,123.57142857142857,1216.100529100526,69.92857142857143,3668.4133089133084,-118.0,-3.0,-148.0,-204.0,-127.85714285714286,4473.476190476238,-190.5,8075.978632478656,2,2,0,1,46,0.9749279121818236,-0.22252093395631434,0.49999999999999994,0.8660254037844387,0.6990793005655562,0.7150441465537444
2023-02-16,81.0,213.0,153.0,7793.0,361.0,281.8571428571429,20.791543792326248,58.35131335053086,7869.0,7908.0,7879.0,290.0,353.0,298.0,172.0,161.0,23.0,199.0,234.0,13.0,91.0,124.0,15.0,7690.0,35328.333333330935,7732.142857142857,24674.96947496586,299.57142857142856,2463.9523809524017,292.14285714285717,2900.097680097693,176.0,395.3333333333315,107.78571428571429,6703.070207570208,123.28571428571429,1237.052910052907,74.64285714285714,3523.358363858363,-208.0,-118.0,-192.0,-275.0,-123.57142857142857,4400.619047619096,-184.35714285714286,8425.648962148987,3,2,0,1,47,0.43388373911755823,-0.900968867902419,0.49999999999999994,0.8660254037844387,0.7112757519738152,0.7029130847082615
2023-02-17,113.0,231.0,160.75,7799.0,323.0,276.85714285714283,21.74184085920495,24.40101628365222,7793.0,7750.0,7781.333333333333,361.0,341.0,312.6666666666667,153.0,165.0,20.33333333333333,213.0,223.66666666666663,14.666666666666666,81.0,113.33333333333331,15.333333333333334,7673.571428571428,28860.952380949937,7726.0,23260.222222218617,300.7142857142857,2615.571428571449,296.64285714285717,3240.3669108669233,174.85714285714286,444.4761904761887,117.07142857142857,6214.49877899878,117.14285714285714,1490.9576719576692,79.35714285714286,3228.8968253968246,-162.25,-208.0,-176.0,-292.33333333333337,-125.85714285714286,4802.142857142905,-179.57142857142858,7811.973137973166,4,2,0,1,48,-0.433883739117558,-0.9009688679024191,0.49999999999999994,0.8660254037844387,0.7232617254437388,0.6905740195722293
2023-02-18,145.0,249.0,168.5,7805.0,285.0,275.42857142857144,22.02002024784352,-12.448591676414964,7799.0,7592.0,7683.666666666667,323.0,329.0,327.3333333333333,160.75,169.0,17.666666666666668,231.0,213.33333333333331,16.333333333333332,113.0,102.66666666666669,15.666666666666666,7680.571428571428,30452.285714283276,7727.2619047619055,23432.90903540543,298.14285714285717,2420.1428571428783,297.3809523809524,3273.467643467656,174.25,461.0208333333315,127.10119047619048,5533.053609584861,117.0952380952381,1491.3968253968226,86.33333333333334,2948.2393162393155,-116.5,-162.25,-160.0,-309.66666666666663,-123.89285714285714,4599.330357142906,-170.2797619047619,6763.9803495116275,5,2,1,1,49,-0.9749279121818236,-0.2225209339563146,0.49999999999999994,0.8660254037844387,0.7350336741329413,0.6780306024735382
2023-02-19,177.0,267.0,176.25,7811.0,247.0,267.1428571428571,22.28539483923852,-42.42825198209563,7805.0,7434.0,7586.0,285.0,317.0,342.0,168.5,173.0,15.0,249.0,203.0,18.0,145.0,92.0,16.0,7711.0,30644.99999999757,7735.928571428572,23670.68681318321,291.85714285714283,2244.1428571428783,294.35714285714283,3206.4010989011117,174.17857142857142,461.93154761904583,137.875,4618.661057692309,123.14285714285714,1543.809523809521,95.57142857142857,2736.947496947496,-70.75,-116.5,-144.0,-327.0,-117.67857142857143,4346.098214285766,-156.48214285714286,5286.927541208822,6,2,1,1,50,-0.7818314824680299,0.6234898018587334,0.49999999999999994,0.8660254037844387,0.746588114532413,0.6652865452111116
2023-02-20,209.0,285.0,184.0,7817.0,209.0,270.71428571428567,-24.992007839004494,-36.72227787528117,7811.0,7483.0,7720.0,247.0,244.0,196.0,176.25,172.0,12.0,267.0,259.0,22.0,177.0,186.0,11.0,7764.857142857143,16139.476190473744,7752.0,22096.92307691946,281.85714285714283,2357.4761904762113,287.57142857142856,3154.725274725287,174.64285714285714,462.1636904761886,149.39285714285714,3427.6703296703317,135.28571428571428,1693.5714285714248,107.07142857142857,2617.5244200244197,-25.0,-70.75,-72.0,-184.0,-107.21428571428571,4469.925595238149,-138.17857142857142,3254.8791208791545,0,2,0,1,51,0.0,1.0,0.49999999999999994,0.8660254037844387,0.7579216274973472,0.6523456189565257
2023-02-21,184.0,314.0,217.0,7967.0,213.0,276.71428571428567,-44.6268973503646,-19.087388363921065,7817.0,7794.0,7855.0,209.0,223.0,200.0,184.0,220.0,20.0,285.0,225.0,20.0,209.0,154.0,16.0,7812.571428571428,695.9523809498907,7758.928571428572,22291.456043952418,276.85714285714283,2974.1428571428773,288.5,2983.6538461538585,176.35714285714286,472.1636904761887,161.67857142857142,1905.1868131868155,138.57142857142858,2157.952380952377,121.21428571428571,2491.326617826618,4.0,-25.0,-3.0,-180.0,-100.5,5337.1875000000555,-126.82142857142857,3939.802197802234,1,2,0,1,52,0.7818314824680298,0.6234898018587336,0.49999999999999994,0.8660254037844387,0.7690308592589181,0.6392116531380588
2023-02-22,107.0,215.0,230.0,7978.0,232.0,285.1428571428571,-17.219894549244145,-35.922962593612965,7967.0,7869.0,7915.0,213.0,290.0,317.0,217.0,172.0,169.0,314.0,199.0,196.0,184.0,91.0,93.0,7837.285714285715,3900.5714285688723,7766.928571428572,24842.840659337027,275.42857142857144,3167.952380952401,289.42857142857144,2818.725274725287,175.92857142857142,429.8065476190457,175.75,383.307692307695,142.85714285714286,2440.8095238095198,133.21428571428572,1787.942002442003,-2.0,4.0,-118.0,-148.0,-99.5,5571.6875000000555,-113.67857142857143,4852.725274725313,2,2,0,1,53,0.9749279121818236,-0.22252093395631434,0.49999999999999994,0.8660254037844387,0.7799125224167177,0.6258885343075018
2023-02-23,101.0,162.0,178.0,7914.0,386.0,296.0,20.791543792326248,69.20845620767375,7978.0,7793.0,7908.0,232.0,361.0,353.0,230.0,153.0,161.0,215.0,213.0,234.0,107.0,81.0,124.0,7852.857142857143,6750.142857140253,7771.428571428572,26561.494505490875,267.14285714285717,3366.8095238095434,283.35714285714283,2974.2472527472655,184.21428571428572,834.4255952380936,180.10714285714286,585.7472527472554,145.14285714285714,2200.8095238095198,134.21428571428572,1715.3266178266183,-208.0,-2.0,-208.0,-192.0,-82.92857142857143,6778.639880952441,-103.25,5604.384615384655,3,2,0,1,54,0.43388373911755823,-0.900968867902419,0.49999999999999994,0.8660254037844387,0.7905633969115482,0.612380204990065
2023-02-24,100.33333333333331,171.33333333333334,177.33333333333334,7812.333333333333,365.0,301.57142857142856,21.74184085920495,41.686730569366496,7914.0,7799.0,7750.0,386.0,323.0,341.0,178.0,160.75,165.0,162.0,231.0,223.66666666666663,101.0,113.0,113.33333333333331,7870.142857142857,6427.476190473532,7771.857142857143,26690.131868128236,270.7142857142857,4238.238095238116,285.7142857142857,3405.604395604408,187.78571428571428,663.5922619047604,181.32142857142858,556.417582417585,148.0,1830.3333333333292,132.57142857142858,1789.2551892551896,-187.66666666666666,-208.0,-162.25,-176.0,-82.92857142857143,6778.639880952441,-104.39285714285714,5841.131868131908,4,2,0,1,55,-0.433883739117558,-0.9009688679024191,0.49999999999999994,0.8660254037844387,0.8009803309782905,0.5986906625177214
2023-02-25,99.66666666666669,180.66666666666663,176.66666666666666,7710.666666666667,344.0,299.71428571428567,22.02002024784352,22.265694037870816,7812.333333333333,7805.0,7592.0,365.0,285.0,329.0,177.33333333333334,168.5,169.0,171.33333333333334,249.0,213.33333333333331,100.33333333333331,145.0,102.66666666666669,7872.047619047619,6136.682539679877,7776.309523809524,26758.05921855558,276.7142857142857,5222.238095238117,287.42857142857144,3650.879120879134,190.15476190476193,553.4315476190462,182.20238095238096,536.3137973137999,146.19047619047618,2001.0317460317422,131.64285714285714,1839.802808302809,-167.33333333333334,-187.66666666666666,-116.5,-160.0,-86.55952380952381,7542.955357142916,-105.22619047619048,5979.37973137977,5,2,1,1,56,-0.9749279121818236,-0.2225209339563146,0.49999999999999994,0.8660254037844387,0.8111602420785621,0.5848239578463322
2023-02-26,99.0,190.0,176.0,7609.0,323.0,310.4285714285714,22.28539483923852,-9.713966267809909,7710.666666666667,7811.0,7434.0,344.0,247.0,317.0,176.66666666666666,176.25,173.0,180.66666666666663,267.0,203.0,99.66666666666669,177.0,92.0,7858.571428571428,9516.211640208987,7784.785714285715,24399.07020756657,285.14285714285717,5882.476190476214,288.5,3762.8846153846284,191.32142857142858,504.0102513227502,182.75,524.9401709401735,139.71428571428572,2312.6084656084613,131.42857142857142,1853.8192918192924,-147.0,-167.33333333333334,-70.75,-144.0,-93.82142857142857,8419.426917989475,-105.75,6045.017094017133,6,2,1,1,57,-0.7818314824680299,0.6234898018587334,0.49999999999999994,0.8660254037844387,0.8211001178128892,0.5707841943569036
2023-02-27,167.0,239.0,166.0,7800.0,248.0,303.1428571428571,-24.992007839004494,-30.150849303852617,7609.0,7817.0,7483.0,323.0,209.0,244.0,176.0,184.0,172.0,190.0,285.0,259.0,99.0,209.0,186.0,7829.714285714285,18548.497354494742,7797.285714285715,17142.339438335788,296.0,5741.3333333333585,288.92857142857144,3791.7637362637493,191.28571428571428,505.27513227513117,182.96428571428572,521.0830280830306,128.57142857142858,2212.322751322746,131.92857142857142,1814.857753357754,-82.0,-147.0,-25.0,-72.0,-104.71428571428571,8663.60846560852,-105.96428571428571,6063.313797313836,0,2,0,1,58,0.0,1.0,0.49999999999999994,0.8660254037844387,0.8307970168121247,0.5565755266413303
2023-02-28,115.0,216.0,169.0,7896.0,200.0,296.6857142857143,-44.6268973503646,-52.05881693534971,7800.0,7967.0,7794.0,248.0,213.0,223.0,166.0,217.0,220.0,239.0,314.0,225.0,167.0,184.0,154.0,7827.285714285715,18661.83068782808,7819.928571428572,8992.65262514895,301.57142857142856,4827.619047619075,289.2142857142857,3765.258241758255,188.71428571428572,595.2751322751311,182.53571428571428,533.7753357753384,122.57142857142857,1338.322751322746,130.57142857142858,1682.5885225885233,-31.0,-82.0,4.0,-3.0,-112.85714285714286,7613.179894179946,-106.67857142857143,6018.203907203947,1,2,0,1,59,0.7818314824680298,0.6234898018587336,0.49999999999999994,0.8660254037844387,0.8402480696078469,0.5422021592729844
2023-03-01,84.0,158.0,193.0,7930.0,307.0,291.0571428571428,-17.219894549244145,33.162751692101324,7896.0,7978.0,7869.0,200.0,232.0,290.0,169.0,230.0,172.0,216.0,215.0,199.0,115.0,107.0,91.0,7817.142857142857,16075.40211639952,7827.214285714285,9328.916361412681,299.7142857142857,5235.571428571456,287.57142857142856,4037.340659340672,181.85714285714286,471.84656084655984,178.89285714285714,425.61050061050344,112.71428571428571,605.6084656084598,127.78571428571429,1650.6599511599516,-114.0,-31.0,-2.0,-118.0,-117.85714285714286,6424.846560846611,-108.67857142857143,5627.588522588562,2,3,0,1,60,0.9749279121818236,-0.22252093395631434,0.8660254037844386,0.5000000000000001,0.8494504794814806,0.527668345562516
2023-03-02,130.0,227.0,192.0,7870.0,335.0,286.2571428571428,20.791543792326248,27.951313350530945,7930.0,7914.0,7793.0,307.0,386.0,361.0,193.0,178.0,153.0,158.0,162.0,213.0,84.0,101.0,81.0,7810.285714285715,13830.830687828095,7831.571428571428,9986.844932841244,310.42857142857144,4346.285714285742,288.7857142857143,4064.3351648351777,176.57142857142858,73.6560846560837,180.39285714285714,434.84126984127255,109.42857142857143,724.9894179894121,127.28571428571429,1693.7753357753363,-143.0,-114.0,-208.0,-208.0,-133.85714285714286,3891.5132275132746,-108.39285714285714,5622.995115995155,3,3,0,1,61,0.43388373911755823,-0.900968867902419,0.8660254037844386,0.5000000000000001,0.8584015232918917,0.512978386299228
2023-03-03,121.6,224.4,185.6,7867.8,319.8,289.99999999999994,21.74184085920495,8.05815914079512,7870.0,7812.333333333333,7799.0,335.0,365.0,323.0,192.0,177.33333333333334,160.75,227.0,171.33333333333334,231.0,130.0,100.33333333333331,113.0,7804.0,12586.259259256663,7837.071428571428,9953.421855918155,303.14285714285717,3433.1428571428846,286.92857142857144,3823.7637362637493,178.57142857142858,108.32275132275032,183.17857142857142,379.1269841269867,113.57142857142857,763.6560846560789,130.78571428571428,1516.3522588522596,-134.20000000000002,-143.0,-187.66666666666666,-162.25,-124.57142857142857,2888.6560846561338,-103.75,4928.709401709441,4,3,0,1,62,-0.433883739117558,-0.9009688679024191,0.8660254037844386,0.5000000000000001,0.8670985522812081,0.4981366284784055
2023-03-04,113.2,221.8,179.2,7865.6,304.6,298.4285714285714,22.02002024784352,-15.848591676414884,7867.8,7710.666666666667,7805.0,319.8,344.0,285.0,185.6,176.66666666666666,168.5,224.4,180.66666666666663,249.0,121.6,99.66666666666669,145.0,7811.92380952381,13179.840634918057,7841.9857142857145,9888.553284489575,296.6857142857143,2793.024761904788,286.7,3806.736923076936,179.75238095238095,114.67365079364974,184.95357142857142,337.48958028083285,116.60952380952382,734.4228571428515,131.4,1498.1032478632487,-125.40000000000003,-134.20000000000002,-167.33333333333334,-116.5,-116.93333333333335,2172.5422222222737,-101.74642857142858,4732.459580280871,5,3,1,1,63,-0.9749279121818236,-0.2225209339563146,0.8660254037844386,0.5000000000000001,0.8755389928586302,0.4831474640149687
2023-03-05,104.8,219.2,172.8,7863.4,289.4,296.1428571428571,22.28539483923852,-29.028251982095654,7865.6,7609.0,7811.0,304.6,323.0,247.0,179.2,176.0,176.25,221.8,190.0,267.0,113.2,99.0,177.0,7834.057142857143,11379.662857140327,7846.314285714286,9806.044053720332,291.0571428571429,2393.396190476216,288.1,3829.050769230782,180.1142857142857,112.98476190476082,185.71785714285716,318.5823275335801,118.54285714285713,684.1561904761851,129.12857142857143,1503.7992918192924,-116.59999999999997,-125.40000000000003,-147.0,-70.75,-110.94285714285715,1719.2628571429104,-102.38214285714287,4758.318481379772,6,3,1,1,64,-0.7818314824680299,0.6234898018587334,0.8660254037844386,0.5000000000000001,0.8837203473619977,0.4680153284438345
2023-03-06,96.4,216.6,166.4,7861.2,274.2,296.85714285714283,-24.992007839004494,2.3348649818616494,7863.4,7800.0,7817.0,289.4,248.0,209.0,172.8,166.0,184.0,219.2,239.0,285.0,104.8,167.0,209.0,7870.400000000001,1540.4399999975403,7850.057142857143,9717.482295478558,286.25714285714287,2196.9161904762145,291.12857142857143,3689.3637362637483,179.65714285714287,118.8361904761894,185.47142857142856,324.4577533577559,119.37142857142858,651.1790476190423,123.97142857142856,1344.4039072039072,-107.79999999999998,-116.59999999999997,-82.0,-25.0,-106.60000000000001,1485.9066666667213,-105.65714285714286,4685.348962149002,0,3,0,1,65,0.0,1.0,0.8660254037844386,0.5000000000000001,0.8916401947968874,0.45274469960737107
2023-03-07,88.0,214.0,160.0,7859.0,259.0,296.4928571428571,-44.6268973503646,7.134040207507525,7861.2,7896.0,7967.0,274.2,200.0,213.0,166.4,169.0,217.0,216.6,216.0,314.0,96.4,115.0,184.0,7879.142857142857,639.3428571404257,7853.214285714285,9632.239438335686,290.0,1960.8666666666916,295.7857142857143,3169.1967032967145,179.71428571428572,117.03809523809419,184.21428571428572,350.567643467646,109.28571428571429,242.37142857142237,115.92857142857143,777.073137973137,-99.0,-107.79999999999998,-31.0,4.0,-110.28571428571429,1369.438095238149,-111.57142857142857,4147.603907203946,1,3,0,1,66,0.7818314824680298,0.6234898018587336,0.8660254037844386,0.5000000000000001,0.8992961915530253,0.4373400963303323
2023-03-08,113.0,208.0,159.0,7885.0,291.0,295.04999999999995,-17.219894549244145,13.16989454924419,7859.0,7930.0,7978.0,259.0,307.0,232.0,160.0,193.0,230.0,214.0,158.0,215.0,88.0,84.0,107.0,7873.857142857143,627.00952380707,7845.5,8574.788888885176,298.42857142857144,688.1523809524082,299.07142857142856,2734.4714285714394,178.42857142857142,160.75238095238015,180.14285714285714,295.1335775335799,105.42857142857143,295.08571428570775,109.07142857142857,429.9962148962132,-132.0,-99.0,-114.0,-2.0,-120.0,232.86666666671726,-118.92857142857143,3074.0269841270206,2,3,0,1,67,0.9749279121818236,-0.22252093395631434,0.8660254037844386,0.5000000000000001,0.9066860720977985,0.4218060770826634
2023-03-09,174.0,285.0,150.0,7786.0,340.0,292.5285714285714,20.791543792326248,26.67988477910234,7885.0,7870.0,7914.0,291.0,335.0,386.0,159.0,192.0,178.0,208.0,227.0,162.0,113.0,130.0,101.0,7867.428571428572,74.1523809499041,7838.857142857143,7296.8053724016845,296.14285714285717,679.0095238095505,303.2857142857143,2374.312087912099,173.57142857142858,160.75238095238097,175.07142857142858,110.61159951160181,109.57142857142857,208.08571428570812,109.5,430.65555555555386,-190.0,-132.0,-143.0,-208.0,-122.57142857142857,243.1523809524308,-128.21428571428572,1942.5984126984474,3,3,0,1,68,0.43388373911755823,-0.900968867902419,0.8660254037844386,0.5000000000000001,0.9138076496466615,0.4061472386305789
2023-03-10,156.5,271.25,164.0,7731.25,317.25,288.9285714285714,21.74184085920495,6.579587712223663,7786.0,7867.8,7812.333333333333,340.0,319.8,365.0,150.0,185.6,177.33333333333334,285.0,224.4,171.33333333333334,174.0,121.6,100.33333333333331,7855.428571428572,1010.1523809498585,7829.714285714285,6987.35482295118,296.85714285714283,747.342857142884,300.0,1940.0923076923186,167.57142857142858,154.75238095238197,173.07142857142858,153.99621489621717,115.85714285714286,784.2761904761848,114.71428571428571,715.8368742368731,-153.25,-190.0,-134.20000000000002,-187.66666666666666,-129.28571428571428,878.7714285714763,-126.92857142857143,1744.7962148962497,4,3,0,1,69,-0.433883739117558,-0.9009688679024191,0.8660254037844386,0.5000000000000001,0.9206588168102428,0.3903682146763026
2023-03-11,139.0,257.5,178.0,7676.5,294.5,277.7857142857142,22.02002024784352,-5.30573453355774,7731.25,7865.6,7710.666666666667,317.25,304.6,344.0,164.0,179.2,176.66666666666666,271.25,221.8,180.66666666666663,156.5,113.2,99.66666666666669,7835.921428571428,3110.746547616455,7823.922619047619,7673.778701156343,296.49285714285713,728.7703571428838,296.5892857142857,1625.4539148351762,164.4857142857143,91.59809523809679,172.11904761904762,157.95225885226105,120.84285714285714,1025.0861904761853,118.72619047619048,816.9060134310128,-116.5,-153.25,-125.40000000000003,-167.33333333333334,-132.00714285714284,961.8203571429041,-124.47023809523809,1507.8034264347118,5,3,1,1,70,-0.9749279121818236,-0.2225209339563146,0.8660254037844386,0.5000000000000001,0.9272375462179537,0.374473674486883
2023-03-12,121.5,243.75,192.0,7621.75,271.75,277.07142857142856,22.28539483923852,-27.60682341066708,7676.5,7863.4,7609.0,294.5,289.4,323.0,178.0,172.8,176.0,257.5,219.2,190.0,139.0,104.8,99.0,7808.907142857142,6348.408690473511,7821.482142857143,8352.481387359052,295.05,716.049166666693,293.05357142857144,1439.4209478022096,164.31428571428572,85.9180952380969,172.21428571428572,159.01208791209012,124.52857142857144,1054.4490476190429,121.53571428571429,812.0793956043951,-79.75,-116.5,-116.59999999999997,-147.0,-130.7357142857143,992.7372619048092,-120.83928571428571,1357.1654532967393,6,3,1,1,71,-0.7818314824680299,0.6234898018587334,0.8660254037844386,0.5000000000000001,0.9335418911179212,0.35846832151248087
2023-03-13,104.0,230.0,206.0,7567.0,249.0,272.5,-24.992007839004494,1.4920078390044935,7621.75,7861.2,7800.0,271.75,274.2,248.0,192.0,166.4,166.0,243.75,216.6,239.0,121.5,96.4,167.0,7774.385714285714,10301.112261902004,7822.392857142857,7947.301098897514,292.5285714285714,793.7932142857404,289.39285714285717,1390.9164835164954,167.05714285714288,192.88952380952512,173.35714285714286,186.61648351648577,126.91428571428571,984.4680952380908,123.14285714285714,770.2318681318678,-43.0,-79.75,-107.79999999999998,-82.0,-125.47142857142856,1360.3598809524294,-116.03571428571429,1409.5428571428943,0,3,0,1,72,0.0,1.0,0.8660254037844386,0.5000000000000001,0.9395699859530622,0.342356891994542
2023-03-14,147.0,276.0,214.0,7810.0,181.0,271.0833333333333,-44.6268973503646,-45.45643598296871,7567.0,7859.0,7896.0,249.0,259.0,200.0,206.0,160.0,169.0,230.0,214.0,216.0,104.0,88.0,115.0,7732.357142857143,14152.330357139974,7805.75,12627.784615381159,288.92857142857144,1038.47321428574,289.4642857142857,1384.619780219792,172.71428571428572,408.23809523809604,176.21428571428572,255.62747252747488,128.0,915.4166666666623,118.64285714285714,628.6549450549444,33.0,-43.0,-99.0,-31.0,-116.21428571428571,2341.925595238146,-113.25,1722.4000000000378,1,3,0,1,73,0.7818314824680298,0.6234898018587336,0.8660254037844386,0.5000000000000001,0.945320046913132,0.3261441535642696
2023-03-15,108.0,220.0,213.0,7915.0,286.0,272.82142857142856,-17.219894549244145,30.39846597781559,7810.0,7885.0,7930.0,181.0,291.0,307.0,214.0,159.0,193.0,276.0,208.0,158.0,147.0,113.0,84.0,7725.357142857143,12426.83035713995,7799.607142857143,11961.993406589998,277.7857142857143,2685.758928571454,288.10714285714283,1671.9164835164954,180.42857142857142,595.9523809523811,179.42857142857142,350.3252747252772,136.42857142857142,626.0357142857106,120.92857142857143,683.8637362637357,-73.0,33.0,-132.0,-114.0,-97.35714285714286,5588.497023809578,-108.67857142857143,2824.817582417621,2,3,0,1,74,0.9749279121818236,-0.22252093395631434,0.8660254037844386,0.5000000000000001,0.9507903724625832,0.3098349038318025
2023-03-16,180.0,280.0,146.0,7989.0,308.0,277.7142857142857,20.791543792326248,9.49417049338803,7915.0,7786.0,7870.0,286.0,340.0,335.0,213.0,150.0,192.0,220.0,285.0,227.0,108.0,174.0,130.0,7729.642857142857,14151.83035713995,7798.535714285715,11677.158241754842,277.07142857142856,2667.3065476190727,286.60714285714283,1642.3780219780338,188.14285714285714,626.8095238095231,180.85714285714286,420.65494505494763,135.71428571428572,668.6547619047582,122.64285714285714,588.6549450549446,-162.0,-73.0,-190.0,-143.0,-88.92857142857143,5404.473214285771,-105.75,2911.323076923116,3,3,0,1,75,0.43388373911755823,-0.900968867902419,0.8660254037844386,0.5000000000000001,0.9559793438440766,0.2934339689665273
2023-03-17,164.66666666666666,284.6666666666667,159.33333333333334,7954.333333333333,307.3333333333333,281.99999999999994,21.74184085920495,3.5914924741284224,7989.0,7731.25,7867.8,308.0,317.25,319.8,146.0,164.0,185.6,280.0,271.25,224.4,180.0,156.5,121.6,7758.642857142857,23852.330357140043,7807.035714285715,13997.004395600925,272.5,2142.3541666666915,284.67857142857144,1493.432967032979,187.57142857142858,679.9523809523802,177.57142857142858,492.94065934066174,136.57142857142858,750.369047619044,126.21428571428571,823.8197802197799,-147.99999999999997,-162.0,-153.25,-134.20000000000002,-84.92857142857143,4573.139880952439,-107.10714285714286,3045.9934065934453,4,3,0,1,76,-0.433883739117558,-0.9009688679024191,0.8660254037844386,0.5000000000000001,0.9608854255574977,0.27694620226893646
2023-03-18,149.33333333333334,289.3333333333333,172.66666666666666,7919.666666666667,306.6666666666667,287.71428571428567,22.02002024784352,-3.0676392954624987,7954.333333333333,7676.5,7865.6,307.3333333333333,294.5,304.6,159.33333333333334,178.0,179.2,284.6666666666667,257.5,221.8,164.66666666666666,139.0,113.2,7790.5119047619055,28924.820436505182,7813.216666666666,15340.806837603302,271.0833333333333,2008.4791666666908,283.78809523809525,1437.1731379731498,186.9047619047619,719.730158730158,175.69523809523812,509.7782661782685,137.73809523809524,814.1468253968218,129.2904761904762,925.7284493284491,-134.00000000000003,-147.99999999999997,-116.5,-125.40000000000003,-84.17857142857143,4457.514880952438,-108.09285714285714,3117.1164835165223,5,3,1,1,77,-0.9749279121818236,-0.2225209339563146,0.8660254037844386,0.5000000000000001,0.9655071658143364,0.2603764827344581
2023-03-19,134.0,294.0,186.0,7885.0,306.0,282.0,22.28539483923852,1.7146051607614794,7919.666666666667,7621.75,7863.4,306.6666666666667,271.75,289.4,172.66666666666666,192.0,172.8,289.3333333333333,243.75,219.2,149.33333333333334,121.5,104.8,7825.25,28130.668981478815,7817.078571428572,15985.329035405466,272.82142857142856,2124.593584656109,283.93571428571425,1444.0953357753476,186.14285714285714,739.6243386243381,175.22857142857143,509.30442002442237,139.21428571428572,833.747354497351,131.87142857142857,929.5403174603173,-120.0,-134.00000000000003,-79.75,-116.59999999999997,-86.67857142857143,4689.806547619105,-108.70714285714284,3145.29802197806,6,3,1,1,78,-0.7818314824680299,0.6234898018587334,0.8660254037844386,0.5000000000000001,0.969843196967294,0.24372971360968387
2023-03-20,202.0,313.0,158.0,7931.0,279.0,285.2857142857143,-24.992007839004494,18.706293553290216,7885.0,7567.0,7861.2,306.0,249.0,274.2,186.0,206.0,166.4,294.0,230.0,216.6,134.0,104.0,96.4,7862.857142857143,20173.624338621736,7818.621428571429,16172.584420020841,277.7142857142857,2279.9417989418225,285.12142857142857,1477.73313797315,185.28571428571428,733.0529100529094,176.17142857142858,516.8182661782685,141.0,782.259259259256,133.95714285714286,868.8299877899875,-121.0,-120.0,-43.0,-107.79999999999998,-92.42857142857143,4828.28571428577,-108.95,3150.2523076923458,0,3,0,1,79,0.0,1.0,0.8660254037844386,0.5000000000000001,0.9738922359149924,0.22701082094141847
2023-03-21,110.0,272.0,193.0,8050.0,221.0,289.6666666666667,-44.6268973503646,-24.039769316302085,7931.0,7810.0,7859.0,279.0,181.0,259.0,158.0,214.0,160.0,313.0,276.0,214.0,202.0,147.0,88.0,7914.857142857143,3204.2910052884713,7823.607142857143,16977.81562881201,282.0,2121.3703703703936,285.4642857142857,1471.3137973138093,178.42857142857142,730.7671957671964,175.57142857142858,534.4859584859609,155.0,945.5925925925912,141.5,1055.196581196581,-28.0,-121.0,33.0,-99.0,-103.57142857142857,4412.285714285767,-109.89285714285714,3160.3626373626753,1,3,0,1,80,0.7818314824680298,0.6234898018587336,0.8660254037844386,0.5000000000000001,0.9776530844816641,0.2102247521189836
2023-03-22,166.0,277.0,229.0,8097.0,246.0,295.1428571428571,-17.219894549244145,-31.922962593612965,8050.0,7915.0,7885.0,221.0,286.0,291.0,193.0,213.0,159.0,272.0,220.0,208.0,110.0,108.0,113.0,7949.142857142857,3044.291005288549,7837.25,20623.606837603107,287.7142857142857,1003.2751322751542,282.75,1729.1709401709522,175.42857142857142,544.7671957671969,177.92857142857142,533.2167277167301,149.71428571428572,1239.8306878306855,143.07142857142858,908.6910866910864,-17.0,-28.0,-73.0,-132.0,-112.28571428571429,2166.9047619048133,-104.82142857142857,3639.417582417621,2,3,0,1,81,0.9749279121818236,-0.22252093395631434,0.8660254037844386,0.5000000000000001,0.981124629771712,0.19337647441020586
2023-03-23,136.0,276.0,178.0,8102.0,331.0,301.71428571428567,20.791543792326248,8.494170493388086,8097.0,7989.0,7786.0,246.0,308.0,340.0,229.0,146.0,150.0,277.0,280.0,285.0,166.0,180.0,174.0,7975.142857142857,5704.957671955282,7852.392857142857,25391.2771672733,282.0,1254.7037037037255,279.5357142857143,1816.6984126984248,177.71428571428572,781.7195767195775,182.92857142857142,679.370573870576,158.0,913.9259259259252,146.85714285714286,864.1361416361416,-153.0,-17.0,-162.0,-190.0,-104.28571428571429,3348.2380952381486,-96.60714285714286,4103.208791208831,3,3,0,1,82,0.43388373911755823,-0.900968867902419,0.8660254037844386,0.5000000000000001,0.984305844499033,0.17647097349152166
2023-03-24,119.66666666666666,266.0,176.33333333333334,8017.0,338.0,295.4285714285714,21.74184085920495,20.829587712223663,8102.0,7954.333333333333,7731.25,331.0,307.3333333333333,317.25,178.0,159.33333333333334,164.0,276.0,284.6666666666667,271.25,136.0,164.66666666666666,156.5,7991.285714285715,8051.052910050567,7874.964285714285,29296.134310130237,285.2857142857143,1529.6084656084877,278.89285714285717,1738.764346764359,182.28571428571428,589.7195767195767,184.92857142857142,593.5244200244222,151.71428571428572,867.8306878306857,144.14285714285714,808.5976800976799,-161.66666666666666,-153.0,-147.99999999999997,-153.25,-103.0,3186.6666666667206,-93.96428571428571,3669.373626373667,4,3,0,1,83,-0.433883739117558,-0.9009688679024191,0.8660254037844386,0.5000000000000001,0.9871957872910085,0.15951325197263655
2023-03-25,103.33333333333331,256.0,174.66666666666666,7932.0,345.0,295.71428571428567,22.02002024784352,27.265694037870816,8017.0,7919.666666666667,7676.5,338.0,306.6666666666667,294.5,176.33333333333334,172.66666666666666,178.0,266.0,289.3333333333333,257.5,119.66666666666666,149.33333333333334,139.0,8000.2380952380945,7840.17460317229,7895.375,28810.59481837182,289.6666666666667,1889.3333333333558,280.375,1891.9666132478753,184.71428571428572,500.9417989417985,185.80952380952382,564.6788766788787,145.28571428571428,962.8306878306845,141.51190476190476,835.4806166056163,-170.33333333333334,-161.66666666666666,-134.00000000000003,-116.5,-104.95238095238095,3418.34920634926,-94.56547619047619,3751.2010454823353,5,3,1,1,84,-0.9749279121818236,-0.2225209339563146,0.8660254037844386,0.5000000000000001,0.9897936029670716,0.14250832791617088
2023-03-26,87.0,246.0,173.0,7847.0,352.0,298.71428571428567,22.28539483923852,31.00031944647581,7932.0,7885.0,7621.75,345.0,306.0,271.75,174.66666666666666,186.0,192.0,256.0,294.0,243.75,103.33333333333331,134.0,121.5,8002.0,7530.666666664368,7913.625,24869.99866452552,295.14285714285717,2316.476190476214,283.98214285714283,2183.8677121489736,185.0,493.481481481481,185.57142857142858,569.4774114774135,138.71428571428572,1203.0529100529054,138.96428571428572,940.128968253968,-179.0,-170.33333333333334,-120.0,-79.75,-110.14285714285714,3958.7354497355022,-98.41071428571429,4139.86588064717,6,3,1,1,85,-0.7818314824680299,0.6234898018587334,0.8660254037844386,0.5000000000000001,0.992098522791769,0.12546123335273648
2023-03-27,84.0,171.0,157.0,7994.0,235.0,302.7142857142857,-24.992007839004494,-42.72227787528123,7847.0,7931.0,7567.0,352.0,279.0,249.0,173.0,158.0,206.0,246.0,313.0,230.0,87.0,202.0,104.0,7996.571428571428,9218.952380950055,7929.714285714285,18379.518925514403,301.7142857142857,2785.2380952381195,289.7142857142857,2492.85225885227,183.14285714285714,513.291005291005,184.21428571428572,576.4719169719191,132.0,1592.4814814814754,136.5,1117.8418803418801,-78.0,-179.0,-121.0,-43.0,-118.57142857142857,4649.878306878357,-105.5,4558.542735042773,0,3,0,1,86,0.0,1.0,0.8660254037844386,0.5000000000000001,0.9941098647022418,0.10837701279187609
2023-03-28,167.0,209.0,157.0,8079.0,223.0,303.0952380952381,-44.6268973503646,-35.46834074487347,7994.0,8050.0,7810.0,235.0,221.0,181.0,157.0,193.0,214.0,171.0,272.0,276.0,84.0,110.0,147.0,8005.571428571428,8408.952380950093,7960.214285714285,7575.480463975662,295.42857142857144,3394.952380952405,288.7142857142857,2594.5445665445777,183.0,521.8148148148147,180.71428571428572,583.7411477411498,115.14285714285714,828.2910052909957,135.07142857142858,1246.4133089133088,-66.0,-78.0,-28.0,33.0,-112.42857142857143,4879.211640211692,-108.0,4309.504273504311,1,3,0,1,87,0.7818314824680298,0.6234898018587336,0.8660254037844386,0.5000000000000001,0.9958270335100595,0.09126072172931188
2023-03-29,109.0,245.0,159.0,8208.0,267.0,299.85714285714283,-17.219894549244145,-15.637248307898687,8079.0,8097.0,7915.0,223.0,246.0,286.0,157.0,229.0,213.0,209.0,277.0,220.0,167.0,166.0,108.0,8009.714285714285,8958.571428569165,7979.428571428572,6527.562881557915,295.7142857142857,3345.9047619047856,291.7142857142857,2024.5445665445773,177.85714285714286,586.9576719576725,176.64285714285714,523.9224664224686,123.28571428571429,1194.7195767195687,136.5,1311.688034188034,-108.0,-66.0,-17.0,-73.0,-117.85714285714286,4016.068783068833,-115.07142857142857,2862.037240537277,2,3,0,1,88,0.9749279121818236,-0.22252093395631434,0.8660254037844386,0.5000000000000001,0.9972495210773451,0.07411742515094437
2023-03-30,156.0,256.0,176.0,8158.0,359.0,292.99999999999994,20.791543792326248,45.208456207673805,8208.0,8102.0,7989.0,267.0,331.0,308.0,159.0,178.0,146.0,245.0,276.0,280.0,109.0,136.0,180.0,8025.571428571428,13948.285714283522,8000.357142857143,9755.392551887406,298.7142857142857,3060.9047619047865,290.35714285714283,2067.0335775335884,167.85714285714286,93.62433862434057,172.78571428571428,430.1642246642267,115.14285714285714,847.2910052909957,136.57142857142858,1307.374847374847,-183.0,-108.0,-153.0,-162.0,-130.85714285714286,2139.735449735497,-117.57142857142857,2722.9987789988154,3,3,0,1,89,0.43388373911755823,-0.900968867902419,0.8660254037844386,0.5000000000000001,0.998376906467142,0.056952196034039754
2023-03-31,145.66666666666666,248.0,181.33333333333331,8099.0,340.6666666666667,299.99999999999994,21.74184085920495,18.924825807461797,8158.0,8017.0,7954.333333333333,359.0,338.0,307.3333333333333,176.0,176.33333333333334,159.33333333333334,256.0,266.0,284.6666666666667,156.0,119.66666666666666,164.66666666666666,8033.571428571428,15822.952380950223,8012.428571428572,11500.178266173023,302.7142857142857,3474.2380952381195,294.0,2391.2478632478733,167.57142857142858,87.4338624338644,174.92857142857142,370.8235653235674,118.0,1043.4814814814724,134.85714285714286,1188.1660561660556,-159.33333333333337,-183.0,-161.66666666666666,-147.99999999999997,-135.14285714285714,2489.735449735496,-119.07142857142857,2898.037240537277,4,3,0,1,90,-0.433883739117558,-0.9009688679024191,0.8660254037844386,0.5000000000000001,0.9992088560679753,0.03977011384605572
2023-04-01,135.33333333333334,240.0,186.66666666666663,8040.0,322.3333333333333,305.1428571428571,22.02002024784352,-4.829544057367315,8099.0,7932.0,7919.666666666667,340.6666666666667,345.0,306.6666666666667,181.33333333333331,174.66666666666666,172.66666666666666,248.0,256.0,289.3333333333333,145.66666666666666,103.33333333333331,149.33333333333334,8045.285714285715,16330.571428569318,8022.7619047619055,11702.075702070373,303.0952380952381,3506.6190476190727,296.38095238095235,2538.9890109890207,168.28571428571428,105.60846560846731,176.5,352.61111111111325,121.71428571428571,1154.4973544973461,133.5,1126.8162393162388,-135.66666666666669,-159.33333333333337,-170.33333333333334,-134.00000000000003,-134.80952380952382,2469.8835978836446,-119.8809523809524,2957.6514041514406,5,4,1,2,91,-0.9749279121818236,-0.2225209339563146,1.0,6.123233995736766e-17,0.9997451236925734,0.022576263041545485
2023-04-02,125.0,232.0,192.0,7981.0,304.0,304.1428571428571,22.28539483923852,-22.42825198209563,8040.0,7847.0,7885.0,322.3333333333333,352.0,306.0,186.66666666666663,173.0,186.0,240.0,246.0,294.0,135.33333333333334,87.0,134.0,8060.714285714285,13918.571428569368,8031.357142857143,10827.785714280326,299.85714285714283,3263.40211640214,297.5,2581.3119658119754,170.0,151.70370370370486,177.5,358.354700854703,126.28571428571429,1104.7195767195692,132.5,1106.7136752136746,-112.0,-135.66666666666669,-179.0,-120.0,-129.85714285714286,2231.0687830688307,-120.0,2961.470085470122,6,4,1,2,92,-0.7818314824680299,0.6234898018587334,1.0,6.123233995736766e-17,0.9999855506507186,0.005375731557583884
2023-04-03,118.0,139.0,168.0,8054.0,284.0,293.42857142857144,-24.992007839004494,15.563436410433049,7981.0,7994.0,7931.0,304.0,235.0,279.0,192.0,157.0,158.0,232.0,171.0,313.0,125.0,84.0,202.0,8079.857142857143,6937.809523807528,8038.214285714285,9324.489010983578,293.0,2758.2592592592814,297.35714285714283,2578.9822954823053,172.71428571428572,222.27513227513282,177.92857142857142,368.77228327228545,131.71428571428572,813.3862433862369,131.85714285714286,1110.422466422466,-116.0,-112.0,-78.0,-121.0,-120.28571428571429,1774.830687830737,-119.42857142857143,2966.0415140415503,0,4,0,2,93,0.0,1.0,1.0,6.123233995736766e-17,0.9999300657962057,-0.011826390691832589
2023-04-04,142.0,235.0,139.0,8068.0,259.0,287.4761904761905,-44.6268973503646,16.15070687417412,8054.0,8079.0,8050.0,284.0,223.0,221.0,168.0,157.0,193.0,139.0,209.0,272.0,118.0,167.0,110.0,8088.428571428572,5734.952380950396,8047.0,8376.307692302216,300.0,2153.925925925949,297.7142857142857,2566.6471306471403,174.28571428571428,181.94179894179914,178.64285714285714,345.25579975580206,136.57142857142858,437.7671957671901,125.85714285714286,707.9609279609274,-120.0,-116.0,-66.0,-28.0,-125.71428571428571,1445.4973544974027,-119.07142857142857,2966.6184371184736,1,4,0,2,94,0.7818314824680298,0.6234898018587336,1.0,6.123233995736766e-17,0.9995786855478958,-0.029025013321975237
2023-04-05,148.0,245.0,175.0,8175.0,260.0,286.2857142857143,-17.219894549244145,-9.065819736470132,8068.0,8208.0,8097.0,259.0,267.0,246.0,139.0,159.0,229.0,235.0,245.0,277.0,142.0,109.0,166.0,8086.857142857143,5786.809523807537,8048.285714285715,8407.758241752763,305.14285714285717,1415.0687830688064,300.42857142857144,2221.3064713064796,171.71428571428572,331.9417989417995,174.78571428571428,434.26678876679074,133.0,273.4814814814752,128.14285714285714,703.0378510378505,-85.0,-120.0,-108.0,-17.0,-133.42857142857142,787.2116402116876,-125.64285714285714,2282.178876678912,2,4,0,2,95,0.9749279121818236,-0.22252093395631434,1.0,6.123233995736766e-17,0.9989315138848577,-0.046215046983708354
2023-04-06,119.0,219.0,210.0,8178.0,284.0,289.8571428571429,20.791543792326248,-26.648686649469138,8175.0,8158.0,8102.0,260.0,359.0,331.0,175.0,176.0,178.0,245.0,256.0,276.0,148.0,156.0,136.0,8082.142857142857,4609.809523807523,8053.857142857143,9426.901098895605,304.14285714285717,1511.0687830688064,301.42857142857144,2118.0757020757096,174.0,300.7037037037039,170.92857142857142,192.1568986569004,138.57142857142858,178.76719576719074,126.85714285714286,621.3455433455428,-74.0,-85.0,-183.0,-153.0,-130.14285714285714,1057.7354497354975,-130.5,1475.8931623931967,3,4,0,2,96,0.43388373911755823,-0.900968867902419,1.0,6.123233995736766e-17,0.9979887423155984,-0.06339140486951038
2023-04-07,114.33333333333331,216.0,189.66666666666663,8085.333333333333,299.0,287.1428571428571,21.74184085920495,-9.88469800206206,8178.0,8099.0,8017.0,284.0,340.6666666666667,338.0,210.0,181.33333333333331,176.33333333333334,219.0,248.0,266.0,119.0,145.66666666666666,119.66666666666666,8085.0,5172.666666664662,8059.285714285715,10402.373626368118,293.42857142857144,943.2116402116611,298.07142857142856,2062.03724053725,178.85714285714286,488.51322751322704,173.21428571428572,300.1129426129446,133.28571428571428,159.3862433862371,125.64285714285714,618.0763125763119,-109.33333333333337,-74.0,-159.33333333333337,-161.66666666666666,-114.57142857142857,834.5449735450234,-124.85714285714286,1648.2173382173735,4,4,0,2,97,-0.433883739117558,-0.9009688679024191,1.0,6.123233995736766e-17,0.9967506498213929,-0.08054900421874167
2023-04-08,109.66666666666669,213.0,169.33333333333334,7992.666666666667,314.0,276.85714285714283,22.02002024784352,15.122836895013648,8085.333333333333,8040.0,7932.0,299.0,322.3333333333333,345.0,189.66666666666663,186.66666666666663,174.66666666666666,216.0,240.0,256.0,114.33333333333331,135.33333333333334,103.33333333333331,8083.047619047619,5135.571428569424,8064.166666666666,10291.363247857724,287.4761904761905,535.1428571428763,295.2857142857143,1931.10866910868,180.04761904761904,505.3121693121686,174.16666666666666,319.2094017094037,128.8095238095238,170.3280423280352,125.26190476190474,625.0115995115989,-144.66666666666666,-109.33333333333337,-135.66666666666669,-170.33333333333334,-107.42857142857143,445.65608465613474,-121.11904761904762,1547.4804639804997,5,4,1,2,98,-0.9749279121818236,-0.2225209339563146,1.0,6.123233995736766e-17,0.9952176027737294,-0.09768276782171598
2023-04-09,105.0,210.0,149.0,7900.0,329.0,280.1428571428572,22.28539483923852,26.571748017904312,7992.666666666667,7981.0,7847.0,314.0,304.0,352.0,169.33333333333334,192.0,173.0,213.0,232.0,246.0,109.66666666666669,125.0,87.0,8076.285714285715,6134.830687828681,8068.5,9320.696581191045,286.2857142857143,448.23809523811434,293.07142857142856,1762.6526251526375,177.57142857142853,509.98941798941763,173.78571428571428,320.8308913308933,125.14285714285714,208.62433862433048,125.71428571428571,606.5103785103778,-180.0,-144.66666666666666,-112.0,-179.0,-108.71428571428571,541.9417989418486,-119.28571428571429,1400.2026862027224,6,4,1,2,99,-0.7818314824680299,0.6234898018587334,1.0,6.123233995736766e-17,0.9933900548258936,-0.11478762552212701
2023-04-10,143.0,203.0,163.0,7826.0,265.0,292.4285714285714,-24.992007839004494,-2.4365635895668944,7900.0,8054.0,7994.0,329.0,284.0,235.0,149.0,168.0,157.0,210.0,139.0,171.0,105.0,118.0,84.0,8064.714285714285,9644.830687828695,8072.285714285715,7715.262515256969,289.85714285714283,685.1428571428773,291.42857142857144,1591.9218559218693,171.42857142857142,567.322751322752,172.07142857142858,364.8748473748492,122.28571428571429,266.7195767195679,127.0,522.4444444444438,-102.0,-180.0,-116.0,-78.0,-118.42857142857143,1276.9894179894663,-119.35714285714286,1409.4609279609645,0,4,0,2,100,0.0,1.0,1.0,6.123233995736766e-17,0.9912685467787256,-0.13185851571739118
2023-04-11,119.0,209.0,152.0,7922.0,187.0,297.9047619047619,-44.6268973503646,-66.27786455439733,7826.0,8068.0,8079.0,265.0,259.0,223.0,163.0,139.0,157.0,203.0,235.0,209.0,143.0,142.0,167.0,8032.142857142857,17885.40211640018,8060.285714285715,11754.647130641648,287.14285714285717,773.8095238095431,293.57142857142856,1395.768009768022,170.71428571428572,576.6084656084663,172.5,353.5341880341899,125.85714285714286,320.29100529099736,131.21428571428572,380.7796092796088,-35.0,-102.0,-120.0,-66.0,-116.42857142857143,1316.3227513228,-121.07142857142857,1297.9004884005246,1,4,0,2,101,0.7818314824680298,0.6234898018587336,1.0,6.123233995736766e-17,0.9888537064205885,-0.1488903868564548
2023-04-12,155.0,212.0,181.0,7876.0,283.0,296.57142857142856,-17.219894549244145,3.64846597781559,7922.0,8175.0,8208.0,187.0,260.0,267.0,152.0,175.0,159.0,209.0,245.0,245.0,119.0,148.0,109.0,8011.285714285715,19185.497354495466,8049.071428571428,13063.268009762573,276.85714285714283,2189.8095238095398,291.0,1879.1965811965952,172.57142857142858,463.3227513227517,172.14285714285714,367.2429792429811,122.57142857142857,272.10052910052036,127.78571428571429,281.087301587301,-102.0,-35.0,-85.0,-108.0,-104.28571428571429,2247.2751322751824,-118.85714285714286,1629.1916971917335,2,4,0,2,102,0.9749279121818236,-0.22252093395631434,1.0,6.123233995736766e-17,0.986146248341595,-0.16587819893463143
2023-04-13,109.0,214.0,173.0,7795.0,370.0,288.4285714285714,20.791543792326248,60.77988477910236,7876.0,8178.0,8158.0,283.0,284.0,359.0,181.0,210.0,176.0,212.0,219.0,256.0,155.0,119.0,156.0,7968.571428571428,15640.211640209904,8025.357142857143,12818.828449323113,280.14285714285717,2136.142857142874,292.14285714285717,1838.4053724053858,173.42857142857142,473.3227513227516,173.71428571428572,357.33089133089345,123.57142857142857,338.4338624338539,131.07142857142858,299.2851037851033,-197.0,-102.0,-74.0,-183.0,-106.71428571428571,2179.2751322751824,-118.42857142857143,1641.78510378514,3,4,0,2,103,0.43388373911755823,-0.900968867902419,1.0,6.123233995736766e-17,0.9831469737221499,-0.1828169249850199
2023-04-14,136.33333333333334,237.0,179.33333333333334,7656.666666666667,337.3333333333333,286.0,21.74184085920495,29.59149247412837,7795.0,8085.333333333333,8099.0,370.0,299.0,340.6666666666667,173.0,189.66666666666663,181.33333333333331,214.0,216.0,248.0,109.0,114.33333333333331,145.66666666666666,7913.857142857143,9858.735449733946,7999.428571428572,14823.306471301252,292.42857142857144,3303.2857142857356,292.92857142857144,1960.1910866910996,168.14285714285714,217.84656084656208,173.5,356.9188034188055,122.14285714285714,367.9576719576631,127.71428571428571,276.81807081807017,-157.99999999999997,-197.0,-109.33333333333337,-159.33333333333337,-124.28571428571429,2999.275132275179,-119.42857142857143,1794.862026862063,4,4,0,2,104,-0.433883739117558,-0.9009688679024191,1.0,6.123233995736766e-17,0.9798567700958665,-0.1997015525660636
2023-04-15,163.66666666666669,260.0,185.66666666666663,7518.333333333333,304.66666666666663,292.7142857142857,22.02002024784352,-10.067639295462612,7656.666666666667,7992.666666666667,8040.0,337.3333333333333,314.0,322.3333333333333,179.33333333333334,169.33333333333334,186.66666666666663,237.0,213.0,240.0,136.33333333333334,109.66666666666669,135.33333333333334,7852.619047619047,11607.423280422057,7967.833333333334,22022.970085465007,297.9047619047619,3597.174603174626,292.6904761904762,1936.503663003676,166.66666666666669,158.96296296296484,173.35714285714286,354.7942612942634,125.28571428571429,379.83068783067966,127.04761904761905,257.2625152625146,-119.0,-157.99999999999997,-144.66666666666666,-135.66666666666669,-131.23809523809524,3095.063492063538,-119.33333333333333,1786.8034188034544,5,4,1,2,105,-0.9749279121818236,-0.2225209339563146,1.0,6.123233995736766e-17,0.9762766110869321,-0.21652708524481437
2023-04-16,191.0,283.0,192.0,7380.0,272.0,284.99999999999994,22.28539483923852,-35.285394839238464,7518.333333333333,7900.0,7981.0,304.66666666666663,329.0,304.0,185.66666666666663,149.0,192.0,260.0,210.0,232.0,163.66666666666669,105.0,125.0,7784.857142857143,21606.06878306789,7930.571428571428,35669.42612942123,296.57142857142856,3559.544973544996,291.42857142857144,1878.229548229562,169.0,211.59259259259377,173.28571428571428,352.81807081807284,133.0,515.2592592592531,129.07142857142858,350.72100122100073,-80.0,-119.0,-180.0,-112.0,-127.57142857142857,3074.2857142857606,-118.14285714285714,1764.7643467643825,6,4,1,2,106,-0.7818314824680299,0.6234898018587334,1.0,6.123233995736766e-17,0.9724075561219968,-0.23328854407545518
2023-04-17,170.0,297.0,196.0,7344.0,248.0,277.85714285714283,-24.992007839004494,-4.865135018138339,7380.0,7826.0,8054.0,272.0,265.0,284.0,192.0,163.0,168.0,283.0,203.0,139.0,191.0,143.0,118.0,7710.571428571428,40276.5449735444,7887.642857142857,56806.79426128951,288.42857142857144,3407.5449735449934,289.14285714285717,1889.4822954823105,175.14285714285714,189.06878306878306,173.28571428571428,352.81807081807284,145.28571428571428,769.1640211640175,133.78571428571428,620.5231990231988,-52.0,-80.0,-102.0,-116.0,-113.28571428571429,2755.238095238143,-115.85714285714286,1868.148962148998,0,4,0,2,107,0.0,1.0,1.0,6.123233995736766e-17,0.9682507501166718,-0.2499809690726521
2023-04-18,152.0,272.0,214.0,7376.0,234.0,272.80952380952374,-44.6268973503646,5.817373540840862,7344.0,7922.0,8068.0,248.0,187.0,259.0,196.0,152.0,139.0,297.0,209.0,235.0,170.0,119.0,142.0,7641.714285714285,54920.16402116379,7836.928571428572,74642.61843711381,286.0,3581.5925925926117,286.57142857142856,2010.5372405372573,179.85714285714286,211.0687830687821,175.28571428571428,386.0488400488422,149.14285714285714,852.7354497354469,137.5,687.3803418803419,-20.0,-52.0,-35.0,-120.0,-106.14285714285714,3300.4761904762395,-111.28571428571429,2159.3137973138337,1,4,0,2,108,0.7818314824680298,0.6234898018587336,1.0,6.123233995736766e-17,0.9638074231367307,-0.26659942067929354
2023-04-19,239.0,367.0,224.0,7356.0,229.0,269.85714285714283,-17.219894549244145,-23.637248307898687,7376.0,7876.0,8175.0,234.0,283.0,260.0,214.0,181.0,175.0,272.0,212.0,245.0,152.0,155.0,148.0,7563.714285714285,46496.164021164215,7787.5,84246.97008546558,292.7142857142857,2346.164021164043,284.7857142857143,2161.2240537240714,188.71428571428572,184.49735449735158,180.64285714285714,369.1532356532382,153.85714285714286,676.7354497354478,138.21428571428572,701.446275946276,-5.0,-20.0,-102.0,-85.0,-104.0,3688.333333333383,-104.14285714285714,2739.5335775336152,2,4,0,2,109,0.9749279121818236,-0.22252093395631434,1.0,6.123233995736766e-17,0.9590788900341131,-0.28313898122818354
2023-04-20,113.0,280.0,237.0,7490.0,320.0,269.0,20.791543792326248,30.208456207673752,7356.0,7795.0,8178.0,229.0,370.0,284.0,224.0,173.0,210.0,367.0,214.0,219.0,239.0,109.0,119.0,7489.428571428572,30995.211640212277,7729.0,83333.47008546568,285.0,2937.59259259261,282.57142857142856,2348.075702075721,194.85714285714286,338.0687830687788,184.14285714285714,498.11477411477694,165.85714285714286,1716.7354497354502,144.71428571428572,1429.9462759462763,-83.0,-5.0,-197.0,-74.0,-90.14285714285714,5097.142857142909,-98.42857142857143,3432.280830280869,3,4,0,2,110,0.43388373911755823,-0.900968867902419,1.0,6.123233995736766e-17,0.9540665500578387,-0.2995947563972602
2023-04-21,140.66666666666666,288.6666666666667,220.33333333333331,7504.666666666667,302.0,264.0,21.74184085920495,16.25815914079505,7490.0,7656.666666666667,8085.333333333333,320.0,337.3333333333333,299.0,237.0,179.33333333333334,189.66666666666663,280.0,237.0,216.0,113.0,136.33333333333334,114.33333333333331,7445.857142857143,13218.068783069722,7679.857142857143,69618.83272282839,277.85714285714283,1878.0687830687966,285.14285714285717,2448.5592185592363,204.0,456.9259259259197,186.07142857142858,657.592796092799,166.42857142857142,1643.2116402116408,144.28571428571428,1456.2539682539684,-81.66666666666669,-83.0,-157.99999999999997,-109.33333333333337,-73.85714285714286,2893.142857142912,-99.07142857142857,3404.242368742407,4,4,0,2,111,-0.433883739117558,-0.9009688679024191,1.0,6.123233995736766e-17,0.9487718864399473,-0.31596187665790293
2023-04-22,168.33333333333334,297.3333333333333,203.66666666666663,7519.333333333333,284.0,259.4285714285714,22.02002024784352,2.5514083235850933,7504.666666666667,7518.333333333333,7992.666666666667,302.0,304.66666666666663,314.0,220.33333333333331,185.66666666666663,169.33333333333334,288.6666666666667,260.0,213.0,140.66666666666666,163.66666666666669,109.66666666666669,7424.142857142857,5837.624338625416,7638.380952380953,57480.134310130015,272.8095238095238,1355.9206349206465,285.35714285714283,2455.597680097698,209.85714285714286,359.9576719576648,188.26190476190476,741.7295482295511,167.04761904761907,1602.4232804232813,146.16666666666669,1384.440170940171,-80.33333333333337,-81.66666666666669,-119.0,-144.66666666666666,-62.952380952380956,1584.5714285714864,-97.09523809523809,3415.2380952381336,5,4,1,2,112,-0.9749279121818236,-0.2225209339563146,1.0,6.123233995736766e-17,0.9431964659565866,-0.33223549871590435
2023-04-23,196.0,306.0,187.0,7534.0,266.0,263.2857142857143,22.28539483923852,-19.5711091249528,7519.333333333333,7380.0,7900.0,284.0,272.0,329.0,203.66666666666663,192.0,149.0,297.3333333333333,283.0,210.0,168.33333333333334,191.0,105.0,7424.285714285715,5869.164021165103,7604.571428571428,47684.04151403719,269.85714285714283,1197.4761904762013,283.2142857142857,2387.685592185611,212.42857142857142,261.1005291005213,190.71428571428572,725.946275946279,167.71428571428572,1600.2751322751335,150.35714285714286,1300.8455433455435,-79.0,-80.33333333333337,-80.0,-180.0,-57.42857142857144,1075.7671957672549,-92.5,3240.0299145299537,6,4,1,2,113,-0.7818314824680299,0.6234898018587334,1.0,6.123233995736766e-17,0.9373419384643772,-0.3484108069446808
2023-04-24,236.0,330.0,222.0,7796.0,213.0,261.85714285714283,-24.992007839004494,-23.86513501813834,7534.0,7344.0,7826.0,266.0,248.0,265.0,187.0,196.0,163.0,306.0,297.0,203.0,196.0,170.0,143.0,7446.285714285715,6983.830687831646,7578.428571428572,40617.42612942179,269.0,1198.3333333333437,278.7142857142857,2227.4163614163817,211.71428571428572,298.7195767195692,193.42857142857142,585.2210012210045,168.42857142857142,1642.656084656086,156.85714285714286,1257.345543345544,9.0,-79.0,-52.0,-102.0,-57.28571428571429,1068.3862433863023,-85.28571428571429,2609.057387057427,0,4,0,2,114,0.0,1.0,1.0,6.123233995736766e-17,0.9312100364121947,-0.3644830148102912
2023-04-25,81.0,230.0,242.0,8017.0,202.0,262.1904761904762,-44.6268973503646,-15.563578840111605,7796.0,7376.0,7922.0,213.0,234.0,187.0,222.0,214.0,152.0,330.0,272.0,209.0,236.0,152.0,119.0,7510.857142857143,20759.068783069426,7576.285714285715,39539.07448107013,264.0,1618.333333333342,275.0,2530.273504273526,215.42857142857142,259.1005291005209,197.64285714285714,557.6660561660599,177.85714285714286,2299.513227513232,163.5,1676.8675213675222,40.0,9.0,-20.0,-35.0,-48.57142857142858,1707.4338624339232,-77.35714285714286,3203.7002442002854,1,4,0,2,115,0.7818314824680298,0.6234898018587336,1.0,6.123233995736766e-17,0.9248025743285089,-0.38044736628785164
2023-04-26,118.0,245.0,160.0,8117.0,256.0,264.2857142857143,-17.219894549244145,8.934180263529868,8017.0,7356.0,7876.0,202.0,229.0,283.0,242.0,224.0,181.0,230.0,367.0,212.0,81.0,239.0,155.0,7602.428571428572,50641.87830687852,7583.071428571428,45236.46459096027,259.42857142857144,2084.6190476190536,276.07142857142856,2343.268009768031,219.42857142857142,357.7671957671869,204.07142857142858,504.25946275946745,167.71428571428572,3631.6084656084663,160.78571428571428,2040.1642246642255,-96.0,40.0,-5.0,-102.0,-40.00000000000001,2793.148148148211,-72.00000000000001,4094.2222222222645,2,4,0,2,116,0.9749279121818236,-0.22252093395631434,1.0,6.123233995736766e-17,0.9181214482844364,-0.39629913726891813
2023-04-27,218.0,283.0,208.0,8159.0,310.0,268.1428571428571,20.791543792326248,21.06559906481664,8117.0,7490.0,7795.0,256.0,320.0,370.0,160.0,237.0,173.0,245.0,280.0,214.0,118.0,113.0,109.0,7711.142857142857,70862.73544973525,7600.285714285715,60245.997557993294,263.2857142857143,1914.9047619047699,274.14285714285717,2366.5592185592404,210.28571428571428,845.386243386236,202.57142857142858,610.2979242979288,150.42857142857142,2847.989417989413,158.14285714285714,2170.8840048840057,-102.0,-96.0,-83.0,-197.0,-53.00000000000001,2914.4814814815413,-71.57142857142857,4069.1013431013853,3,4,0,2,117,0.43388373911755823,-0.900968867902419,1.0,6.123233995736766e-17,0.9111686353326631,-0.41203363695942635
2023-04-28,189.33333333333331,269.6666666666667,199.66666666666663,8223.333333333334,304.3333333333333,271.57142857142856,21.74184085920495,11.02006390269981,8159.0,7504.666666666667,7656.666666666667,310.0,302.0,337.3333333333333,208.0,220.33333333333331,179.33333333333334,283.0,288.6666666666667,237.0,218.0,140.66666666666666,136.33333333333334,7806.714285714285,85485.16402116348,7626.285714285715,80613.99755799338,261.85714285714283,1740.1428571428648,269.85714285714283,1738.8669108669349,206.14285714285714,707.2910052909987,205.07142857142858,538.56715506716,165.42857142857142,3112.9894179894177,165.92857142857142,2195.438949938951,-104.66666666666669,-102.0,-81.66666666666669,-157.99999999999997,-55.71428571428572,3156.0529100529693,-64.78571428571429,2880.55738705743,4,4,0,2,118,-0.433883739117558,-0.9009688679024191,1.0,6.123233995736766e-17,0.9039461929224011,-0.42764620926777464
2023-04-29,160.66666666666666,256.3333333333333,191.33333333333331,8287.666666666666,298.6666666666667,277.7142857142857,22.02002024784352,-1.0676392954625555,8223.333333333334,7519.333333333333,7518.333333333333,304.3333333333333,284.0,304.66666666666663,199.66666666666663,203.66666666666663,185.66666666666663,269.6666666666667,297.3333333333333,260.0,189.33333333333331,168.33333333333334,163.66666666666669,7909.380952380953,86911.08994708913,7666.761904761904,106199.1013430974,262.1904761904762,1772.1428571428648,267.5,1474.0811965812218,203.19047619047618,670.5502645502587,206.52380952380955,487.5848595848648,172.38095238095238,3049.645502645504,169.71428571428572,2154.7667887667894,-107.33333333333337,-104.66666666666669,-80.33333333333337,-119.0,-59.00000000000001,3430.5925925926513,-60.97619047619048,2318.8968253968696,5,4,1,2,119,-0.9749279121818236,-0.2225209339563146,1.0,6.123233995736766e-17,0.8964562582905575,-0.44313223418263453
2023-04-30,132.0,243.0,183.0,8352.0,293.0,279.2857142857143,22.28539483923852,-8.571109124952798,8287.666666666666,7534.0,7380.0,298.6666666666667,266.0,272.0,191.33333333333331,187.0,192.0,256.3333333333333,306.0,283.0,160.66666666666666,196.0,191.0,8019.142857142857,71349.29100528969,7721.714285714285,130907.94627594246,264.2857142857143,1909.4973544973634,267.07142857142856,1442.3449328449585,201.4285714285714,690.3227513227458,206.92857142857142,471.6953601953654,171.28571428571428,3068.3862433862446,169.5,2158.2008547008554,-110.0,-107.33333333333337,-79.0,-80.0,-62.85714285714287,3726.735449735508,-60.142857142857146,2224.473748473793,6,4,1,2,120,-0.7818314824680299,0.6234898018587334,1.0,6.123233995736766e-17,0.8887010478292915,-0.45848712914008766
2023-05-01,224.0,315.0,152.0,8492.0,237.0,282.42857142857144,-24.992007839004494,-20.43656358956695,8352.0,7796.0,7344.0,293.0,213.0,248.0,183.0,222.0,196.0,243.0,330.0,297.0,132.0,236.0,170.0,8136.0,34656.14814814639,7791.142857142857,147293.08913308557,268.14285714285717,2029.0687830687937,268.57142857142856,1489.768009768035,200.85714285714286,711.8465608465555,206.28571428571428,498.1514041514092,162.14285714285714,3126.291005291003,165.28571428571428,2211.689865689866,-85.0,-110.0,9.0,-52.0,-67.28571428571429,4030.8306878307453,-62.285714285714285,2380.4078144078585,0,5,0,2,121,0.0,1.0,0.8660254037844387,-0.4999999999999998,0.8806828564301475,-0.47370635037968
2023-05-02,167.0,326.0,213.0,8654.0,245.0,288.4285714285714,-44.6268973503646,1.198325921793213,8492.0,8017.0,7376.0,237.0,202.0,234.0,152.0,242.0,214.0,315.0,230.0,272.0,224.0,81.0,152.0,8235.42857142857,24978.43386243182,7873.142857142857,162456.7814407783,271.57142857142856,1670.2116402116524,267.7857142857143,1533.2240537240793,190.85714285714286,918.513227513225,203.14285714285714,706.0634920634965,160.42857142857142,2851.4338624338593,169.14285714285714,2459.140415140416,-32.0,-85.0,40.0,-20.0,-80.71428571428571,2902.8306878307426,-64.64285714285714,2405.973748473792,1,5,0,2,122,0.7818314824680298,0.6234898018587336,0.8660254037844387,-0.4999999999999998,0.8724040568049612,-0.48878539428899265
2023-05-03,209.0,353.0,232.0,8704.0,267.0,297.2857142857142,-17.219894549244145,-13.065819736470075,8654.0,8117.0,7356.0,245.0,256.0,229.0,213.0,160.0,224.0,326.0,245.0,367.0,167.0,118.0,239.0,8326.42857142857,36565.76719576499,7964.428571428572,181373.99023198744,277.7142857142857,937.1640211640361,268.57142857142856,1484.6910866911119,186.71428571428572,544.275132275131,203.07142857142858,704.4645909645952,172.71428571428572,1631.0529100529104,170.21428571428572,2435.6514041514047,-35.0,-32.0,-96.0,-5.0,-91.0,746.2592592593122,-65.5,2333.8418803419236,2,5,0,2,123,0.9749279121818236,-0.22252093395631434,0.8660254037844387,-0.4999999999999998,0.8638670987837349,-0.503719798736334
2023-05-04,153.0,253.0,286.0,8790.0,332.0,308.99999999999994,20.791543792326248,2.208456207673809,8704.0,8159.0,7490.0,267.0,310.0,320.0,232.0,208.0,237.0,353.0,283.0,280.0,209.0,218.0,113.0,8410.285714285714,44811.7195767172,8060.714285714285,184988.40781440533,279.2857142857143,874.8306878307034,271.2857142857143,1356.4932844933085,197.0,643.7037037036997,203.64285714285714,734.7942612942659,185.71428571428572,1154.386243386248,168.07142857142858,2182.4645909645915,-46.0,-35.0,-102.0,-83.0,-82.28571428571429,1176.1640211640763,-67.64285714285714,2118.8968253968683,3,5,0,2,124,0.43388373911755823,-0.900968867902419,0.8660254037844387,-0.4999999999999998,0.8550745085896932,-0.518505144391157
2023-05-05,162.0,281.0,263.6666666666667,8688.333333333334,346.3333333333333,312.4285714285714,21.74184085920495,12.162921045556978,8790.0,8223.333333333334,7504.666666666667,332.0,304.3333333333333,302.0,286.0,199.66666666666663,220.33333333333331,253.0,269.6666666666667,288.6666666666667,153.0,189.33333333333331,140.66666666666666,8500.42857142857,48838.10052909792,8153.571428571428,191559.8363858342,282.42857142857144,1169.211640211657,272.14285714285717,1456.7130647130884,208.14285714285714,1798.846560846554,207.14285714285714,1157.7557997558051,176.42857142857142,1058.433862433864,170.92857142857142,1957.849206349207,-82.66666666666663,-46.0,-104.66666666666669,-81.66666666666669,-74.28571428571429,1256.1640211640783,-65.0,2129.2649572650007,4,5,0,2,125,-0.433883739117558,-0.9009688679024191,0.8660254037844387,-0.4999999999999998,0.8460288880917339,-0.533137056031809
2023-05-06,171.0,309.0,241.33333333333331,8586.666666666666,360.6666666666667,313.1428571428571,22.02002024784352,25.503789275966056,8688.333333333334,8287.666666666666,7519.333333333333,346.3333333333333,298.6666666666667,284.0,263.6666666666667,191.33333333333331,203.66666666666663,281.0,256.3333333333333,297.3333333333333,162.0,160.66666666666666,168.33333333333334,8566.857142857143,36777.62433862159,8238.119047619048,173468.813797312,288.42857142857144,1727.8783068783252,275.3095238095238,1800.7429792430016,217.28571428571428,2203.164021164012,210.23809523809524,1379.819291819298,172.52380952380955,1047.5873015873024,172.45238095238096,1891.0360195360201,-119.33333333333337,-82.66666666666663,-107.33333333333337,-80.33333333333337,-71.14285714285714,1102.513227513285,-65.07142857142857,2131.9004884005317,5,5,1,2,126,-0.9749279121818236,-0.2225209339563146,0.8660254037844387,-0.4999999999999998,0.8367329140344921,-0.5476112038402312
2023-05-07,180.0,337.0,219.0,8485.0,375.0,318.42857142857144,22.28539483923852,34.286033732190035,8586.666666666666,8352.0,7534.0,360.6666666666667,293.0,266.0,241.33333333333331,183.0,187.0,309.0,243.0,306.0,171.0,132.0,196.0,8609.57142857143,21723.21164020865,8314.357142857143,136811.97374847223,297.2857142857143,2488.608465608487,280.7857142857143,2323.0873015873226,224.42857142857142,2127.767195767185,212.92857142857142,1443.0799755799821,174.0,1022.000000000001,172.64285714285714,1889.854090354091,-156.0,-119.33333333333337,-110.0,-79.0,-72.85714285714286,1267.8465608466183,-67.85714285714286,2332.114774114817,6,5,1,2,127,-0.7818314824680299,0.6234898018587334,0.8660254037844387,-0.4999999999999998,0.8271893372462497,-0.5619233046832195
2023-05-08,133.0,287.0,189.0,8590.0,261.0,327.0,-24.992007839004494,-41.00799216099551,8485.0,8492.0,7796.0,375.0,237.0,213.0,219.0,152.0,222.0,337.0,315.0,330.0,180.0,224.0,236.0,8628.57142857143,12831.211640208634,8382.285714285714,87239.79242979115,309.0,3332.0370370370615,288.57142857142856,2923.785103785122,229.57142857142858,1815.7671957671835,215.21428571428572,1388.5744810744882,180.85714285714286,679.1428571428601,171.5,1850.6452991452995,-72.0,-156.0,-85.0,9.0,-79.42857142857143,2139.6560846561406,-73.35714285714286,2887.614774114816,0,5,0,2,128,0.0,1.0,0.8660254037844387,-0.4999999999999998,0.8174009818249189,-0.5760691233798758
2023-05-09,187.0,310.0,247.0,8606.0,250.0,328.57142857142856,-44.6268973503646,-33.944531221063954,8590.0,8654.0,8017.0,261.0,245.0,202.0,189.0,213.0,242.0,287.0,326.0,230.0,133.0,167.0,81.0,8642.57142857143,9741.87830687528,8439.0,60653.88034187932,312.42857142857144,2838.322751322777,292.0,2530.2905982906154,234.85714285714286,1054.624338624325,212.85714285714286,1431.9096459096522,167.85714285714286,553.47619047619,164.14285714285714,1586.3540903540902,-3.0,-72.0,-32.0,40.0,-77.57142857142857,2139.656084656141,-79.14285714285714,2329.960927960969,1,5,0,2,129,0.7818314824680298,0.6234898018587336,0.8660254037844387,-0.4999999999999998,0.8073707443023492,-0.5900444739548627
2023-05-10,168.0,285.0,210.0,8681.0,304.0,323.1428571428571,-17.219894549244145,-1.922962593612965,8606.0,8704.0,8117.0,250.0,267.0,256.0,247.0,232.0,160.0,310.0,353.0,245.0,187.0,209.0,118.0,8635.714285714286,9888.164021161008,8481.07142857143,47194.259462758564,313.14285714285717,2729.5132275132532,295.42857142857144,2030.2466422466582,239.71428571428572,972.0529100528953,213.21428571428572,1456.1129426129492,170.71428571428572,604.9047619047622,171.71428571428572,1033.0573870573876,-94.0,-3.0,-35.0,-96.0,-73.42857142857143,2700.3227513228085,-82.21428571428571,1673.8565323565729,2,5,0,2,130,0.9749279121818236,-0.22252093395631434,0.8660254037844387,-0.4999999999999998,0.7971015927871943,-0.6038452208771035
2023-05-11,269.0,412.0,204.0,8672.0,392.0,310.71428571428567,20.791543792326248,60.49417049338808,8681.0,8790.0,8159.0,304.0,332.0,310.0,210.0,286.0,208.0,285.0,253.0,283.0,168.0,153.0,218.0,8632.42857142857,9440.211640208627,8521.357142857143,38325.20451770372,318.42857142857144,2355.989417989445,298.85714285714283,1903.6532356532512,236.57142857142858,1097.7671957671816,216.78571428571428,1225.3437118437191,164.85714285714286,321.80952380952255,175.28571428571428,798.4420024420034,-188.0,-94.0,-46.0,-102.0,-81.85714285714286,2441.8465608466163,-82.07142857142857,1669.9004884005287,3,5,0,2,131,0.43388373911755823,-0.900968867902419,0.8660254037844387,-0.4999999999999998,0.7865965660866021,-0.6174672802835514
2023-05-12,212.66666666666663,359.6666666666667,214.66666666666663,8596.333333333334,357.3333333333333,313.0,21.74184085920495,22.59149247412837,8672.0,8688.333333333334,8223.333333333334,392.0,346.3333333333333,304.3333333333333,204.0,263.6666666666667,199.66666666666663,412.0,281.0,269.6666666666667,269.0,162.0,189.33333333333331,8615.57142857143,5231.544973542005,8558.0,28524.649572648897,327.0,3141.703703703731,304.7142857142857,2524.5103785103925,224.85714285714286,707.2910052909941,216.5,1231.8931623931696,181.42857142857142,1785.6190476190511,178.92857142857142,1319.3705738705753,-142.66666666666669,-188.0,-82.66666666666663,-104.66666666666669,-102.14285714285714,3625.179894179946,-88.21428571428571,2461.8565323565713,4,5,0,2,132,-0.433883739117558,-0.9009688679024191,0.8660254037844387,-0.4999999999999998,0.7758587728069828,-0.6309066211876704
2023-05-13,156.33333333333331,307.3333333333333,225.33333333333331,8520.666666666666,322.6666666666667,316.1428571428571,22.02002024784352,-15.496210724033944,8596.333333333334,8586.666666666666,8287.666666666666,357.3333333333333,360.6666666666667,298.6666666666667,214.66666666666663,241.33333333333331,191.33333333333331,359.6666666666667,309.0,256.3333333333333,212.66666666666663,171.0,160.66666666666666,8602.42857142857,4209.322751319788,8584.642857142857,19257.717338216793,328.57142857142856,3229.878306878334,308.5,2722.0470085470215,217.85714285714286,416.40211640210697,217.57142857142858,1209.1184371184447,188.66666666666666,1824.2222222222274,180.59523809523807,1395.6098901098917,-97.33333333333337,-142.66666666666669,-119.33333333333337,-107.33333333333337,-110.71428571428571,3749.941798941849,-90.92857142857143,2661.1825396825784,5,5,1,2,133,-0.9749279121818236,-0.2225209339563146,0.8660254037844387,-0.4999999999999998,0.7648913904341225,-0.6441592666722685
2023-05-14,100.0,255.0,236.0,8445.0,288.0,316.5714285714285,22.28539483923852,-50.85682341066702,8520.666666666666,8485.0,8352.0,322.6666666666667,375.0,293.0,225.33333333333331,219.0,183.0,307.3333333333333,337.0,243.0,156.33333333333331,180.0,132.0,8593.0,5178.370370367426,8601.285714285714,12490.048840048337,323.14285714285717,3029.6243386243646,310.2142857142857,2726.8821733821856,215.57142857142858,327.76719576718705,220.0,1154.4444444444523,186.57142857142858,1941.3227513227564,180.28571428571428,1410.2368742368758,-52.0,-97.33333333333337,-156.0,-110.0,-107.57142857142857,3755.8783068783573,-90.21428571428571,2643.087301587341,6,5,1,2,134,-0.7818314824680299,0.6234898018587334,0.8660254037844387,-0.4999999999999998,0.753697664392914,-0.6572212950663319
2023-05-15,205.0,294.0,177.0,8571.0,277.0,310.71428571428567,-24.992007839004494,-8.722277875281172,8445.0,8590.0,8492.0,288.0,261.0,237.0,236.0,189.0,152.0,255.0,287.0,315.0,100.0,133.0,224.0,8587.285714285714,6846.941798938841,8607.92857142857,9541.131257630788,310.7142857142857,2607.0529100529334,309.85714285714283,2741.9096459096586,218.0,388.48148148147226,223.78571428571428,1053.3949938950025,175.14285714285714,3030.8465608465626,178.0,1721.0940170940185,-100.0,-52.0,-72.0,-85.0,-92.71428571428571,3622.164021164074,-86.07142857142857,2706.8235653236047,0,5,0,2,135,0.0,1.0,0.8660254037844387,-0.4999999999999998,0.742280907086982,-0.6700888411055113
2023-05-16,161.0,304.0,211.0,8572.0,272.0,309.4285714285714,-44.6268973503646,7.198325921793213,8571.0,8606.0,8654.0,277.0,250.0,245.0,177.0,247.0,213.0,294.0,310.0,326.0,205.0,187.0,167.0,8584.57142857143,6881.322751319786,8613.57142857143,8577.938949938512,313.0,2378.4814814815054,312.7142857142857,2407.843711843724,216.28571428571428,525.0529100529011,225.57142857142858,821.9389499389588,185.42857142857142,2759.9894179894222,176.64285714285714,1612.418192918194,-61.0,-100.0,-3.0,-32.0,-96.71428571428571,3540.83068783074,-87.14285714285714,2720.4224664225057,1,5,0,2,136,0.7818314824680298,0.6234898018587336,0.8660254037844387,-0.4999999999999998,0.7306444969184916,-0.6827580970759147
2023-05-17,57.0,162.0,193.0,8569.0,307.0,312.71428571428567,-17.219894549244145,11.50560883495848,8572.0,8681.0,8704.0,272.0,304.0,267.0,211.0,210.0,232.0,304.0,285.0,353.0,161.0,168.0,209.0,8579.714285714286,6803.608465605485,8607.714285714286,8548.202686202214,316.14285714285717,1985.6243386243634,314.64285714285717,2178.6404151404267,211.14285714285714,341.6243386243305,225.42857142857142,826.092796092805,181.71428571428572,2842.941798941802,176.21428571428572,1623.8907203907218,-114.0,-61.0,-94.0,-35.0,-105.0,2209.5925925926435,-89.21428571428571,2534.4719169719556,2,5,0,2,137,0.9749279121818236,-0.22252093395631434,0.8660254037844387,-0.4999999999999998,0.7187918772884232,-0.6952253139408722
2023-05-18,80.0,122.0,152.0,8474.0,351.0,320.57142857142856,20.791543792326248,9.637027636245197,8569.0,8672.0,8790.0,307.0,392.0,332.0,193.0,204.0,286.0,162.0,412.0,253.0,57.0,269.0,153.0,8563.714285714286,4814.275132272109,8598.07142857143,7850.20818070765,316.57142857142856,1974.7671957672208,317.5,1999.7393162393273,208.71428571428572,389.38624338623566,222.64285714285714,895.3070818070901,165.85714285714286,5110.513227513226,165.35714285714286,2507.4951159951165,-199.0,-114.0,-188.0,-46.0,-107.85714285714286,2193.4021164021665,-94.85714285714286,2321.345543345581,3,5,0,2,138,0.43388373911755823,-0.900968867902419,0.8660254037844387,-0.4999999999999998,0.7067265555776158,-0.7074868024503348
2023-05-19,89.0,138.0,145.66666666666666,8258.0,348.3333333333333,315.2857142857143,21.74184085920495,11.305778188414088,8474.0,8596.333333333334,8688.333333333334,351.0,357.3333333333333,346.3333333333333,152.0,214.66666666666663,263.6666666666667,122.0,359.6666666666667,281.0,80.0,212.66666666666663,162.0,8535.42857142857,3267.9894179862677,8575.5,5652.09829059764,310.7142857142857,1184.052910052934,318.85714285714283,2067.9096459096563,201.28571428571428,857.386243386237,213.07142857142858,871.7466422466484,138.85714285714286,3715.5132275132178,160.14285714285714,3026.9181929181937,-202.66666666666666,-199.0,-142.66666666666669,-82.66666666666663,-109.42857142857143,2504.5449735450234,-105.78571428571429,2843.394993895029,4,5,0,2,139,-0.433883739117558,-0.9009688679024191,0.8660254037844387,-0.4999999999999998,0.6944521021088763,-0.719538934232584
2023-05-20,98.0,154.0,139.33333333333334,8042.0,345.6666666666667,311.57142857142856,22.02002024784352,12.075217847394612,8258.0,8520.666666666666,8586.666666666666,348.3333333333333,322.6666666666667,360.6666666666667,145.66666666666666,225.33333333333331,241.33333333333331,138.0,307.3333333333333,309.0,89.0,156.33333333333331,171.0,8487.095238095239,12752.06349205996,8544.761904761905,11409.579975579163,309.42857142857144,1055.7671957672194,319.0,2076.649572649583,191.42857142857142,1229.7671957671917,204.64285714285714,947.8199023199066,121.19047619047618,2857.6984126983984,154.92857142857142,3386.7039072039083,-206.33333333333334,-202.66666666666666,-97.33333333333337,-119.33333333333337,-118.0,3683.592592592641,-114.35714285714286,3445.153235653269,5,5,1,2,140,-0.9749279121818236,-0.2225209339563146,0.8660254037844387,-0.4999999999999998,0.6819721490904629,-0.7313781428679254
2023-05-21,107.0,170.0,133.0,7826.0,343.0,307.1428571428571,22.28539483923852,13.571748017904367,8042.0,8445.0,8485.0,345.6666666666667,288.0,375.0,139.33333333333334,236.0,219.0,154.0,255.0,337.0,98.0,100.0,180.0,8418.714285714286,40127.238095234075,8505.857142857143,29088.30280830184,312.7142857142857,1232.8306878307123,317.92857142857144,1996.567155067166,179.14285714285714,1314.4021164021144,197.35714285714286,1115.2045177045206,112.85714285714286,2660.476190476174,149.71428571428572,3586.85225885226,-210.0,-206.33333333333334,-52.0,-156.0,-133.57142857142858,4629.9894179894645,-120.57142857142857,4052.4004884005208,6,5,1,2,141,-0.7818314824680299,0.6234898018587334,0.8660254037844387,-0.4999999999999998,0.6692903895412567,-0.7430009249440493
2023-05-22,99.0,156.0,139.0,7848.0,240.0,315.2857142857143,-24.992007839004494,-50.29370644670978,7826.0,8571.0,8590.0,343.0,277.0,261.0,133.0,177.0,189.0,170.0,294.0,287.0,107.0,205.0,133.0,8330.285714285714,89440.90476190024,8458.785714285714,62222.967643466596,320.57142857142856,1211.8783068783334,315.64285714285717,1788.7429792429905,164.42857142857142,877.8783068783081,191.21428571428572,1357.1385836385855,113.85714285714286,2637.476190476174,144.5,3627.363247863249,-101.0,-210.0,-100.0,-72.0,-156.14285714285714,3900.179894179937,-124.42857142857143,4555.015873015904,0,5,0,2,142,0.0,1.0,0.8660254037844387,-0.4999999999999998,0.6564105761979381,-0.7544038410927472
2023-05-23,25.0,66.0,94.0,7788.0,246.0,316.63095238095235,-44.6268973503646,-26.00405503058775,7848.0,8572.0,8606.0,240.0,272.0,250.0,139.0,211.0,247.0,156.0,304.0,310.0,99.0,161.0,187.0,8227.0,106104.33333332831,8405.785714285714,86570.35225885113,315.2857142857143,1944.8306878307128,314.14285714285717,1996.7814407814526,159.0,924.9259259259284,187.64285714285714,1552.7429792429805,98.71428571428571,1022.2380952380745,142.07142857142858,3770.088522588523,-152.0,-101.0,-61.0,-3.0,-156.28571428571428,3881.608465608509,-126.5,4381.175213675244,1,5,0,2,143,0.7818314824680298,0.6234898018587336,0.8660254037844387,-0.4999999999999998,0.6433365204044917,-0.765583517007675
2023-05-24,35.0,70.0,53.0,7709.0,276.0,311.1785714285714,-17.219894549244145,-17.958676879327243,7788.0,8569.0,8681.0,246.0,307.0,304.0,94.0,193.0,210.0,66.0,162.0,285.0,25.0,57.0,168.0,8115.0,103752.33333332786,8347.357142857143,109168.72588522475,311.57142857142856,2416.5449735449984,313.85714285714283,2037.3968253968376,142.28571428571428,852.4973544973612,176.71428571428572,1827.638583638583,79.28571428571429,840.9047619047351,130.5,4524.901709401709,-223.0,-152.0,-114.0,-94.0,-169.28571428571428,2174.275132275174,-137.14285714285714,3135.960927960956,2,5,0,2,144,0.9749279121818236,-0.22252093395631434,0.8660254037844387,-0.4999999999999998,0.6300720909843687,-0.7765366444428655
2023-05-25,43.0,73.0,64.0,7546.0,408.0,298.9285714285714,20.791543792326248,88.27988477910236,7709.0,8474.0,8672.0,276.0,351.0,392.0,53.0,152.0,204.0,70.0,122.0,412.0,35.0,80.0,269.0,7992.142857142857,79262.80952380352,8277.92857142857,126760.85775335674,307.14285714285717,2601.068783068807,311.85714285714283,2135.8583638583764,122.28571428571429,1285.8306878306994,165.5,2784.303418803416,76.14285714285714,1073.4761904761629,121.0,5021.094017094017,-344.0,-223.0,-199.0,-188.0,-184.85714285714286,1862.846560846601,-146.35714285714286,3468.384004884031,3,5,0,2,145,0.43388373911755823,-0.900968867902419,0.8660254037844387,-0.4999999999999998,0.6166212130956382,-0.7872599821916922
2023-05-26,42.5,69.75,65.75,7408.5,357.75,294.21428571428567,21.74184085920495,41.793873426509386,7546.0,8258.0,8596.333333333334,408.0,348.3333333333333,357.3333333333333,64.0,145.66666666666666,214.66666666666663,73.0,138.0,359.6666666666667,43.0,89.0,212.66666666666663,7859.571428571428,53234.61904761244,8197.5,149058.13247863174,315.2857142857143,3898.4973544973795,313.0,2351.4188034188155,109.71428571428571,1520.497354497369,155.5,3355.0726495726444,70.85714285714286,1221.476190476161,104.85714285714286,3523.533577533576,-292.0,-344.0,-202.66666666666666,-142.66666666666669,-205.57142857142858,5549.989417989455,-157.5,6206.0982905983155,4,5,0,2,146,-0.433883739117558,-0.9009688679024191,0.8660254037844387,-0.4999999999999998,0.6029878670694714,-0.7977503570459932
2023-05-27,42.0,66.5,67.5,7271.0,307.5,283.07142857142856,22.02002024784352,2.408551180727926,7408.5,8042.0,8520.666666666666,357.75,345.6666666666667,322.6666666666667,65.75,139.33333333333334,225.33333333333331,69.75,154.0,307.3333333333333,42.5,98.0,156.33333333333331,7738.214285714285,43505.82142856423,8112.654761904762,176955.89942002392,316.63095238095235,4014.897817460342,313.0297619047619,2354.273084554347,98.29761904761905,1475.147817460335,144.86309523809524,3583.5615460927897,64.21428571428571,1249.1547619047303,92.70238095238096,2769.470848595847,-240.0,-292.0,-206.33333333333334,-97.33333333333337,-218.33333333333331,6603.555555555592,-168.16666666666666,7458.200854700878,5,5,1,2,147,-0.9749279121818236,-0.2225209339563146,0.8660254037844387,-0.4999999999999998,0.5891760872322963,-0.8080046647350754
2023-05-28,41.5,63.25,69.25,7133.5,257.25,273.6428571428571,22.28539483923852,-38.67825198209563,7271.0,7826.0,8445.0,307.5,343.0,288.0,67.5,133.0,236.0,66.5,170.0,255.0,42.0,107.0,100.0,7628.071428571428,50353.03571427785,8023.392857142857,210060.6222527471,311.17857142857144,3853.598214285738,311.94642857142856,2348.2175289987917,88.03571428571429,1229.7172619047817,133.58928571428572,3408.9620344932764,56.214285714285715,1066.4880952380613,84.53571428571429,2583.9409340659327,-188.0,-240.0,-210.0,-52.0,-223.14285714285714,6630.80952380956,-178.35714285714286,7357.341269841292,6,5,1,2,148,-0.7818314824680299,0.6234898018587334,0.8660254037844387,-0.4999999999999998,0.5751899607119775,-0.8180198708443174
2023-05-29,41.0,60.0,71.0,6996.0,207.0,256.35714285714283,-24.992007839004494,-24.36513501813834,7133.5,7848.0,8571.0,257.25,240.0,277.0,69.25,139.0,177.0,63.25,156.0,294.0,41.5,99.0,205.0,7529.142857142857,73172.55952380101,7929.714285714285,247852.7197802199,298.92857142857144,3994.473214285737,309.75,2529.0427350427485,78.92857142857143,854.8065476190696,121.67857142857143,2767.8449328449224,46.857142857142854,570.5595238094869,80.35714285714286,2689.20879120879,-136.0,-188.0,-101.0,-100.0,-220.0,6796.333333333371,-188.07142857142858,6034.703907203929,0,5,0,2,149,0.0,1.0,0.8660254037844387,-0.4999999999999998,0.5610336262283677,-0.8277930117131022
2023-05-30,65.0,83.0,65.0,7046.0,168.0,246.48809523809524,-44.6268973503646,-33.86119788773064,6996.0,7788.0,8572.0,207.0,246.0,272.0,71.0,94.0,211.0,60.0,66.0,304.0,41.0,25.0,161.0,7407.428571428572,86317.70238094297,7817.214285714285,269651.75824175874,294.2142857142857,4798.25892857145,304.75,3231.735042735057,69.21428571428571,153.758928571453,114.10714285714286,2668.251526251515,38.57142857142857,43.035714285674864,68.64285714285714,1465.5164835164821,-103.0,-136.0,-152.0,-61.0,-225.0,5583.000000000037,-190.64285714285714,5639.495115995137,1,5,0,2,150,0.7818314824680298,0.6234898018587336,0.8660254037844387,-0.4999999999999998,0.5467112728685939,-0.8373211953118121
2023-05-31,38.0,80.0,82.0,7053.0,210.0,244.03571428571428,-17.219894549244145,-16.815819736470132,7046.0,7709.0,8569.0,168.0,276.0,307.0,65.0,53.0,193.0,83.0,70.0,162.0,65.0,35.0,57.0,7301.428571428572,70841.70238094214,7708.214285714285,258785.29670329753,283.07142857142856,6920.973214285735,297.32142857142856,4528.306471306488,65.07142857142857,34.30654761907308,103.67857142857143,2014.4603174603044,44.285714285714285,90.65476190472423,61.785714285714285,759.7582417582404,-128.0,-103.0,-223.0,-114.0,-218.0,7118.333333333371,-193.64285714285714,4927.802808302828,2,5,0,2,151,0.9749279121818236,-0.22252093395631434,0.8660254037844387,-0.4999999999999998,0.5322271388474397,-0.8466016020976267
2023-06-01,56.0,82.0,68.0,7002.0,287.0,249.0,20.791543792326248,17.208456207673752,7053.0,7546.0,8474.0,210.0,408.0,351.0,82.0,64.0,152.0,80.0,73.0,122.0,38.0,43.0,80.0,7207.714285714285,43195.98809522714,7599.928571428572,222184.72527472654,273.64285714285717,7698.830357142876,290.39285714285717,5055.943833943851,69.21428571428571,37.75892857145299,95.75,1369.196581196567,44.714285714285715,82.65476190472435,60.42857142857143,799.5329670329658,-219.0,-128.0,-344.0,-199.0,-204.42857142857142,8249.285714285752,-194.64285714285714,4770.264346764367,3,6,0,2,152,0.43388373911755823,-0.900968867902419,0.49999999999999994,-0.8660254037844387,0.5175855102531889,-0.8556314858488706
2023-06-02,62.0,89.0,72.0,6853.0,288.6666666666667,246.42857142857144,21.74184085920495,20.49625437889029,7002.0,7408.5,8258.0,287.0,357.75,348.3333333333333,68.0,65.75,145.66666666666666,82.0,69.75,138.0,56.0,42.5,89.0,7130.0,24130.083333321778,7494.785714285715,179011.45054945222,256.35714285714283,4371.330357142872,285.82142857142856,4751.768009768029,69.78571428571429,33.09226190478618,89.75,1146.2735042734892,46.57142857142857,99.36904761901063,58.714285714285715,768.4120879120866,-216.66666666666669,-219.0,-292.0,-202.66666666666666,-186.57142857142858,4665.95238095242,-196.07142857142858,4812.242368742388,4,6,0,2,153,-0.433883739117558,-0.9009688679024191,0.49999999999999994,-0.8660254037844387,0.5027907197793043,-0.8644081744776648
2023-06-03,68.0,96.0,76.0,6704.0,290.3333333333333,249.1428571428572,22.02002024784352,19.17045594263263,6853.0,7271.0,8042.0,288.6666666666667,307.5,345.6666666666667,72.0,67.5,139.33333333333334,89.0,66.5,154.0,62.0,42.0,98.0,7050.642857142857,16644.059523797347,7394.428571428572,155041.5329670349,246.4880952380952,2718.2648809523944,281.5595238095238,4432.2344322344525,70.67857142857143,30.264880952405008,84.48809523809526,900.1782661782503,49.357142857142854,127.22619047615431,56.785714285714285,694.6813186813173,-214.33333333333331,-216.66666666666669,-240.0,-206.33333333333334,-175.80952380952382,2829.2539682540078,-197.07142857142858,4840.447496947516,5,6,1,2,154,-0.9749279121818236,-0.2225209339563146,0.49999999999999994,-0.8660254037844387,0.4878471454423119,-0.8729290708206411
2023-06-04,74.0,103.0,80.0,6555.0,292.0,248.8571428571429,22.28539483923852,20.85746230361859,6704.0,7133.5,7826.0,290.3333333333333,257.25,343.0,76.0,69.25,133.0,96.0,63.25,170.0,68.0,41.5,107.0,6969.642857142857,20923.559523796794,7298.857142857143,149616.01648351864,244.03571428571428,2411.240410052923,277.60714285714283,4105.200244200266,71.89285714285714,31.5803571428809,79.96428571428571,652.2967032966867,53.07142857142857,160.03571428567926,54.642857142857146,568.7472527472514,-212.0,-214.33333333333331,-188.0,-210.0,-172.14285714285714,2374.179894179933,-197.64285714285714,4856.418192918212,6,6,1,2,155,-0.7818314824680299,0.6234898018587334,0.49999999999999994,-0.8660254037844387,0.47275920928627757,-0.881191653407483
2023-06-05,68.0,107.0,102.0,6523.0,189.0,244.2857142857143,-24.992007839004494,-30.29370644670981,6555.0,6996.0,7848.0,292.0,207.0,240.0,80.0,71.0,139.0,103.0,60.0,156.0,74.0,41.0,99.0,6887.0,37135.33333332008,7208.071428571428,161927.95604395837,249.0,2736.814814814829,273.9642857142857,3777.9035409035637,73.42857142857143,38.619047619071,76.17857142857143,420.49450549448824,57.714285714285715,185.57142857139493,52.285714285714285,380.7197802197788,-87.0,-212.0,-136.0,-101.0,-175.57142857142858,2583.3227513227903,-197.78571428571428,4860.506105006125,0,6,0,2,156,0.0,1.0,0.49999999999999994,-0.8660254037844387,0.4575313760742512,-0.8891934772070711
2023-06-06,92.0,124.0,93.0,6508.0,187.0,238.66666666666663,-44.6268973503646,-7.039769316302056,6523.0,7046.0,7788.0,189.0,168.0,246.0,102.0,65.0,94.0,107.0,83.0,66.0,68.0,65.0,25.0,6819.428571428572,51910.95238093872,7113.428571428572,156882.76373626615,246.42857142857142,3035.1005291005426,270.32142857142856,4230.17826617829,77.85714285714286,150.8095238095461,73.53571428571429,160.68131868130092,61.57142857142857,139.2857142856818,50.07142857142857,226.57142857142708,-94.0,-87.0,-103.0,-152.0,-168.57142857142858,3572.6560846561238,-196.78571428571428,5082.967643467664,1,6,0,2,157,0.7818314824680298,0.6234898018587336,0.49999999999999994,-0.8660254037844387,0.44216815196707204,-0.8969321743510065
2023-06-07,113.0,162.0,107.0,6483.0,208.0,232.0,-17.219894549244145,-6.780105450755826,6508.0,7053.0,7709.0,187.0,210.0,276.0,93.0,82.0,53.0,124.0,80.0,70.0,92.0,38.0,35.0,6742.571428571428,52628.285714271544,7022.0,141072.65384615632,249.14285714285714,2589.9576719576867,266.10714285714283,4699.584859584884,81.85714285714286,142.80952380954517,73.46428571428571,157.60439560437786,65.42857142857143,274.2857142856829,54.857142857142854,288.7857142857128,-101.0,-94.0,-128.0,-223.0,-167.28571428571428,3780.9417989418375,-192.64285714285714,5722.879731379753,2,6,0,2,158,0.9749279121818236,-0.22252093395631434,0.49999999999999994,-0.8660254037844387,0.42667408318992467,-0.9044054548343001
2023-06-08,106.0,196.0,131.0,6446.0,255.0,224.28571428571425,20.791543792326248,9.922741921959505,6483.0,7002.0,7546.0,208.0,287.0,408.0,107.0,68.0,64.0,162.0,82.0,73.0,113.0,56.0,43.0,6661.142857142857,40061.142857128165,6934.428571428572,118856.45604395845,248.85714285714286,2616.624338624353,261.25,4926.376068376094,85.42857142857143,233.28571428573477,77.32142857142857,195.87912087910374,76.14285714285714,392.14285714282886,60.42857142857143,485.07142857142713,-124.0,-101.0,-219.0,-344.0,-163.42857142857142,4238.656084656123,-183.92857142857142,6216.2423687423925,3,6,0,2,159,0.43388373911755823,-0.900968867902419,0.49999999999999994,-0.8660254037844387,0.4110537546870351,-0.9116111071930239
2023-06-09,99.33333333333331,181.33333333333331,143.33333333333334,6299.666666666667,249.33333333333331,222.57142857142856,21.74184085920495,5.020063902699839,6446.0,6853.0,7408.5,255.0,288.6666666666667,357.75,131.0,72.0,65.75,196.0,89.0,69.75,106.0,62.0,42.5,6581.714285714285,21051.23809522291,6855.857142857143,101788.32417582643,244.28571428571428,2356.0529100529234,250.32142857142858,3144.1782661782927,94.42857142857143,434.2857142857326,82.10714285714286,379.2087912087748,83.28571428571429,413.5714285714023,64.92857142857143,599.6483516483502,-105.99999999999997,-124.0,-216.66666666666669,-292.0,-149.85714285714286,3768.179894179932,-168.21428571428572,4255.583028083057,4,6,0,2,160,-0.433883739117558,-0.9009688679024191,0.49999999999999994,-0.8660254037844387,0.3953117887649151,-0.9185469991587165
2023-06-10,92.66666666666669,166.66666666666666,155.66666666666666,6153.333333333333,243.66666666666663,216.7142857142857,22.02002024784352,4.9323607045374445,6299.666666666667,6704.0,7271.0,249.33333333333331,290.3333333333333,307.5,143.33333333333334,76.0,67.5,181.33333333333331,96.0,66.5,99.33333333333331,68.0,42.0,6502.666666666666,14753.777777762143,6776.654761904762,95335.3609584881,238.66666666666669,1995.1851851851973,242.57738095238093,2191.908615689893,104.61904761904762,627.9047619047778,87.64880952380952,613.9125839438184,88.6190476190476,347.793650793626,68.98809523809523,634.2583943833927,-87.99999999999997,-105.99999999999997,-214.33333333333331,-240.0,-134.04761904761904,3053.2380952381336,-154.92857142857142,3184.550061050094,5,6,1,2,161,-0.9749279121818236,-0.2225209339563146,0.49999999999999994,-0.8660254037844387,0.37945284372454435,-0.925211078289358
2023-06-11,86.0,152.0,168.0,6007.0,238.0,210.85714285714283,22.28539483923852,4.857462303618647,6153.333333333333,6555.0,7133.5,243.66666666666663,292.0,257.25,155.66666666666666,80.0,69.25,166.66666666666666,103.0,63.25,92.66666666666669,74.0,41.5,6424.0,21117.03703702104,6696.821428571428,99560.38659951373,232.0,1502.592592592604,238.01785714285714,1845.3848061660838,116.0,774.5925925926058,93.94642857142857,895.8521443833796,92.14285714285714,265.1798941798704,72.60714285714286,607.2547313797297,-70.0,-87.99999999999997,-212.0,-188.0,-116.0,1952.3333333333721,-144.07142857142858,2845.4731379731743,6,6,1,2,162,-0.7818314824680299,0.6234898018587334,0.49999999999999994,-0.8660254037844387,0.36348161248290634,-0.9316013725767187
2023-06-12,84.0,118.0,136.0,6021.0,177.0,213.28571428571428,-24.992007839004494,-11.293706446709784,6007.0,6523.0,6996.0,238.0,189.0,207.0,168.0,102.0,71.0,152.0,107.0,60.0,86.0,68.0,41.0,6345.714285714285,40088.27513225876,6616.357142857143,114523.64896215111,224.28571428571428,839.1640211640315,236.64285714285714,1814.8968253968528,128.57142857142858,824.8783068783172,101.0,1217.1965811965672,93.85714285714286,213.17989417987096,75.78571428571429,535.7368742368726,-41.0,-70.0,-87.0,-136.0,-95.71428571428571,288.9047619048,-135.64285714285714,3042.572039072077,0,6,0,2,163,0.0,1.0,0.49999999999999994,-0.8660254037844387,0.3474028211842774,-0.9377159910299093
2023-06-13,59.0,64.0,117.0,6061.0,146.0,211.8809523809524,-44.6268973503646,-21.25405503058778,6021.0,6508.0,7046.0,177.0,187.0,168.0,136.0,93.0,65.0,118.0,124.0,83.0,84.0,92.0,65.0,6274.0,46423.03703702032,6546.714285714285,125479.00610500832,222.57142857142858,1000.878306878317,234.5,2015.995726495754,133.42857142857142,688.878306878316,105.64285714285714,1218.982295482282,96.14285714285714,111.84656084653825,78.85714285714286,437.6874236874221,-29.0,-41.0,-94.0,-103.0,-89.14285714285714,724.8095238095617,-128.85714285714286,3681.9951159951556,1,6,0,2,164,0.7818314824680298,0.6234898018587336,0.49999999999999994,-0.8660254037844387,0.3312212278016865,-0.9435531242349544
2023-06-14,62.0,97.0,52.0,6065.0,167.0,206.6428571428572,-17.219894549244145,-22.422962593613025,6061.0,6483.0,7053.0,146.0,208.0,210.0,117.0,107.0,82.0,64.0,162.0,80.0,59.0,113.0,38.0,6210.142857142857,40101.179894162946,6476.357142857143,119119.80280830516,216.71428571428572,1727.1640211640306,232.92857142857142,2275.6440781441056,136.85714285714286,447.73544973545813,109.35714285714286,1086.9822954822828,91.42857142857143,312.98941798939387,78.42857142857143,453.05006105005947,-115.0,-29.0,-101.0,-128.0,-79.85714285714286,1223.142857142895,-123.57142857142857,4367.51159951164,2,6,0,2,165,0.9749279121818236,-0.22252093395631434,0.49999999999999994,-0.8660254037844387,0.31494162072895193,-0.9491110448902284
2023-06-15,91.0,75.0,97.0,6038.0,272.0,197.57142857142856,20.791543792326248,53.637027636245165,6065.0,6446.0,7002.0,167.0,255.0,287.0,52.0,131.0,68.0,97.0,196.0,82.0,62.0,106.0,56.0,6150.428571428572,27043.65608463896,6405.785714285715,101194.65995116247,210.85714285714286,2086.402116402125,229.85714285714286,2559.3968253968533,129.0,1427.2592592592703,107.21428571428571,1277.531746031733,84.14285714285714,317.8465608465344,80.14285714285714,344.9181929181913,-175.0,-115.0,-124.0,-219.0,-81.85714285714286,1349.8095238095618,-122.64285714285714,4370.7258852259265,3,6,0,2,166,0.43388373911755823,-0.900968867902419,0.49999999999999994,-0.8660254037844387,0.2985688173637202,-0.9543881083175908
2023-06-16,75.5,69.0,75.5,5948.25,239.5,192.57142857142853,21.74184085920495,25.186730569366524,6038.0,6299.666666666667,6853.0,272.0,249.33333333333331,288.6666666666667,97.0,143.33333333333334,72.0,75.0,181.33333333333331,89.0,91.0,99.33333333333331,62.0,6092.142857142857,10626.51322749584,6336.928571428572,79149.7808302835,213.28571428571428,2377.8306878306967,228.78571428571428,2443.60012210015,124.14285714285714,1569.7354497354625,109.28571428571429,1162.6471306471178,82.0,240.70370370367655,82.64285714285714,302.41819291819115,-164.0,-175.0,-105.99999999999997,-216.66666666666669,-89.14285714285714,2437.809523809562,-119.5,3856.747863247905,4,6,0,2,167,-0.433883739117558,-0.9009688679024191,0.49999999999999994,-0.8660254037844387,0.2821076626819194,-0.9593827529490743
2023-06-17,60.0,63.0,54.0,5858.5,207.0,190.85714285714283,22.02002024784352,-5.877163104986352,5948.25,6153.333333333333,6704.0,239.5,243.66666666666663,290.3333333333333,75.5,155.66666666666666,76.0,69.0,166.66666666666666,96.0,75.5,92.66666666666669,68.0,6041.940476190476,3959.358134902975,6272.303571428572,65786.07650336057,211.88095238095235,2273.488095238104,225.27380952380955,2163.323107448135,114.45238095238095,1793.1547619047776,109.53571428571429,1143.4452075701947,78.5952380952381,184.14682539679742,83.60714285714286,272.5624236874219,-153.0,-164.0,-87.99999999999997,-214.33333333333331,-97.42857142857143,3244.2857142857533,-115.73809523809523,3267.575702075744,5,6,1,2,168,-0.9749279121818236,-0.2225209339563146,0.49999999999999994,-0.8660254037844387,0.26556302780405594,-0.9640935007889755
2023-06-18,44.5,57.0,32.5,5768.75,174.5,188.28571428571428,22.28539483923852,-36.0711091249528,5858.5,6007.0,6555.0,207.0,238.0,292.0,54.0,168.0,80.0,63.0,152.0,103.0,60.0,86.0,74.0,5999.821428571428,5430.014880934563,6211.910714285715,60694.494085778315,206.64285714285714,2077.059523809533,219.32142857142858,1825.2583943834225,99.92857142857143,1873.035714285735,107.96428571428571,1291.5221306471178,73.92857142857143,183.36904761901823,83.03571428571429,296.3426434676417,-142.0,-153.0,-70.0,-212.0,-106.71428571428571,3643.5714285714675,-111.35714285714286,2605.939560439604,6,6,1,2,169,-0.7818314824680299,0.6234898018587334,0.49999999999999994,-0.8660254037844387,0.24893980855376657,-0.9685189578512204
2023-06-19,29.0,51.0,11.0,5679.0,142.0,179.0,-24.992007839004494,-12.007992160995506,5768.75,6021.0,6523.0,174.5,177.0,189.0,32.5,136.0,102.0,57.0,118.0,107.0,44.5,84.0,68.0,5965.785714285715,12968.925595220157,6155.75,63350.24786325102,197.57142857142858,1989.3690476190568,210.92857142857142,1497.614163614192,80.57142857142857,1421.3690476190748,104.57142857142857,1657.0372405372275,68.0,262.41666666663554,80.92857142857143,399.5115995115978,-131.0,-142.0,-41.0,-87.0,-117.0,3503.0000000000396,-106.35714285714286,1872.0934065934512,0,6,0,2,170,0.0,1.0,0.49999999999999994,-0.8660254037844387,0.23224292400907015,-0.9726578145718654
2023-06-20,33.0,53.0,34.0,5904.0,134.0,177.02380952380952,-44.6268973503646,1.6030878265550823,5679.0,6061.0,6508.0,142.0,146.0,187.0,11.0,117.0,93.0,51.0,64.0,124.0,29.0,59.0,92.0,5916.928571428572,23383.639880934334,6095.464285714285,66545.39072039409,192.57142857142858,2404.369047619057,207.57142857142858,1813.9603174603458,62.714285714285715,1343.9880952381282,98.07142857142857,2284.5372405372264,60.142857142857146,401.226190476157,78.14285714285714,585.7258852258836,-100.0,-131.0,-29.0,-94.0,-129.85714285714286,2380.1428571428964,-109.5,1879.3461538461977,1,6,0,2,171,0.7818314824680298,0.6234898018587336,0.49999999999999994,-0.8660254037844387,0.21547731504673012,-0.976508846196619
2023-06-21,93.0,196.0,169.0,5922.0,149.0,182.35714285714283,-17.219894549244145,-16.137248307898687,5904.0,6065.0,6483.0,134.0,167.0,208.0,34.0,52.0,107.0,53.0,97.0,162.0,33.0,62.0,113.0,5894.5,19365.187499981916,6052.321428571428,54269.58852259199,190.85714285714286,2611.2261904761995,203.78571428571428,2182.3394383394666,50.857142857142854,826.2261904762273,93.85714285714286,2579.21306471305,56.42857142857143,507.7023809523464,73.92857142857143,708.5885225885212,20.0,-100.0,-115.0,-101.0,-140.0,713.3333333333726,-109.92857142857143,1867.6098901099338,2,6,0,2,172,0.9749279121818236,-0.22252093395631434,0.49999999999999994,-0.8660254037844387,0.19864794288017112,-0.9800709131432666
2023-06-22,124.0,234.0,161.0,5956.0,207.0,195.0,20.791543792326248,-8.791543792326248,5922.0,6038.0,6446.0,149.0,272.0,255.0,169.0,97.0,131.0,196.0,75.0,196.0,93.0,91.0,106.0,5874.071428571428,14159.306547600916,6012.25,39578.78632478987,188.28571428571428,2800.654761904771,199.57142857142858,2392.729548229576,67.57142857142857,2826.369047619079,98.28571428571429,2979.1471306471167,60.857142857142854,702.5595238094907,72.5,616.9401709401695,-46.0,20.0,-175.0,-124.0,-120.71428571428571,4441.9047619048015,-101.28571428571429,3079.6043956044405,3,6,0,2,173,0.43388373911755823,-0.900968867902419,0.49999999999999994,-0.8660254037844387,0.18175978759137534,-0.9833429613388902
2023-06-23,113.33333333333331,223.66666666666663,165.0,5892.666666666667,225.66666666666663,199.57142857142856,21.74184085920495,4.353397236033125,5956.0,5948.25,6299.666666666667,207.0,239.5,249.33333333333331,161.0,75.5,143.33333333333334,234.0,69.0,181.33333333333331,124.0,75.5,99.33333333333331,5862.357142857143,10639.163690458028,5977.25,24030.709401713008,179.0,1590.4166666666758,196.14285714285714,2147.982295482323,76.71428571428571,4039.321428571457,100.42857142857143,3194.421855921842,65.57142857142857,1189.7023809523491,73.78571428571429,732.8522588522575,-60.66666666666663,-46.0,-164.0,-105.99999999999997,-102.28571428571429,4484.904761904802,-95.71428571428571,3241.604395604442,4,6,0,2,174,-0.433883739117558,-0.9009688679024191,0.49999999999999994,-0.8660254037844387,0.16481784665719793,-0.9863240225317866
2023-06-24,102.66666666666669,213.33333333333331,169.0,5829.333333333333,244.3333333333333,202.57142857142856,22.02002024784352,19.74188451406124,5892.666666666667,5858.5,6153.333333333333,225.66666666666663,207.0,243.66666666666663,165.0,54.0,155.66666666666666,223.66666666666663,63.0,166.66666666666666,113.33333333333331,60.0,92.66666666666669,5854.416666666666,9489.118055537385,5948.178571428572,15674.53724054088,177.0238095238095,1338.7817460317544,194.45238095238096,1994.3223443223721,89.5,5147.4166666666915,101.97619047619048,3370.969474969461,70.97619047619047,1519.3928571428269,74.78571428571429,801.8778998778986,-75.33333333333329,-60.66666666666663,-153.0,-87.99999999999997,-87.5238095238095,3884.587301587342,-92.47619047619048,3316.6617826618294,5,6,1,2,175,-0.9749279121818236,-0.2225209339563146,0.49999999999999994,-0.8660254037844387,0.14782713347053048,-0.9890132145779883
2023-06-25,92.0,203.0,173.0,5766.0,263.0,206.14285714285717,22.28539483923852,34.57174801790434,5829.333333333333,5768.75,6007.0,244.3333333333333,174.5,238.0,169.0,32.5,168.0,213.33333333333331,57.0,152.0,102.66666666666669,44.5,86.0,5850.25,9570.946759241086,5925.035714285715,12946.647130650847,182.35714285714286,1910.9298941799018,194.5,1999.4017094017368,105.92857142857143,5675.869047619067,102.92857142857143,3493.802197802184,77.07142857142857,1623.3505291005006,75.5,836.5299145299133,-90.0,-75.33333333333329,-142.0,-70.0,-76.42857142857142,3051.211640211681,-91.57142857142857,3336.8449328449806,6,6,1,2,176,-0.7818314824680299,0.6234898018587334,0.49999999999999994,-0.8660254037844387,0.13079267585675922,-0.9914097417023038
2023-06-26,186.0,259.0,172.0,5819.0,174.0,207.0,-24.992007839004494,-8.007992160995478,5766.0,5679.0,6021.0,263.0,142.0,177.0,173.0,11.0,136.0,203.0,51.0,118.0,92.0,29.0,84.0,5849.857142857143,9646.735449717278,5907.821428571428,14056.306471310225,195.0,2798.0370370370456,196.28571428571428,2211.3522588522865,126.0,5057.000000000012,103.28571428571429,3545.6428571428432,83.85714285714286,1429.9576719576455,75.92857142857143,848.7936507936495,-2.0,-90.0,-131.0,-41.0,-68.99999999999999,2300.9259259259666,-93.0,3299.042735042782,0,6,0,2,177,0.0,1.0,0.49999999999999994,-0.8660254037844387,0.11371951458594969,-0.9935128947338007
2023-06-27,154.0,225.0,220.0,5917.0,155.0,209.76190476190476,-44.6268973503646,-10.13500741154013,5819.0,5904.0,6061.0,174.0,134.0,146.0,172.0,34.0,117.0,259.0,53.0,64.0,186.0,33.0,59.0,5869.857142857143,4473.402116383983,5893.392857142857,13453.636141639921,199.57142857142858,2378.989417989427,196.07142857142858,2220.896214896243,149.0,2588.333333333338,105.85714285714286,3819.4010989010853,106.28571428571429,2080.386243386224,83.21428571428571,1718.5958485958472,65.0,-2.0,-100.0,-29.0,-50.571428571428555,2012.21164021168,-90.21428571428571,3719.68559218564,1,6,0,2,178,0.7818314824680298,0.6234898018587336,0.49999999999999994,-0.8660254037844387,0.0966127018812031,-0.9953220513156602
2023-06-28,91.0,199.0,172.0,5999.0,174.0,214.4285714285714,-17.219894549244145,-23.208676879327243,5917.0,5922.0,6065.0,155.0,149.0,167.0,220.0,169.0,52.0,225.0,196.0,97.0,154.0,93.0,62.0,5871.714285714285,4645.497354479222,5883.107142857143,11221.636141639934,202.57142857142858,1982.9894179894266,196.71428571428572,2157.352258852287,175.57142857142858,400.6190476190436,113.21428571428571,4753.758241758229,123.57142857142857,1216.1005291005154,90.0,2009.3376068376056,-2.0,65.0,20.0,-115.0,-26.99999999999999,3182.925925925965,-83.5,5236.081196581245,2,6,0,2,179,0.9749279121818236,-0.22252093395631434,0.49999999999999994,-0.8660254037844387,0.07947729992362097,-0.9968366760893436
2023-06-29,81.0,213.0,153.0,6058.0,213.0,221.0,20.791543792326248,-28.79154379232622,5999.0,5956.0,6038.0,174.0,207.0,272.0,172.0,161.0,97.0,199.0,234.0,75.0,91.0,124.0,91.0,5882.714285714285,6783.164021145897,5878.392857142857,9685.86691087072,206.14285714285714,1625.8465608465697,197.21428571428572,2128.852258852287,176.0,395.3333333333292,121.78571428571429,4652.219780219768,123.28571428571429,1237.0529100528963,92.07142857142857,1944.4859584859573,-60.0,-2.0,-46.0,-175.0,-30.14285714285713,2907.402116402156,-75.42857142857143,5600.53724053729,3,6,0,2,180,0.43388373911755823,-0.900968867902419,0.49999999999999994,-0.8660254037844387,0.062318379354325076,-0.998056320853012
2023-06-30,123.66666666666666,237.0,163.33333333333334,6006.333333333333,245.0,227.07142857142856,21.74184085920495,-3.813269430633504,6058.0,5892.666666666667,5948.25,213.0,225.66666666666663,239.5,153.0,165.0,75.5,213.0,223.66666666666663,69.0,81.0,113.33333333333331,75.5,5897.285714285715,10761.164021145878,5879.821428571428,10205.537240541044,207.0,1632.7037037037126,193.0,1698.6709401709682,174.85714285714286,444.47619047618673,125.78571428571429,4662.681318681306,117.14285714285714,1490.9576719576562,91.35714285714286,1953.277167277166,-81.66666666666666,-60.0,-60.66666666666663,-164.0,-32.14285714285713,3009.402116402156,-67.21428571428571,4783.5317460317965,4,6,0,2,181,-0.433883739117558,-0.9009688679024191,0.49999999999999994,-0.8660254037844387,0.04514101777397193,-0.9989806246941579
2023-07-01,166.33333333333331,261.0,173.66666666666666,5954.666666666667,277.0,222.6428571428571,22.02002024784352,32.33712260929937,6006.333333333333,5829.333333333333,5858.5,245.0,244.3333333333333,207.0,163.33333333333334,169.0,54.0,237.0,213.33333333333331,63.0,123.66666666666666,102.66666666666669,60.0,5913.52380952381,12431.883597865448,5883.970238095238,11057.984623019667,209.7619047619048,1806.3968253968349,193.39285714285714,1740.1778083028364,174.61904761904762,450.3492063492026,132.0595238095238,4534.229090354078,118.61904761904762,1493.089947089932,94.79761904761904,2001.4879426129414,-103.33333333333334,-81.66666666666666,-75.33333333333329,-153.0,-35.14285714285713,3272.0687830688225,-61.33333333333333,4041.777777777829,5,7,1,3,182,-0.9749279121818236,-0.2225209339563146,1.2246467991473532e-16,-1.0,0.02795029824021032,-0.999609314096404
2023-07-02,209.0,285.0,184.0,5903.0,309.0,221.64285714285717,22.28539483923852,65.07174801790434,5954.666666666667,5766.0,5768.75,277.0,263.0,174.5,173.66666666666666,173.0,32.5,261.0,203.0,57.0,166.33333333333331,92.0,44.5,5931.428571428572,11158.656084637953,5890.839285714285,11341.729128514171,214.42857142857142,2335.285714285724,198.39285714285714,2236.7162698412976,175.28571428571428,444.7195767195728,140.60714285714286,4119.99832112331,127.71428571428571,1733.6084656084531,102.39285714285714,2239.8615689865683,-125.0,-103.33333333333334,-90.0,-142.0,-39.142857142857146,3759.1798941799348,-57.78571428571428,3517.548840048892,6,7,1,3,183,-0.7818314824680299,0.6234898018587334,1.2246467991473532e-16,-1.0,0.01075130776352193,-0.9999422030204416
2023-07-03,196.5,299.5,200.5,6015.0,216.5,220.5,-24.992007839004494,20.992007839004494,5903.0,5819.0,5679.0,309.0,174.0,142.0,184.0,172.0,11.0,285.0,259.0,51.0,209.0,186.0,29.0,5951.0,6285.370370352273,5900.428571428572,10107.477411481195,221.0,3382.3333333333444,208.0,3034.4786324786596,176.85714285714286,453.6243386243343,151.42857142857142,3239.7167277167173,144.42857142857142,2296.3227513227434,114.14285714285714,2707.6019536019526,-16.0,-125.0,-2.0,-131.0,-44.142857142857146,4527.513227513268,-56.57142857142857,3317.938949939002,0,7,0,3,184,0.0,1.0,1.2246467991473532e-16,-1.0,-0.00645086419810515,-0.9999791929590823
2023-07-04,184.0,314.0,217.0,6127.0,124.0,214.3571428571429,-44.6268973503646,-45.73024550677826,6015.0,5917.0,5904.0,216.5,155.0,134.0,200.5,220.0,34.0,299.5,225.0,53.0,196.5,154.0,33.0,5979.0,3149.370370352328,5924.428571428572,6725.323565327333,227.07142857142858,2974.535714285725,213.32142857142858,2674.4635225885495,180.92857142857142,523.5171957671904,164.96428571428572,1710.7016178266083,145.92857142857142,2457.5727513227444,126.10714285714286,2517.553876678876,93.0,-16.0,65.0,-100.0,-46.142857142857146,4358.846560846602,-48.357142857142854,2945.768620268674,1,7,0,3,185,0.7818314824680298,0.6234898018587336,1.2246467991473532e-16,-1.0,-0.023651127245231586,-0.9997202729664083
2023-07-05,107.0,215.0,230.0,6193.0,167.0,203.2142857142857,-17.219894549244145,-18.99439116504155,6127.0,5999.0,5922.0,124.0,174.0,149.0,217.0,172.0,169.0,314.0,199.0,196.0,184.0,91.0,93.0,6009.0,5109.370370352396,5940.357142857143,9576.537851041614,222.64285714285714,3856.559523809535,212.60714285714286,2803.639346764374,180.5,485.7314814814761,178.03571428571428,415.6246947496857,150.21428571428572,2666.85846560846,136.89285714285714,1983.246184371184,63.0,93.0,-2.0,20.0,-42.142857142857146,5508.179894179935,-34.57142857142857,4073.0158730159287,2,7,0,3,186,0.9749279121818236,-0.22252093395631434,1.2246467991473532e-16,-1.0,-0.04084439154329611,-0.9991655196610109
2023-07-06,101.0,162.0,178.0,6239.0,205.0,187.07142857142856,20.791543792326248,-2.8629723637548032,6193.0,6058.0,5956.0,167.0,213.0,207.0,230.0,153.0,161.0,215.0,213.0,234.0,107.0,81.0,124.0,6036.714285714285,9839.275132257188,5959.714285714285,14056.971916975657,221.64285714285714,3977.059523809535,213.89285714285714,2650.639346764374,188.78571428571428,801.9695767195693,182.39285714285714,596.6137057386967,152.5,2387.6203703703654,137.89285714285714,1902.7077228327225,-27.0,63.0,-60.0,-46.0,-32.857142857142854,6981.513227513268,-31.499999999999993,4566.0982905983465,3,7,0,3,187,0.43388373911755823,-0.900968867902419,1.2246467991473532e-16,-1.0,-0.05802556932878035,-0.9983150972033183
2023-07-07,100.33333333333331,171.33333333333334,177.33333333333334,6230.666666666667,202.0,179.42857142857142,21.74184085920495,0.8295877122236348,6239.0,6006.333333333333,5892.666666666667,205.0,245.0,225.66666666666663,178.0,163.33333333333334,165.0,162.0,237.0,223.66666666666663,101.0,123.66666666666666,113.33333333333331,6062.571428571428,15803.65608463816,5979.928571428572,19615.900488404186,220.5,4009.250000000011,213.75,2653.045940170967,192.35714285714286,593.041005290997,183.60714285714286,561.3060134310044,155.35714285714286,1968.0965608465567,136.25,1989.6527777777771,-24.666666666666657,-27.0,-81.66666666666666,-60.66666666666663,-28.142857142857142,6838.513227513268,-30.142857142857135,4549.499389499446,4,7,0,3,188,-0.433883739117558,-0.9009688679024191,1.2246467991473532e-16,-1.0,-0.07518957641475855,-0.9971692572470178
2023-07-08,99.66666666666669,180.66666666666663,176.66666666666666,6222.333333333333,199.0,182.14285714285717,22.02002024784352,-5.1628773907006575,6230.666666666667,5954.666666666667,5829.333333333333,202.0,277.0,244.3333333333333,177.33333333333334,173.66666666666666,169.0,171.33333333333334,261.0,213.33333333333331,100.33333333333331,166.33333333333331,102.66666666666669,6094.619047619047,18787.64550262759,6004.071428571428,23238.56715507083,214.35714285714286,3922.2261904762013,212.0595238095238,2649.6649877900145,194.35714285714286,485.59656084655217,184.48809523809524,536.8652319902229,152.02380952380955,2292.3558201058154,135.32142857142858,2047.557539682539,-22.333333333333343,-24.666666666666657,-103.33333333333334,-75.33333333333329,-20.0,6285.703703703745,-27.571428571428566,4473.015873015929,5,7,1,3,189,-0.9749279121818236,-0.2225209339563146,1.2246467991473532e-16,-1.0,-0.09233133369539122,-0.9957283388645872
2023-07-09,99.0,190.0,176.0,6214.0,196.0,188.28571428571428,22.28539483923852,-14.571109124952798,6222.333333333333,5903.0,5766.0,199.0,309.0,263.0,176.66666666666666,184.0,173.0,180.66666666666663,285.0,203.0,99.66666666666669,209.0,92.0,6132.857142857143,16535.84656082865,6032.142857142857,23705.704517708127,203.21428571428572,3162.654761904772,208.82142857142858,2571.3695054945324,194.78571428571428,466.1917989417902,185.03571428571428,522.795634920626,142.5,2609.2870370370306,135.10714285714286,2063.2718253968246,-20.0,-22.333333333333343,-125.0,-90.0,-8.428571428571429,4972.989417989459,-23.785714285714285,4284.215506715564,6,7,1,3,190,-0.7818314824680299,0.6234898018587334,1.2246467991473532e-16,-1.0,-0.10944576864891556,-0.993992768446958
2023-07-10,167.0,239.0,166.0,6346.0,163.0,191.28571428571425,-24.992007839004494,-3.293706446709756,6214.0,6015.0,5819.0,196.0,216.5,174.0,176.0,200.5,172.0,190.0,299.5,259.0,99.0,196.5,186.0,6177.285714285715,6524.608465590526,6064.142857142857,19698.319902323456,187.07142857142858,1002.2023809523902,204.03571428571428,2333.5563186813456,193.64285714285714,504.09656084655234,185.25,517.883547008538,126.78571428571429,1899.5251322751228,135.60714285714286,2020.3487484737477,3.0,-20.0,-16.0,-2.0,6.571428571428571,2467.9894179894595,-18.785714285714285,3921.1385836386416,0,7,0,3,191,0.0,1.0,1.2246467991473532e-16,-1.0,-0.12652781683868314,-0.9919630595773397
2023-07-11,115.0,216.0,169.0,6498.0,143.0,194.33333333333331,-44.6268973503646,-6.706435982968742,6346.0,6127.0,5917.0,163.0,124.0,155.0,166.0,217.0,220.0,239.0,314.0,225.0,167.0,184.0,154.0,6224.571428571428,4270.656084638086,6101.785714285715,19660.677045180524,179.42857142857142,886.2857142857233,203.25,2393.0288461538726,188.71428571428572,595.2751322751245,184.82142857142858,532.6857448107359,122.57142857142857,1338.3227513227412,134.25,1898.8322649572642,26.0,3.0,93.0,65.0,9.285714285714286,2376.6084656085072,-18.428571428571427,3935.8363858364437,1,7,0,3,192,0.7818314824680298,0.6234898018587336,1.2246467991473532e-16,-1.0,-0.1435724234118113,-0.9896398128792412
2023-07-12,84.0,158.0,193.0,6521.0,210.0,197.42857142857144,-17.219894549244145,29.79132312067273,6498.0,6193.0,5999.0,143.0,167.0,174.0,169.0,230.0,172.0,216.0,215.0,199.0,115.0,107.0,91.0,6277.571428571428,11867.322751304673,6143.285714285715,27255.17704518039,182.14285714285714,586.809523809533,202.39285714285714,2492.39148351651,181.85714285714286,471.8465608465542,181.17857142857142,442.45497557996674,112.71428571428571,605.6084656084535,131.46428571428572,1888.975122100121,-17.0,26.0,63.0,-2.0,-0.2857142857142857,1148.275132275174,-21.214285714285715,3543.9078144078717,2,7,0,3,193,0.9749279121818236,-0.22252093395631434,1.2246467991473532e-16,-1.0,-0.16057454459499376,-0.9870237158387383
2023-07-13,130.0,227.0,192.0,6604.0,226.0,200.57142857142856,20.791543792326248,4.637027636245197,6521.0,6239.0,6058.0,210.0,205.0,213.0,193.0,178.0,153.0,158.0,162.0,213.0,84.0,101.0,81.0,6324.428571428572,17989.98941797123,6180.571428571428,35131.06715507038,188.28571428571428,633.9047619047711,204.96428571428572,2427.710164835192,176.57142857142858,73.65608465607873,182.67857142857142,444.3011294261205,109.42857142857143,724.9894179894051,130.96428571428572,1936.0520451770442,-34.0,-17.0,-27.0,-60.0,-11.714285714285714,374.94179894184066,-22.285714285714285,3515.6385836386403,3,7,0,3,194,0.43388373911755823,-0.900968867902419,1.2246467991473532e-16,-1.0,-0.17752914918703497,-0.984115542601034
2023-07-14,116.0,222.66666666666663,181.33333333333331,6558.666666666667,223.33333333333331,200.14285714285717,21.74184085920495,1.4486353312712552,6604.0,6230.666666666667,6006.333333333333,226.0,202.0,245.0,192.0,177.33333333333334,163.33333333333334,227.0,171.33333333333334,237.0,130.0,100.33333333333331,123.66666666666666,6376.571428571428,26628.322751304444,6219.571428571428,46129.067155070225,191.28571428571428,813.9047619047711,205.89285714285714,2455.8530219780487,178.57142857142858,108.32275132274505,185.46428571428572,374.872557997549,113.57142857142857,763.6560846560727,134.46428571428572,1730.8981990231982,-42.0,-34.0,-24.666666666666657,-81.66666666666666,-12.714285714285714,417.6084656085073,-20.428571428571427,3413.067155067212,4,7,0,3,195,-0.433883739117558,-0.9009688679024191,1.2246467991473532e-16,-1.0,-0.19443122004766195,-0.9809161537413774
2023-07-15,102.0,218.33333333333331,170.66666666666666,6513.333333333333,220.66666666666663,205.57142857142856,22.02002024784352,-6.924782152605445,6558.666666666667,6222.333333333333,5954.666666666667,223.33333333333331,199.0,277.0,181.33333333333331,176.66666666666666,173.66666666666666,222.66666666666663,180.66666666666663,261.0,116.0,99.66666666666669,166.33333333333331,6423.428571428572,26045.211640193284,6259.02380952381,49800.16178266468,194.33333333333331,955.1111111111201,204.34523809523807,2359.0276251526516,179.14285714285714,108.9576719576656,186.75,336.72970085469194,115.80952380952382,729.5873015872902,133.91666666666669,1747.832264957264,-49.99999999999997,-42.0,-22.333333333333343,-103.33333333333334,-15.190476190476192,529.5873015873434,-17.595238095238095,3151.746642246699,5,7,1,3,196,-0.9749279121818236,-0.2225209339563146,1.2246467991473532e-16,-1.0,-0.2112757555821793,-0.9774264960104055
2023-07-16,88.0,214.0,160.0,6468.0,218.0,207.85714285714283,22.28539483923852,-12.142537696381352,6513.333333333333,6214.0,5903.0,220.66666666666663,196.0,309.0,170.66666666666666,176.0,184.0,218.33333333333331,190.0,285.0,102.0,99.0,209.0,6465.0,18636.259259240793,6298.928571428572,45934.515873018565,197.42857142857142,1055.8783068783155,200.32142857142853,1956.0276251526516,178.28571428571428,119.05291005290383,186.53571428571428,343.4110195360106,116.14285714285714,717.8095238095126,129.32142857142858,1722.6173687423673,-58.0,-49.99999999999997,-20.0,-125.0,-19.14285714285714,704.8095238095653,-13.785714285714283,2651.4291819292393,6,7,1,3,197,-0.7818314824680299,0.6234898018587334,1.2246467991473532e-16,-1.0,-0.2280577712215198,-0.9736476020539838
2023-07-17,113.0,208.0,159.0,6632.0,160.0,215.7142857142857,-24.992007839004494,-30.7222778752812,6468.0,6346.0,6015.0,218.0,163.0,216.5,160.0,166.0,200.5,214.0,239.0,299.5,88.0,167.0,196.5,6501.285714285715,6601.497354478824,6339.285714285715,34320.97191697434,200.57142857142858,1114.544973544982,193.82142857142858,1026.027625152651,176.0,167.81481481480876,184.82142857142858,393.9165140415052,114.57142857142857,797.9523809523694,120.67857142857143,1285.1558302808278,-1.0,-58.0,3.0,-16.0,-24.571428571428566,921.9523809524227,-8.999999999999998,1825.7094017094603,0,7,0,3,198,0.0,1.0,1.2246467991473532e-16,-1.0,-0.24477230089725957,-0.9695805901076308
2023-07-18,174.0,285.0,150.0,6874.0,181.0,223.7142857142857,-44.6268973503646,1.912611636078907,6632.0,6498.0,6127.0,160.0,143.0,124.0,159.0,169.0,217.0,208.0,216.0,314.0,113.0,115.0,184.0,6542.142857142857,3482.7354497168835,6383.357142857143,30730.84554334769,200.14285714285714,1153.4021164021249,189.78571428571428,1056.9163614163867,175.0,198.14814814814213,181.85714285714286,416.8327228327141,106.85714285714286,270.80952380951044,114.71428571428571,809.1599511599482,-31.0,-1.0,26.0,93.0,-25.14285714285714,887.4761904762323,-7.928571428571426,1825.6269841270428,1,7,0,3,199,0.7818314824680298,0.6234898018587336,1.2246467991473532e-16,-1.0,-0.2614143985111562,-0.965226663665613
2023-07-19,104.0,230.0,206.0,7001.0,226.0,231.85714285714283,-17.219894549244145,11.362751692101313,6874.0,6521.0,6193.0,181.0,210.0,167.0,150.0,193.0,230.0,285.0,158.0,215.0,174.0,84.0,107.0,6595.857142857143,18146.735449716765,6436.714285714285,41127.27960928139,205.57142857142858,635.8783068783154,193.85714285714286,712.0976800977058,172.28571428571428,287.7195767195708,177.07142857142858,375.2338217338134,115.28571428571429,928.2380952380837,114.0,709.7094017093987,-20.0,-31.0,-17.0,63.0,-33.285714285714285,379.90476190480405,-16.785714285714285,998.5061050061621,2,7,0,3,200,0.9749279121818236,-0.22252093395631434,1.2246467991473532e-16,-1.0,-0.2779791393987801,-0.9605871111248129
2023-07-20,147.0,276.0,214.0,7116.0,281.0,240.1428571428571,20.791543792326248,20.06559906481664,7001.0,6604.0,6239.0,226.0,226.0,205.0,206.0,192.0,178.0,230.0,227.0,162.0,104.0,130.0,101.0,6664.428571428572,39083.878306859435,6494.428571428572,57464.862026863426,207.85714285714286,696.0687830687916,198.07142857142858,716.9603174603434,174.14285714285714,401.62433862433255,175.35714285714286,220.94810744809917,118.14285714285714,776.8095238095129,113.78571428571429,713.5830280830249,-67.0,-20.0,-34.0,-27.0,-33.71428571428571,364.90476190480416,-22.714285714285715,471.7753357753919,3,7,0,3,201,0.43388373911755823,-0.900968867902419,1.2246467991473532e-16,-1.0,-0.2944616217868012,-0.9556633054034704
2023-07-21,134.0,257.3333333333333,213.66666666666663,7094.666666666667,279.3333333333333,244.0,21.74184085920495,13.591492474128394,7116.0,6558.666666666667,6230.666666666667,281.0,223.33333333333331,202.0,214.0,181.33333333333331,177.33333333333334,276.0,222.66666666666663,171.33333333333334,147.0,116.0,100.33333333333331,6737.571428571428,66219.8783068593,6557.071428571428,77939.43894993991,215.71428571428572,1460.8306878306967,203.5,1210.5427350427613,177.28571428571428,601.7195767195705,177.92857142857142,328.15689865689,120.57142857142857,885.2857142857039,117.07142857142857,774.242368742366,-65.66666666666669,-67.0,-42.0,-24.666666666666657,-38.42857142857143,523.61904761909,-25.571428571428573,612.4346764347322,4,7,0,3,202,-0.433883739117558,-0.9009688679024191,1.2246467991473532e-16,-1.0,-0.3108569682435036,-0.9504567035349151
2023-07-22,121.0,238.66666666666669,213.33333333333331,7073.333333333333,277.6666666666667,237.57142857142853,22.02002024784352,18.07521784739464,7094.666666666667,6513.333333333333,6222.333333333333,279.3333333333333,220.66666666666663,199.0,213.66666666666663,170.66666666666666,176.66666666666666,257.3333333333333,218.33333333333331,180.66666666666663,134.0,102.0,99.66666666666669,6814.142857142857,75297.84656082749,6618.785714285715,87873.85653235708,223.71428571428572,2051.052910052919,209.02380952380955,1619.8711843712108,181.9047619047619,794.6931216931148,180.5238095238095,419.1233211233118,123.14285714285714,904.1428571428473,119.47619047619048,768.507936507934,-64.33333333333337,-65.66666666666669,-49.99999999999997,-22.333333333333343,-41.8095238095238,631.8095238095665,-28.5,726.7991452992007,5,7,1,3,203,-0.9749279121818236,-0.2225209339563146,1.2246467991473532e-16,-1.0,-0.3271603271220951,-0.9449688462364056
2023-07-23,108.0,220.0,213.0,7052.0,276.0,236.0,22.28539483923852,17.714605160761508,7073.333333333333,6468.0,6214.0,277.6666666666667,218.0,196.0,213.33333333333331,160.0,176.0,238.66666666666669,214.0,190.0,121.0,88.0,99.0,6894.142857142857,63946.73544971622,6679.571428571428,87697.73382173394,231.85714285714286,2457.291005291015,214.6428571428571,1940.58913308916,188.0,894.9259259259185,183.14285714285714,493.3968253968156,125.85714285714286,821.8095238095146,121.0,735.9999999999977,-63.0,-64.33333333333337,-58.0,-20.0,-43.85714285714287,700.2910052910482,-31.5,812.9529914530466,6,7,1,3,204,-0.7818314824680299,0.6234898018587334,1.2246467991473532e-16,-1.0,-0.34336687399638804,-0.939201357453208
2023-07-24,180.0,280.0,146.0,7220.0,187.0,232.85714285714283,-24.992007839004494,-20.86513501813834,7052.0,6632.0,6346.0,276.0,160.0,163.0,213.0,159.0,166.0,220.0,208.0,239.0,108.0,113.0,167.0,6977.571428571428,29713.21164019225,6739.428571428572,77835.11843711823,240.14285714285714,2669.957671957682,220.35714285714286,2168.281440781468,195.57142857142858,801.5449735449657,185.78571428571428,550.5231990231886,128.71428571428572,626.5714285714201,121.64285714285714,711.3241758241737,-41.0,-63.0,-1.0,3.0,-44.57142857142858,727.4338624339053,-34.57142857142857,868.9474969475516,0,7,0,3,205,0.0,1.0,1.2246467991473532e-16,-1.0,-0.3594718130884232,-0.9331559438780432
2023-07-25,134.0,294.0,186.0,7510.0,136.0,232.1428571428571,-44.6268973503646,-51.51595979249251,7220.0,6874.0,6498.0,187.0,181.0,143.0,146.0,150.0,169.0,280.0,285.0,216.0,180.0,174.0,115.0,7061.571428571428,11373.211640192072,6801.857142857143,79496.67887667833,244.0,2052.8148148148252,222.07142857142858,1997.6440781441054,193.71428571428572,984.1640211640133,184.35714285714286,639.9737484737384,138.28571428571428,916.904761904756,122.57142857142857,814.1098901098883,50.0,-41.0,-31.0,26.0,-50.28571428571429,375.0529100529529,-37.714285714285715,752.9035409035951,1,7,0,3,206,0.7818314824680298,0.6234898018587336,1.2246467991473532e-16,-1.0,-0.3754703786876202,-0.9268343944460494
2023-07-26,202.0,313.0,158.0,7647.0,215.0,233.85714285714283,-17.219894549244145,-1.6372483078986877,7510.0,7001.0,6521.0,136.0,226.0,210.0,186.0,206.0,193.0,294.0,230.0,158.0,134.0,104.0,84.0,7152.428571428572,29393.21164019198,6874.142857142857,105341.60195360113,237.57142857142858,3287.10052910054,221.57142857142858,2086.297924297952,198.85714285714286,644.7354497354419,185.57142857142858,620.45177045176,132.57142857142858,669.2857142857068,123.92857142857143,817.7637362637347,-57.0,50.0,-20.0,-17.0,-38.71428571428572,1833.052910052953,-36.0,1029.2991452991996,2,7,0,3,207,0.9749279121818236,-0.22252093395631434,1.2246467991473532e-16,-1.0,-0.3913578365610259,-0.9202385798054075
2023-07-27,110.0,272.0,193.0,7754.0,259.0,238.0,20.791543792326248,0.2084562076737519,7647.0,7116.0,6604.0,215.0,281.0,226.0,158.0,214.0,192.0,313.0,276.0,227.0,202.0,147.0,130.0,7244.714285714285,56402.164021144294,6954.571428571428,134728.96459096347,236.0,3346.8148148148252,221.92857142857142,2079.182539682567,192.0,859.592592592585,183.07142857142858,667.9517704517607,146.57142857142858,1107.952380952377,132.35714285714286,1087.4780219780214,-66.0,-57.0,-67.0,-34.0,-44.00000000000001,1797.8148148148575,-38.857142857142854,1026.6617826618365,3,7,0,3,208,0.43388373911755823,-0.900968867902419,1.2246467991473532e-16,-1.0,-0.4071294853542516,-0.9133704517637858
2023-07-28,128.66666666666666,273.6666666666667,205.0,7726.333333333333,274.3333333333333,242.7142857142857,21.74184085920495,9.877206759842672,7754.0,7094.666666666667,6558.666666666667,259.0,279.3333333333333,223.33333333333331,193.0,213.66666666666663,181.33333333333331,272.0,257.3333333333333,222.66666666666663,110.0,134.0,116.0,7335.857142857143,87178.06878304899,7036.714285714285,167169.07448107298,232.85714285714286,3085.957671957682,224.28571428571428,2177.638583638611,189.0,768.5925925925852,183.14285714285714,669.3968253968158,141.28571428571428,1298.2380952380902,130.92857142857142,1123.302197802197,-69.33333333333331,-66.0,-65.66666666666669,-42.0,-43.85714285714287,1790.2910052910481,-41.142857142857146,1075.8925518926053,4,7,0,3,209,-0.433883739117558,-0.9009688679024191,1.2246467991473532e-16,-1.0,-0.4227806579826773,-0.9062320427107697
2023-07-29,147.33333333333331,275.3333333333333,217.0,7698.666666666667,289.6666666666667,247.28571428571425,22.02002024784352,20.36093213310892,7726.333333333333,7073.333333333333,6513.333333333333,274.3333333333333,277.6666666666667,220.66666666666663,205.0,213.33333333333331,170.66666666666666,273.6666666666667,238.66666666666669,218.33333333333331,128.66666666666666,121.0,102.0,7426.0952380952385,93394.47089945104,7120.119047619047,178681.07020756823,232.14285714285714,3012.0687830687934,227.92857142857142,2355.9517704517975,187.7619047619048,708.0634920634851,184.83333333333334,702.816239316229,140.52380952380952,1315.253968253963,131.83333333333331,1105.6709401709395,-72.66666666666669,-69.33333333333331,-64.33333333333337,-49.99999999999997,-44.38095238095239,1818.8677248677675,-43.09523809523809,1132.86202686208,5,7,1,3,210,-0.9749279121818236,-0.2225209339563146,1.2246467991473532e-16,-1.0,-0.4383067230125192,-0.898825465016444
2023-07-30,166.0,277.0,229.0,7671.0,305.0,255.28571428571425,22.28539483923852,27.42889087504723,7698.666666666667,7052.0,6468.0,289.6666666666667,276.0,218.0,217.0,213.0,160.0,275.3333333333333,220.0,214.0,147.33333333333331,108.0,88.0,7515.428571428572,75726.32275130275,7204.785714285715,168386.47191696943,233.85714285714286,3214.7354497354604,232.85714285714286,2618.9352869353143,188.28571428571428,741.2380952380885,188.14285714285714,755.1746031745918,144.28571428571428,1242.9417989417946,135.07142857142858,1044.3962148962146,-76.0,-72.66666666666669,-63.0,-58.0,-45.57142857142857,1884.2116402116826,-44.714285714285715,1193.6385836386364,6,7,1,3,211,-0.7818314824680299,0.6234898018587334,1.2246467991473532e-16,-1.0,-0.45370308603134424,-0.8911529104063088
2023-07-31,136.0,276.0,178.0,7800.0,220.0,266.7142857142857,-24.992007839004494,-21.72227787528123,7671.0,7220.0,6632.0,305.0,187.0,160.0,229.0,146.0,159.0,277.0,280.0,208.0,166.0,180.0,113.0,7603.857142857143,34842.84656082634,7290.714285714285,135396.51037850732,238.0,3742.25925925927,239.07142857142858,2960.721001221029,190.57142857142858,909.6190476190408,193.07142857142858,796.4987789987662,152.57142857142858,1021.9894179894154,140.64285714285714,914.1105006105008,-42.0,-76.0,-41.0,-1.0,-47.42857142857143,1983.8783068783493,-46.0,1253.5726495727022,0,7,0,3,212,0.0,1.0,1.2246467991473532e-16,-1.0,-0.46896519100763184,-0.8832166493127127
2023-08-01,87.0,246.0,173.0,8103.0,168.0,275.1428571428571,-44.6268973503646,-62.51595979249251,7800.0,7510.0,6874.0,220.0,136.0,181.0,178.0,186.0,150.0,276.0,294.0,285.0,136.0,134.0,174.0,7686.714285714285,8687.608465588,7374.142857142857,114475.19169718804,242.71428571428572,3336.830687830699,243.35714285714286,2487.973748473776,195.14285714285714,580.4761904761834,194.42857142857142,722.6910866910735,146.28571428571428,896.2751322751283,142.28571428571428,854.0830280830285,5.0,-42.0,50.0,-31.0,-47.57142857142857,1981.8783068783493,-48.92857142857143,1089.7979242979766,1,8,0,3,213,0.7818314824680298,0.6234898018587336,-0.4999999999999997,-0.8660254037844388,-0.48408852163897587,-0.8750190302029955
2023-08-02,84.0,171.0,157.0,8261.0,271.0,280.57142857142856,-17.219894549244145,7.64846597781559,8103.0,7647.0,7001.0,168.0,215.0,226.0,173.0,158.0,206.0,246.0,313.0,230.0,87.0,202.0,104.0,7771.428571428572,23992.6560846354,7461.928571428572,127798.3620268577,247.28571428571428,2344.830687830699,242.42857142857142,2624.7594627594904,193.28571428571428,644.2380952380882,196.07142857142858,603.268009767996,139.57142857142858,1404.3227513227457,136.07142857142858,970.2423687423689,-114.0,5.0,-57.0,-20.0,-54.0,807.5925925926354,-46.357142857142854,1281.6660561661088,2,8,0,3,214,0.9749279121818236,-0.22252093395631434,-0.4999999999999997,-0.8660254037844388,-0.4990686026885319,-0.8665624788845385
2023-08-03,167.0,209.0,157.0,8294.0,339.0,283.0,20.791543792326248,35.20845620767375,8261.0,7754.0,7116.0,271.0,259.0,281.0,157.0,193.0,214.0,171.0,272.0,276.0,84.0,110.0,147.0,7859.142857142857,52382.8465608257,7551.928571428572,151849.13125762617,255.28571428571428,2190.164021164033,245.64285714285714,2655.6660561660838,193.14285714285714,656.1428571428502,192.57142857142858,699.9218559218432,122.71428571428571,937.9417989417892,134.64285714285714,1097.4951159951158,-182.0,-114.0,-66.0,-67.0,-62.142857142857146,1328.7354497354927,-53.07142857142857,1531.6440781441297,3,8,0,3,215,0.43388373911755823,-0.900968867902419,-0.4999999999999997,-0.8660254037844388,-0.5139010013093103,-0.8578494977869301
2023-08-04,147.66666666666666,221.0,157.66666666666666,8295.333333333334,333.3333333333333,280.4285714285714,21.74184085920495,31.162921045556978,8294.0,7726.333333333333,7094.666666666667,339.0,274.3333333333333,279.3333333333333,157.0,205.0,213.66666666666663,209.0,273.6666666666667,257.3333333333333,167.0,128.66666666666666,134.0,7936.285714285715,75114.27513225407,7636.071428571428,171965.7466422409,266.7142857142857,3203.497354497366,249.78571428571428,3211.4462759463036,188.0,842.9999999999931,188.5,744.0811965811852,130.85714285714286,1160.5132275132198,136.07142857142858,1164.0885225885227,-175.66666666666666,-182.0,-69.33333333333331,-65.66666666666669,-78.71428571428571,3400.1640211640643,-61.285714285714285,2722.715506715557,4,8,0,3,216,-0.433883739117558,-0.9009688679024191,-0.4999999999999997,-0.8660254037844388,-0.5285813283559292,-0.8488826652214553
2023-08-05,128.33333333333334,233.0,158.33333333333334,8296.666666666666,327.6666666666667,285.99999999999994,22.02002024784352,19.646646418823224,8295.333333333334,7698.666666666667,7073.333333333333,333.3333333333333,289.6666666666667,277.6666666666667,157.66666666666666,217.0,213.33333333333331,221.0,275.3333333333333,238.66666666666669,147.66666666666666,147.33333333333331,121.0,8017.571428571428,81544.87830685703,7721.833333333333,174930.02991452353,275.14285714285717,3850.6243386243495,253.64285714285714,3665.2045177045447,181.2380952380952,894.8412698412629,184.5,751.2606837606738,133.57142857142858,1198.2116402116333,137.04761904761904,1173.0744810744814,-169.33333333333334,-175.66666666666666,-72.66666666666669,-64.33333333333337,-93.90476190476191,4682.915343915386,-69.14285714285714,3661.140415140464,5,8,1,3,217,-0.9749279121818236,-0.2225209339563146,-0.4999999999999997,-0.8660254037844388,-0.5431052396834317,-0.8396646346181327
2023-08-06,109.0,245.0,159.0,8298.0,322.0,283.1428571428571,22.28539483923852,16.57174801790437,8296.666666666666,7671.0,7052.0,327.6666666666667,305.0,276.0,158.33333333333334,229.0,213.0,233.0,277.0,220.0,128.33333333333334,166.0,108.0,8103.0,69062.81481479316,7809.214285714285,159775.03601952872,280.57142857142856,4240.878306878319,257.2142857142857,4028.5744810745086,172.85714285714286,687.1798941798871,180.57142857142858,723.3577533577446,130.85714285714286,1162.624338624331,137.57142857142858,1158.810744810745,-163.0,-169.33333333333334,-76.0,-63.0,-107.71428571428571,5333.497354497397,-76.64285714285714,4370.9481074481555,6,8,1,3,218,-0.7818314824680299,0.6234898018587334,-0.4999999999999997,-0.8660254037844388,-0.5574684374327892,-0.8301981337405212
2023-08-07,156.0,256.0,176.0,8493.0,202.0,285.1428571428571,-24.992007839004494,-58.15084930385262,8298.0,7800.0,7220.0,322.0,220.0,187.0,159.0,178.0,146.0,245.0,276.0,280.0,109.0,136.0,180.0,8192.57142857143,34936.10052907855,7898.214285714285,125516.88217337412,283.0,4420.592592592604,260.5,4312.662393162421,162.85714285714286,77.1798941798872,176.71428571428572,662.2368742368669,122.71428571428571,959.0529100528997,137.64285714285714,1154.332722832723,-26.0,-163.0,-42.0,-41.0,-120.14285714285714,5495.068783068826,-83.78571428571429,4875.343711843759,0,8,0,3,219,0.0,1.0,-0.4999999999999997,-0.8660254037844388,-0.5716666713027052,-0.8204859638785327
2023-08-08,125.0,232.0,192.0,8725.0,207.0,286.4047619047619,-44.6268973503646,-34.777864554397325,8493.0,8103.0,7510.0,202.0,168.0,136.0,176.0,173.0,186.0,256.0,246.0,294.0,156.0,87.0,134.0,8291.57142857143,12859.10052907846,7989.142857142857,108443.2942612854,280.42857142857144,4844.878306878319,261.57142857142856,4159.1184371184645,162.57142857142858,67.65608465607767,178.85714285714286,584.7643467643387,125.57142857142857,1104.7671957671864,135.92857142857142,1039.0799755799756,-15.0,-26.0,5.0,50.0,-117.85714285714286,5948.402116402159,-82.71428571428571,4990.151404151451,1,8,0,3,220,0.7818314824680298,0.6234898018587336,-0.4999999999999997,-0.8660254037844388,-0.5856957398073508,-0.8105309990194823
2023-08-09,118.0,139.0,168.0,8888.0,251.0,286.9285714285714,-17.219894549244145,-18.708676879327243,8725.0,8261.0,7647.0,207.0,271.0,215.0,192.0,157.0,158.0,232.0,171.0,313.0,125.0,84.0,202.0,8380.42857142857,29031.100529078485,8075.928571428572,124325.07997557029,286.0,3600.5925925926035,266.64285714285717,3147.5634920635193,165.28571428571428,185.27513227512517,179.28571428571428,593.9291819291738,131.0,822.4814814814737,135.28571428571428,1047.5360195360195,-83.0,-15.0,-114.0,-57.0,-120.71428571428571,5186.497354497397,-87.35714285714286,3964.794261294308,2,8,0,3,221,0.9749279121818236,-0.22252093395631434,-0.4999999999999997,-0.8660254037844388,-0.5995514915196489,-0.8003361849976323
2023-08-10,142.0,235.0,139.0,8914.0,353.0,286.71428571428567,20.791543792326248,45.49417049338808,8888.0,8294.0,7754.0,251.0,339.0,259.0,168.0,157.0,193.0,139.0,209.0,272.0,118.0,167.0,110.0,8470.0,60231.81481479304,8164.571428571428,152438.5030524925,283.14285714285717,3757.735449735461,269.2142857142857,2954.1129426129696,166.85714285714286,172.179894179887,180.0,568.3247863247778,135.85714285714286,454.95767195766547,129.28571428571428,689.3821733821723,-214.0,-83.0,-182.0,-66.0,-116.28571428571429,5393.164021164063,-89.21428571428571,3891.6514041514506,3,8,0,3,222,0.43388373911755823,-0.900968867902419,-0.4999999999999997,-0.8660254037844388,-0.6132298262997502,-0.7899045386224707
2023-08-11,143.0,236.66666666666663,145.0,9034.0,342.1666666666667,302.0952380952381,21.74184085920495,18.329587712223663,8914.0,8295.333333333334,7726.333333333333,353.0,333.3333333333333,274.3333333333333,139.0,157.66666666666666,205.0,235.0,221.0,273.6666666666667,142.0,147.66666666666666,128.66666666666666,8558.57142857143,78772.76719574566,8247.42857142857,175281.57997556863,285.14285714285717,4046.4021164021274,275.92857142857144,3437.5415140415416,164.28571428571428,277.60846560845835,176.14285714285714,668.6105006104933,132.28571428571428,284.71957671956926,131.57142857142858,667.5799755799749,-197.16666666666669,-214.0,-175.66666666666666,-69.33333333333331,-120.85714285714286,6240.402116402159,-99.78571428571429,4927.651404151449,4,8,0,3,223,-0.433883739117558,-0.9009688679024191,-0.4999999999999997,-0.8660254037844388,-0.6267266965083301,-0.7792391467859886
2023-08-12,144.0,238.33333333333331,151.0,9154.0,331.3333333333333,315.2142857142857,22.02002024784352,-5.900972628795927,9034.0,8296.666666666666,7698.666666666667,342.1666666666667,327.6666666666667,289.6666666666667,145.0,158.33333333333334,217.0,236.66666666666663,233.0,275.3333333333333,143.0,128.33333333333334,147.33333333333331,8664.095238095239,91904.61904759782,8340.833333333334,192590.20085468853,286.40476190476187,4199.443121693133,280.7738095238095,3749.5624236874523,162.47619047619045,328.4761904761832,171.85714285714286,659.3797313797253,131.61904761904762,263.90476190475437,132.5952380952381,675.8492063492059,-180.33333333333331,-197.16666666666669,-169.33333333333334,-72.66666666666669,-123.92857142857143,6699.239417989462,-108.91666666666667,5495.994658119702,5,8,1,3,224,-0.9749279121818236,-0.2225209339563146,-0.4999999999999997,-0.8660254037844388,-0.6400381082043503,-0.7683431655492202
2023-08-13,145.0,240.0,157.0,9274.0,320.5,320.5,22.28539483923852,-22.28539483923852,9154.0,8298.0,7671.0,331.3333333333333,322.0,305.0,151.0,159.0,229.0,238.33333333333331,245.0,277.0,144.0,109.0,166.0,8786.57142857143,91904.61904759808,8444.785714285714,200096.0958485827,286.92857142857144,4251.794973544985,283.75,3930.575854700883,161.42857142857142,346.2857142857071,167.14285714285714,512.1489621489575,133.85714285714286,281.8095238095167,132.35714285714286,669.0848595848591,-163.5,-180.33333333333331,-163.0,-76.0,-125.5,6883.009259259303,-116.60714285714286,5723.55387667892,6,8,1,3,225,-0.7818314824680299,0.6234898018587334,-0.4999999999999997,-0.8660254037844388,-0.65316012232693,-0.7572198192083127
2023-08-14,146.0,241.66666666666663,163.0,9394.0,309.6666666666667,328.21428571428567,-24.992007839004494,6.444388791385514,9274.0,8493.0,7800.0,320.5,202.0,220.0,157.0,176.0,178.0,240.0,256.0,276.0,145.0,156.0,136.0,8926.0,69038.33333331284,8559.285714285714,192812.13431012045,286.7142857142857,4234.580687830699,284.85714285714283,3998.4096459096745,161.14285714285714,348.4761904761833,162.0,197.2478632478601,139.0,168.6666666666605,130.85714285714286,591.8925518925512,-146.66666666666669,-163.5,-26.0,-42.0,-125.57142857142857,6889.294973545017,-122.85714285714286,5723.7942612943025,0,8,0,3,226,0.0,1.0,-0.4999999999999997,-0.8660254037844388,-0.666088855860977,-0.7458723993404063
2023-08-15,147.0,243.33333333333331,169.0,9514.0,298.8333333333333,336.66666666666663,-44.6268973503646,6.793564017031287,9394.0,8725.0,8103.0,309.6666666666667,207.0,168.0,163.0,192.0,173.0,241.66666666666663,232.0,246.0,146.0,125.0,87.0,9054.714285714286,54965.57142855149,8673.142857142857,188100.2002441858,302.09523809523813,2850.2949735449843,291.26190476190476,3678.0073260073555,159.28571428571428,308.2380952380881,160.92857142857142,176.39621489621206,137.57142857142858,126.28571428570781,131.57142857142858,606.9474969474963,-129.83333333333331,-146.66666666666669,-15.0,5.0,-142.80952380952382,4964.374338624381,-130.33333333333334,5204.294871794912,1,8,0,3,227,0.7818314824680298,0.6234898018587336,-0.4999999999999997,-0.8660254037844388,-0.6788204829862355,-0.734304263829602
2023-08-16,148.0,245.0,175.0,9634.0,288.0,345.85714285714283,-17.219894549244145,-40.63724830789869,9514.0,8888.0,8261.0,298.8333333333333,251.0,271.0,169.0,168.0,157.0,243.33333333333331,139.0,171.0,147.0,118.0,84.0,9167.42857142857,57182.28571426632,8773.92857142857,206543.98595847117,315.2142857142857,1144.0899470899574,300.60714285714283,2419.635073260104,156.0,132.99999999999278,160.64285714285714,170.1105006104979,140.71428571428572,103.23809523808933,135.85714285714286,452.6617826617828,-113.0,-129.83333333333331,-83.0,-114.0,-159.21428571428572,1955.9232804233243,-139.96428571428572,3695.569139194178,2,8,0,3,228,0.9749279121818236,-0.22252093395631434,-0.4999999999999997,-0.8660254037844388,-0.6913512362094071,-0.722518835873311
2023-08-17,119.0,219.0,210.0,9694.0,407.0,355.7857142857143,20.791543792326248,30.422741921959474,9634.0,8914.0,8294.0,288.0,353.0,339.0,175.0,139.0,157.0,245.0,235.0,209.0,148.0,142.0,167.0,9274.0,67199.99999998139,8872.0,232849.76068374558,320.5,547.6851851851951,301.82142857142856,2362.843864468896,157.0,167.99999999999284,161.92857142857142,183.16544566544255,145.0,4.66666666666151,140.42857142857142,234.63980463980565,-197.0,-113.0,-214.0,-182.0,-163.5,1322.3518518518958,-139.89285714285714,3699.6350732601127,3,8,0,3,229,0.43388373911755823,-0.900968867902419,-0.4999999999999997,-0.8660254037844388,-0.7036774074790128,-0.7105196029692745
2023-08-18,114.33333333333331,216.0,189.66666666666663,9623.666666666666,401.3333333333333,351.69047619047615,21.74184085920495,27.90101628365222,9694.0,9034.0,8295.333333333334,407.0,342.1666666666667,333.3333333333333,210.0,145.0,157.66666666666666,219.0,236.66666666666663,221.0,119.0,143.0,147.66666666666666,9385.42857142857,60514.28571426792,8972.0,248357.45299143746,328.2142857142857,1549.2566137566237,306.67857142857144,3082.0746336996654,167.14285714285714,462.1428571428507,165.71428571428572,343.6214896214855,141.71428571428572,103.23809523808931,137.0,202.99145299145323,-211.66666666666669,-197.0,-197.16666666666669,-175.66666666666666,-161.07142857142858,1077.4708994709433,-140.96428571428572,3812.8768315018706,4,8,0,3,230,-0.433883739117558,-0.9009688679024191,-0.4999999999999997,-0.8660254037844388,-0.7157953492826642,-0.6983101158835584
2023-08-19,109.66666666666669,213.0,169.33333333333334,9553.333333333334,395.6666666666667,341.85714285714283,22.02002024784352,31.78950356168033,9623.666666666666,9154.0,8296.666666666666,401.3333333333333,331.3333333333333,327.6666666666667,189.66666666666663,151.0,158.33333333333334,216.0,238.33333333333331,233.0,114.33333333333331,144.0,128.33333333333334,9469.666666666668,41111.44444442717,9066.880952380952,236108.07875456294,336.66666666666663,2324.527777777787,311.5357142857143,3691.210164835197,173.52380952380955,417.4761904761844,168.0,377.14529914529436,137.61904761904762,208.34920634919956,134.61904761904762,227.6556776556774,-226.33333333333334,-211.66666666666669,-180.33333333333331,-169.33333333333334,-163.14285714285714,1281.9669312169751,-143.53571428571428,4097.646062271101,5,8,1,3,231,-0.9749279121818236,-0.2225209339563146,-0.4999999999999997,-0.8660254037844388,-0.7277014757264236,-0.6858939875998223
2023-08-20,105.0,210.0,149.0,9483.0,390.0,341.42857142857144,22.28539483923852,26.286033732190035,9553.333333333334,9274.0,8298.0,395.6666666666667,320.5,322.0,169.33333333333334,157.0,159.0,213.0,240.0,245.0,109.66666666666669,145.0,109.0,9526.714285714286,21873.719576702595,9156.642857142857,200000.777167261,345.85714285714283,2801.411375661384,316.39285714285717,4190.250457875491,176.14285714285714,327.84656084655495,168.78571428571428,369.429181929177,132.71428571428572,303.7195767195686,133.28571428571428,270.59584859584794,-241.0,-226.33333333333334,-163.5,-163.0,-169.71428571428572,1847.8399470899913,-147.60714285714286,4555.942765567803,6,8,1,3,232,-0.7818314824680299,0.6234898018587334,-0.4999999999999997,-0.8660254037844388,-0.7393922635959241,-0.673274892250183
2023-08-21,143.0,203.0,163.0,9668.0,281.0,346.57142857142856,-24.992007839004494,-40.57942073242406,9483.0,9394.0,8493.0,390.0,309.6666666666667,202.0,149.0,163.0,176.0,210.0,241.66666666666663,256.0,105.0,146.0,156.0,9556.57142857143,10508.100529083631,9241.285714285714,143765.3650793487,355.7857142857143,2904.0066137566214,321.25,4579.195512820547,175.0,388.03703703703104,168.07142857142858,391.62698412697944,127.0,368.481481481472,133.0,286.68376068375994,-118.0,-241.0,-146.66666666666669,-26.0,-180.78571428571428,2545.3399470899913,-153.17857142857142,5175.228479853517,0,8,0,3,233,0.0,1.0,-0.4999999999999997,-0.8660254037844388,-0.7508642533989489,-0.6604565640279754
2023-08-22,119.0,209.0,152.0,9921.0,230.0,354.6666666666667,-44.6268973503646,-80.03976931630208,9668.0,9514.0,8725.0,281.0,298.8333333333333,207.0,163.0,169.0,192.0,203.0,243.33333333333331,232.0,143.0,147.0,125.0,9595.714285714286,6385.052910036086,9325.214285714286,107114.40354088684,351.69047619047615,3462.09656084657,326.89285714285717,3575.635073260109,175.0,388.03703703703104,167.14285714285714,387.8412698412654,126.57142857142857,350.7671957671862,132.07142857142858,252.7551892551883,-78.0,-118.0,-129.83333333333331,-15.0,-176.69047619047618,2988.7632275132714,-159.75,3979.73397435901,1,8,0,3,234,0.7818314824680298,0.6234898018587336,-0.4999999999999997,-0.8660254037844388,-0.7621140503891487,-0.6474427960827475
2023-08-23,155.0,212.0,181.0,10071.0,285.0,365.71428571428567,-17.219894549244145,-63.49439116504152,9921.0,9634.0,8888.0,230.0,288.0,251.0,152.0,175.0,168.0,209.0,245.0,139.0,119.0,148.0,118.0,9653.857142857143,18963.291005274354,9410.642857142857,98847.54639802936,341.85714285714283,5351.735449735461,328.5357142857143,3189.1845238095607,172.57142857142858,463.32275132274526,164.28571428571428,349.1599511599475,122.57142857142857,272.1005291005186,131.64285714285714,261.8540903540893,-104.0,-78.0,-113.0,-83.0,-169.28571428571428,4182.164021164065,-164.25,2860.272435897471,2,8,0,3,235,0.9749279121818236,-0.22252093395631434,-0.4999999999999997,-0.8660254037844388,-0.7731383255706026,-0.6342374393978054
2023-08-24,109.0,214.0,173.0,10026.0,443.0,379.7142857142857,20.791543792326248,42.494170493388026,10071.0,9694.0,8914.0,285.0,407.0,353.0,181.0,210.0,139.0,212.0,219.0,235.0,155.0,119.0,142.0,9716.285714285714,43352.052910036575,9495.142857142857,103690.04639802902,341.42857142857144,5406.878306878318,330.9642857142857,2866.184523809561,173.42857142857142,473.3227513227453,165.21428571428572,368.65995115994724,123.57142857142857,338.43386243385214,134.28571428571428,281.9804639804636,-270.0,-104.0,-197.0,-214.0,-168.0,4362.592592592636,-165.75,2629.272435897471,3,8,0,3,236,0.43388373911755823,-0.900968867902419,-0.4999999999999997,-0.8660254037844388,-0.7839338166829201,-0.620844401650647
2023-08-25,136.33333333333334,237.0,179.33333333333334,9975.0,458.0,395.0,21.74184085920495,41.25815914079505,10026.0,9623.666666666666,9034.0,443.0,401.3333333333333,342.1666666666667,173.0,189.66666666666663,145.0,214.0,216.0,236.66666666666663,109.0,114.33333333333331,143.0,9763.714285714286,56632.052910036924,9574.57142857143,92594.48595846823,346.57142857142856,6378.878306878316,337.39285714285717,3749.8658424908813,168.14285714285714,217.84656084655467,167.64285714285714,314.11050061049605,122.14285714285714,367.95767195766126,131.92857142857142,320.60134310134214,-278.66666666666663,-270.0,-211.66666666666669,-197.16666666666669,-178.42857142857142,5829.544973545017,-169.75,3268.9647435897778,4,8,0,3,237,-0.433883739117558,-0.9009688679024191,-0.4999999999999997,-0.8660254037844388,-0.7944973291665992,-0.6072676460566135
2023-08-26,163.66666666666669,260.0,185.66666666666663,9924.0,473.0,403.0,22.02002024784352,47.97997975215648,9975.0,9553.333333333334,9154.0,458.0,395.6666666666667,331.3333333333333,179.33333333333334,169.33333333333334,151.0,237.0,213.0,238.33333333333331,136.33333333333334,109.66666666666669,144.0,9813.904761904763,57864.50793649235,9641.785714285714,77585.01892550077,354.66666666666663,7872.000000000007,345.66666666666663,4793.320512820554,166.66666666666669,158.9629629629571,170.09523809523807,278.7081807081754,125.28571428571429,379.83068783067785,131.45238095238096,312.42063492063386,-287.33333333333337,-278.66666666666663,-226.33333333333334,-180.33333333333331,-188.0,7213.148148148191,-175.57142857142858,4087.1739926740247,5,8,1,3,238,-0.9749279121818236,-0.2225209339563146,-0.4999999999999997,-0.8660254037844388,-0.8048257371083452,-0.593511190196115
2023-08-27,191.0,283.0,192.0,9873.0,488.0,414.57142857142856,22.28539483923852,51.14317658933293,9924.0,9483.0,9274.0,473.0,390.0,320.5,185.66666666666663,149.0,157.0,260.0,210.0,240.0,163.66666666666669,105.0,145.0,9866.857142857143,45297.14285712783,9696.785714285714,62151.17277165428,365.7142857142857,9783.238095238099,355.7857142857143,5914.459096459139,169.0,211.59259259258667,172.57142857142858,262.70818070817455,133.0,515.2592592592513,132.85714285714286,378.01221001220927,-296.0,-287.33333333333337,-241.0,-163.5,-196.71428571428572,8524.164021164064,-183.21428571428572,4983.347985348017,6,8,1,3,239,-0.7818314824680299,0.6234898018587334,-0.4999999999999997,-0.8660254037844388,-0.8149159841660791,-0.5795791048257612
2023-08-28,170.0,297.0,196.0,10012.0,388.0,423.4285714285714,-24.992007839004494,-10.436563589566951,9873.0,9668.0,9394.0,488.0,281.0,309.6666666666667,192.0,163.0,163.0,283.0,203.0,241.66666666666663,191.0,143.0,146.0,9922.57142857143,17124.285714271165,9739.57142857143,48818.48595846721,379.7142857142857,11948.57142857143,367.75,7009.191239316285,175.14285714285714,189.06878306877738,175.07142857142858,266.36202686202,145.28571428571428,769.1640211640157,136.14285714285714,615.0891330891328,-192.0,-296.0,-118.0,-146.66666666666669,-204.57142857142858,9768.211640211684,-192.67857142857142,5835.49771062274,0,8,0,3,240,0.0,1.0,-0.4999999999999997,-0.8660254037844388,-0.8247650844733614,-0.5654755126737576
2023-08-29,152.0,272.0,214.0,10180.0,286.0,422.57142857142856,-44.6268973503646,-91.94453122106395,10012.0,9921.0,9514.0,388.0,230.0,298.8333333333333,196.0,152.0,169.0,297.0,209.0,243.33333333333331,170.0,119.0,147.0,9971.714285714286,4838.571428557418,9783.714285714286,43242.90354088453,395.0,10063.33333333333,373.3452380952381,6747.506257631305,179.85714285714286,211.0687830687774,177.42857142857142,282.8620268620194,149.14285714285714,852.7354497354451,137.85714285714286,692.6275946275945,-72.0,-192.0,-78.0,-129.83333333333331,-215.14285714285714,8415.068783068828,-195.91666666666669,5661.3878205128485,1,8,0,3,241,0.7818314824680298,0.6234898018587336,-0.4999999999999997,-0.8660254037844388,-0.8343701235229538,-0.5512045872199277
2023-08-30,239.0,367.0,224.0,10280.0,366.0,412.0,-17.219894549244145,-28.78010545075585,10180.0,10071.0,9634.0,286.0,285.0,288.0,214.0,181.0,175.0,272.0,212.0,245.0,152.0,155.0,148.0,10008.714285714286,10043.238095224522,9831.285714285714,47290.13431011504,403.0,7431.3333333333285,372.42857142857144,6906.383394383441,188.71428571428572,184.49735449734877,180.64285714285714,369.15323565322734,153.85714285714286,676.735449735446,138.21428571428572,701.4462759462757,-142.0,-72.0,-104.0,-113.0,-214.28571428571428,8694.4973544974,-191.78571428571428,6488.266788766818,2,8,0,3,242,0.9749279121818236,-0.22252093395631434,-0.4999999999999997,-0.8660254037844388,-0.8437282590292712,-0.5367705514607103
2023-08-31,113.0,280.0,237.0,10140.0,505.0,391.7142857142857,20.791543792326248,92.49417049338804,10280.0,10026.0,9694.0,366.0,443.0,407.0,224.0,173.0,210.0,367.0,214.0,219.0,239.0,109.0,119.0,10038.57142857143,20622.619047605778,9877.42857142857,57491.25518923551,414.57142857142856,5182.6190476190395,378.0,6327.811965812013,194.85714285714286,338.0687830687773,184.14285714285714,498.11477411476494,165.85714285714286,1716.7354497354484,144.71428571428572,1429.9462759462765,-268.0,-142.0,-270.0,-197.0,-219.71428571428572,7503.830687830734,-193.85714285714286,6196.832722832753,3,8,0,3,243,0.43388373911755823,-0.900968867902419,-0.4999999999999997,-0.8660254037844388,-0.8528367217694595,-0.522177676659508
2023-09-01,133.75,286.5,224.5,10102.0,452.0,378.1428571428571,21.74184085920495,52.11530199793794,10140.0,9975.0,9623.666666666666,505.0,458.0,401.3333333333333,237.0,179.33333333333334,189.66666666666663,280.0,237.0,216.0,113.0,136.33333333333334,114.33333333333331,10054.857142857143,22001.476190463116,9909.285714285714,59113.51892549892,423.42857142857144,6319.285714285704,385.0,7451.042735042784,204.0,456.9259259259201,186.07142857142858,657.5927960927864,166.42857142857142,1643.211640211639,144.28571428571428,1456.2539682539687,-227.5,-268.0,-278.66666666666663,-211.66666666666669,-219.42857142857142,7470.878306878353,-198.92857142857142,6591.23382173385,4,9,0,3,244,-0.433883739117558,-0.9009688679024191,-0.8660254037844385,-0.5000000000000004,-0.8616928164028522,-0.5074302810827518
2023-09-02,154.5,293.0,212.0,10064.0,399.0,372.0,22.02002024784352,4.979979752156481,10102.0,9924.0,9553.333333333334,452.0,473.0,395.6666666666667,224.5,185.66666666666663,169.33333333333334,286.5,260.0,213.0,133.75,163.66666666666669,109.66666666666669,10073.0,20924.999999987147,9943.45238095238,54437.94200242161,422.57142857142856,6255.285714285704,388.6190476190476,7761.724053724103,210.45238095238096,376.9880952380895,188.55952380952382,763.5282356532255,166.05952380952382,1670.0803571428557,145.67261904761907,1393.7098977411483,-187.0,-227.5,-287.33333333333337,-226.33333333333334,-212.11904761904765,6834.543650793697,-200.05952380952382,6640.16926129429,5,9,1,3,245,-0.9749279121818236,-0.2225209339563146,-0.8660254037844385,-0.5000000000000004,-0.8702939222685674,-0.49253272872205434
2023-09-03,175.25,299.5,199.5,10026.0,346.0,361.2857142857143,22.28539483923852,-37.5711091249528,10064.0,9873.0,9483.0,399.0,488.0,390.0,212.0,192.0,149.0,293.0,283.0,210.0,154.5,191.0,105.0,10093.0,16771.666666654073,9979.92857142857,42415.76373624306,412.0,5793.666666666658,388.85714285714283,7766.131868131918,214.21428571428572,258.48809523808904,191.60714285714286,767.3572954822847,164.75,1689.3958333333314,148.875,1288.9345619658127,-146.5,-187.0,-296.0,-241.0,-197.78571428571428,5757.154761904807,-197.25,6591.686965811994,6,9,1,3,246,-0.7818314824680299,0.6234898018587334,-0.8660254037844385,-0.5000000000000004,-0.8786374941610001,-0.4774894280028391
2023-09-04,196.0,306.0,187.0,9988.0,293.0,346.0,-24.992007839004494,-28.007992160995503,10026.0,10012.0,9668.0,346.0,388.0,281.0,199.5,196.0,163.0,299.5,297.0,203.0,175.25,170.0,143.0,10114.857142857143,8895.809523797207,10018.714285714286,21963.75824173718,391.7142857142857,5076.904761904755,385.7142857142857,7896.681318681368,215.28571428571428,210.98809523808904,195.21428571428572,618.493284493273,162.5,1587.020833333331,153.89285714285714,1167.2515262515271,-106.0,-146.5,-192.0,-118.0,-176.42857142857142,4055.7023809524253,-190.5,6593.504273504302,0,9,0,3,247,0.0,1.0,-0.8660254037844385,-0.5000000000000004,-0.886721063082993,-0.46230483047981086
2023-09-05,236.0,330.0,222.0,10142.0,243.0,337.52380952380946,-44.6268973503646,-49.89691217344486,9988.0,10180.0,9921.0,293.0,286.0,230.0,187.0,214.0,152.0,306.0,272.0,209.0,196.0,152.0,119.0,10111.42857142857,9800.952380940043,10041.57142857143,12012.109890088625,378.14285714285717,6483.809523809518,386.57142857142856,7713.648351648401,214.0,280.4166666666606,196.92857142857142,540.6910866910749,166.21428571428572,1748.5922619047606,157.67857142857142,1279.075702075703,-21.0,-106.0,-72.0,-78.0,-164.14285714285714,4665.892857142901,-189.64285714285714,6737.636141636171,1,9,0,3,248,0.7818314824680298,0.6234898018587336,-0.8660254037844385,-0.5000000000000004,-0.8945422369764496,-0.4469834295196741
2023-09-06,81.0,230.0,242.0,10356.0,291.0,335.85714285714283,-17.219894549244145,-27.637248307898687,10142.0,10280.0,10071.0,243.0,366.0,285.0,222.0,224.0,181.0,330.0,367.0,212.0,236.0,239.0,155.0,10106.0,9138.66666665428,10057.357142857143,11401.324175802776,372.0,8068.666666666661,387.5,7412.576923076974,215.14285714285714,289.55952380951766,201.92857142857142,406.8449328449199,178.21428571428572,2358.5922619047647,166.03571428571428,1560.647130647132,-49.0,-21.0,-142.0,-104.0,-156.85714285714286,6603.892857142901,-185.57142857142858,7948.729548229576,2,9,0,3,249,0.9749279121818236,-0.22252093395631434,-0.8660254037844385,-0.5000000000000004,-0.9020987014301837,-0.43152975897147144
2023-09-07,118.0,245.0,160.0,10419.0,398.0,341.0,20.791543792326248,36.20845620767375,10356.0,10140.0,10026.0,291.0,505.0,443.0,242.0,237.0,173.0,230.0,280.0,214.0,81.0,113.0,109.0,10116.857142857143,14371.80952379736,10077.714285714286,17801.29670327512,361.2857142857143,9022.23809523809,387.92857142857144,7320.532967033017,217.71428571428572,388.98809523808904,206.28571428571428,476.2240537240398,155.64285714285714,2723.497023809519,160.75,2077.427350427352,-238.0,-49.0,-268.0,-270.0,-143.57142857142858,8300.03571428576,-181.64285714285714,8855.020757020784,3,9,0,3,250,0.43388373911755823,-0.900968867902419,-0.8660254037844385,-0.5000000000000004,-0.9093882203647925,-0.4159483918249421
2023-09-08,151.33333333333334,257.6666666666667,176.0,10373.333333333334,392.6666666666667,338.71428571428567,21.74184085920495,32.21054009317607,10419.0,10102.0,9975.0,398.0,452.0,458.0,160.0,224.5,179.33333333333334,245.0,286.5,237.0,118.0,133.75,136.33333333333334,10156.714285714286,27644.238095226534,10105.785714285714,25706.642857120998,346.0,5531.999999999993,384.7142857142857,7083.9120879121365,206.71428571428572,740.9880952380892,205.35714285714286,554.866910866897,156.35714285714286,2655.997023809519,161.39285714285714,2011.55921855922,-216.66666666666669,-238.0,-227.5,-278.66666666666663,-139.28571428571428,7184.321428571472,-179.35714285714286,8493.174603174632,4,9,0,3,251,-0.433883739117558,-0.9009688679024191,-0.8660254037844385,-0.5000000000000004,-0.9164086366943458,-0.4002439388573056
2023-09-09,184.66666666666669,270.3333333333333,192.0,10327.666666666666,387.3333333333333,349.1428571428571,22.02002024784352,16.170455942632685,10373.333333333334,10064.0,9924.0,392.6666666666667,399.0,473.0,176.0,212.0,185.66666666666663,257.6666666666667,293.0,260.0,151.33333333333334,154.5,163.66666666666669,10195.476190476189,33213.03174602087,10134.238095238095,29025.35775333559,337.5238095238096,3938.4761904761835,380.0476190476191,6652.185592185639,199.78571428571428,789.4880952380892,205.11904761904765,569.0061050060912,158.86904761904762,2567.661706349202,162.46428571428572,1969.8009768009783,-195.33333333333331,-216.66666666666669,-187.0,-287.33333333333337,-137.73809523809524,6882.535714285758,-174.92857142857142,7820.485958485987,5,9,1,3,252,-0.9749279121818236,-0.2225209339563146,-0.8660254037844385,-0.5000000000000004,-0.9231578729647039,-0.38442104726885545
2023-09-10,218.0,283.0,208.0,10282.0,382.0,356.57142857142856,22.28539483923852,3.143176589332924,10327.666666666666,10026.0,9873.0,387.3333333333333,346.0,488.0,192.0,199.5,192.0,270.3333333333333,299.5,283.0,184.66666666666669,175.25,191.0,10233.142857142857,31589.179894169556,10163.07142857143,27608.088522565962,335.85714285714283,3718.846560846554,373.92857142857144,5951.319291819336,196.92857142857142,765.2023809523748,205.57142857142858,552.9175824175684,163.17857142857142,2653.7324735449706,163.96428571428572,2005.1855921855936,-174.0,-195.33333333333331,-146.5,-296.0,-138.92857142857142,7029.294973545017,-168.35714285714286,6834.097680097709,6,9,1,3,253,-0.7818314824680299,0.6234898018587334,-0.8660254037844385,-0.5000000000000004,-0.9296339319682695,-0.3684843993077793
2023-09-11,132.0,243.0,183.0,10492.0,277.0,358.8571428571428,-24.992007839004494,-56.86513501813828,10282.0,9988.0,10012.0,382.0,293.0,388.0,208.0,187.0,196.0,283.0,306.0,297.0,218.0,196.0,170.0,10269.714285714286,23275.27513226526,10192.285714285714,21304.5445665216,341.0,4025.7037037036976,366.35714285714283,4893.648962149004,198.14285714285714,782.8095238095178,206.71428571428572,537.7967032966891,169.28571428571428,3086.8306878306867,165.89285714285714,2169.5592185592204,-94.0,-174.0,-106.0,-192.0,-142.85714285714286,7206.735449735493,-159.64285714285714,5501.482295482324,0,9,0,3,254,0.0,1.0,-0.8660254037844385,-0.5000000000000004,-0.9358348973349941,-0.35243871088460327
2023-09-12,224.0,315.0,152.0,10649.0,316.0,362.5238095238095,-44.6268973503646,-1.8969121734449172,10492.0,10142.0,10180.0,277.0,243.0,286.0,183.0,222.0,214.0,243.0,330.0,272.0,132.0,236.0,152.0,10341.714285714286,12235.275132266108,10226.57142857143,24448.280830257394,338.7142857142857,4318.275132275126,358.42857142857144,5404.126984127022,197.57142857142858,799.9523809523749,205.78571428571428,571.2967032966891,160.14285714285714,3102.06878306878,163.17857142857142,2248.6910866910885,-164.0,-94.0,-21.0,-72.0,-141.14285714285714,7374.735449735493,-152.64285714285714,5699.636141636171,1,9,0,3,255,0.7818314824680298,0.6234898018587336,-0.8660254037844385,-0.5000000000000004,-0.9417589340994617,-0.33628873017668287
2023-09-13,167.0,326.0,213.0,10678.0,343.0,367.57142857142856,-17.219894549244145,-7.35153402218441,10649.0,10356.0,10280.0,316.0,291.0,366.0,152.0,242.0,224.0,315.0,230.0,367.0,224.0,81.0,239.0,10414.142857142857,15204.846560838303,10260.07142857143,36799.473137949244,349.14285714285717,2750.5132275132223,360.57142857142856,5134.126984127022,187.57142857142858,929.9523809523752,201.35714285714286,767.5164835164699,158.42857142857142,2819.2116402116367,168.32142857142858,2495.152625152627,-130.0,-164.0,-49.0,-142.0,-161.57142857142858,4569.211640211682,-159.21428571428572,5162.800976801005,2,9,0,3,256,0.9749279121818236,-0.22252093395631434,-0.8660254037844385,-0.5000000000000004,-0.9474042892438845,-0.32003923622313857
2023-09-14,209.0,353.0,232.0,10837.0,414.0,374.0,20.791543792326248,19.208456207673752,10678.0,10419.0,10140.0,343.0,398.0,505.0,213.0,160.0,237.0,326.0,245.0,280.0,167.0,118.0,113.0,10460.142857142857,23776.179894172066,10288.5,49334.28632476208,356.57142857142856,2128.9894179894136,358.92857142857144,5152.703907203944,183.42857142857142,523.9523809523754,200.57142857142858,737.8406593406457,170.71428571428572,1656.1640211640208,163.17857142857142,2082.537240537242,-182.0,-130.0,-238.0,-268.0,-173.14285714285714,2467.0687830688244,-158.35714285714286,5204.86691086694,3,9,0,3,257,0.43388373911755823,-0.900968867902419,-0.8660254037844385,-0.5000000000000004,-0.9527692922168511,-0.30369503751065885
2023-09-15,190.33333333333331,319.6666666666667,250.0,10824.333333333334,418.3333333333333,379.1428571428572,21.74184085920495,17.4486353312712,10837.0,10373.333333333334,10102.0,414.0,392.6666666666667,452.0,232.0,176.0,224.5,353.0,257.6666666666667,286.5,209.0,151.33333333333334,133.75,10519.857142857143,43004.17989417252,10338.285714285714,68111.15995113504,358.85714285714283,2386.5132275132232,352.42857142857144,3699.203907203943,193.71428571428572,702.23809523809,200.21428571428572,711.604395604382,183.71428571428572,1240.164021164024,170.03571428571428,1999.7240537240555,-168.33333333333331,-182.0,-216.66666666666669,-227.5,-165.14285714285714,1704.4021164021572,-152.21428571428572,4282.493284493314,4,9,0,3,258,-0.433883739117558,-0.9009688679024191,-0.8660254037844385,-0.5000000000000004,-0.9578523554276669,-0.28726097055059635
2023-09-16,171.66666666666669,286.3333333333333,268.0,10811.666666666666,422.6666666666667,371.1428571428571,22.02002024784352,29.503789275966056,10824.333333333334,10327.666666666666,10064.0,418.3333333333333,387.3333333333333,399.0,250.0,192.0,212.0,319.6666666666667,270.3333333333333,293.0,190.33333333333331,184.66666666666669,154.5,10584.285714285714,50034.05291004618,10389.880952380952,79122.11294258728,362.5238095238095,2769.8835978835937,350.0238095238096,3264.435286935322,204.28571428571428,1047.5714285714241,202.03571428571428,853.3255494505356,189.28571428571428,1036.4973544973589,174.07738095238093,1912.5432310744827,-154.66666666666669,-168.33333333333331,-195.33333333333331,-187.0,-158.2380952380952,1208.0264550264953,-147.98809523809524,3847.2498473748765,5,9,1,3,259,-0.9749279121818236,-0.2225209339563146,-0.8660254037844385,-0.5000000000000004,-0.9626519747161487,-0.2707418984477642
2023-09-17,153.0,253.0,286.0,10799.0,427.0,374.1428571428571,22.28539483923852,30.57174801790437,10811.666666666666,10282.0,10026.0,422.6666666666667,382.0,346.0,268.0,208.0,199.5,286.3333333333333,283.0,299.5,171.66666666666669,218.0,175.25,10653.42857142857,42097.98941798324,10443.285714285714,81566.40781438128,367.57142857142856,3240.4338624338598,351.7142857142857,3482.7667887668244,215.14285714285714,1561.476190476187,206.03571428571428,1163.171703296689,187.42857142857142,1080.6560846560885,175.30357142857142,1881.8884691697212,-141.0,-154.66666666666669,-174.0,-146.5,-152.42857142857142,941.4338624339028,-145.67857142857142,3727.8652319902612,6,9,1,3,260,-0.7818314824680299,0.6234898018587334,-0.8660254037844385,-0.5000000000000004,-0.9671667297977312,-0.2541427094613622
2023-09-18,180.0,337.0,219.0,10892.0,313.0,376.1428571428571,-24.992007839004494,-38.15084930385262,10799.0,10492.0,9988.0,427.0,277.0,293.0,286.0,183.0,187.0,253.0,243.0,306.0,153.0,132.0,196.0,10727.285714285714,16272.608465603023,10498.5,74622.14957262223,374.0,3746.1481481481464,357.5,3880.2008547008927,226.28571428571428,2244.904761904759,212.21428571428572,1610.6428571428419,178.14285714285714,1021.846560846562,173.71428571428572,1917.4334554334573,-94.0,-141.0,-94.0,-106.0,-147.71428571428572,859.7195767196168,-145.28571428571428,3729.3308913309206,0,9,0,3,261,0.0,1.0,-0.8660254037844385,-0.5000000000000004,-0.97139528468375,-0.23746831555846842
2023-09-19,133.0,287.0,189.0,11095.0,260.0,376.33333333333337,-44.6268973503646,-71.70643598296877,10892.0,10649.0,10142.0,313.0,316.0,243.0,219.0,152.0,222.0,337.0,315.0,330.0,180.0,224.0,236.0,10784.42857142857,7758.322751317904,10563.07142857143,61995.95177042351,379.14285714285717,2767.2910052910047,358.92857142857144,3710.3107448107835,231.42857142857142,1910.6190476190452,214.5,1559.6538461538305,185.0,612.7037037037068,172.57142857142858,1880.8620268620286,-71.0,-94.0,-164.0,-21.0,-147.71428571428572,859.7195767196168,-144.42857142857142,3812.1440781441074,1,9,0,3,262,0.7818314824680298,0.6234898018587336,-0.8660254037844385,-0.5000000000000004,-0.9753363880767837,-0.2207236509605022
2023-09-20,187.0,310.0,247.0,11064.0,364.0,374.7142857142857,-17.219894549244145,6.505608834958423,11095.0,10678.0,10356.0,260.0,343.0,291.0,189.0,213.0,242.0,287.0,326.0,230.0,133.0,167.0,81.0,10848.142857142857,16041.179894175699,10631.142857142857,65132.47374844466,371.14285714285717,4393.957671957671,360.14285714285717,3427.7557997558392,236.71428571428572,1126.5714285714268,212.14285714285714,1599.362637362622,172.0,612.7037037037031,165.21428571428572,1633.5488400488416,-117.0,-71.0,-130.0,-49.0,-134.42857142857142,1590.4338624339018,-148.0,3041.2649572649857,2,9,0,3,263,0.9749279121818236,-0.22252093395631434,-0.8660254037844385,-0.5000000000000004,-0.9789888737409319,-0.20391367068311472
2023-09-21,168.0,285.0,210.0,11067.0,428.0,371.2857142857143,20.791543792326248,35.92274192195947,11064.0,10837.0,10419.0,364.0,414.0,398.0,247.0,232.0,160.0,310.0,353.0,245.0,187.0,209.0,118.0,10903.285714285714,15434.608465604673,10681.714285714286,70967.63858360887,374.14285714285717,4259.957671957671,365.35714285714283,3031.8711843712254,241.57142857142858,1022.9523809523797,212.5,1624.1153846153693,174.85714285714286,636.5132275132278,172.78571428571428,1062.7796092796111,-218.0,-117.0,-182.0,-238.0,-132.57142857142858,1633.7671957672353,-152.85714285714286,2335.8583638583923,3,9,0,3,264,0.43388373911755823,-0.900968867902419,-0.8660254037844385,-0.5000000000000004,-0.9823516608469237,-0.18704334906991657
2023-09-22,201.66666666666663,327.3333333333333,208.0,10959.333333333334,419.6666666666667,367.1428571428571,21.74184085920495,30.781968664604623,11067.0,10824.333333333334,10373.333333333334,428.0,418.3333333333333,392.6666666666667,210.0,250.0,176.0,285.0,319.6666666666667,257.6666666666667,168.0,190.33333333333331,151.33333333333334,10936.142857142857,17909.84656084295,10728.0,74770.18803415772,376.14285714285717,4473.957671957672,367.5,3246.816239316281,238.42857142857142,1162.2857142857126,216.07142857142858,1398.8406593406435,169.0,410.0370370370358,176.35714285714286,819.9224664224683,-211.66666666666669,-218.0,-168.33333333333331,-216.66666666666669,-137.71428571428572,2412.0529100529498,-151.42857142857142,2102.4517704517993,4,9,0,3,265,-0.433883739117558,-0.9009688679024191,-0.8660254037844385,-0.5000000000000004,-0.9854237542919524,-0.17011767832049052
2023-09-23,235.3333333333333,369.6666666666666,206.0,10851.666666666666,411.3333333333333,377.4285714285714,22.02002024784352,11.884741656918408,10959.333333333334,10811.666666666666,10327.666666666666,419.6666666666667,422.6666666666667,387.3333333333333,208.0,268.0,192.0,327.3333333333333,286.3333333333333,270.3333333333333,201.66666666666663,171.66666666666669,184.66666666666669,10955.42857142857,15481.989417985924,10769.857142857143,67323.90964587896,376.3333333333333,4492.962962962963,369.42857142857144,3403.426129426172,232.42857142857142,1252.2857142857122,218.35714285714286,1274.708791208775,170.61904761904765,508.9788359788349,179.95238095238096,807.1086691086709,-205.33333333333331,-211.66666666666669,-154.66666666666669,-195.33333333333331,-143.90476190476193,3122.582010582051,-151.07142857142858,2054.054334554363,5,9,1,3,266,-0.9749279121818236,-0.2225209339563146,-0.8660254037844385,-0.5000000000000004,-0.9882042449941422,-0.15314166701312007
2023-09-24,269.0,412.0,204.0,10744.0,403.0,372.71428571428567,22.28539483923852,8.000319446475814,10851.666666666666,10799.0,10282.0,411.3333333333333,427.0,382.0,206.0,286.0,208.0,369.6666666666666,253.0,283.0,235.3333333333333,153.0,218.0,10961.142857142857,13793.735449731985,10807.285714285714,51289.12576309474,374.7142857142857,4336.275132275132,371.14285714285717,3510.67887667892,223.57142857142858,1066.2857142857113,219.35714285714286,1231.939560439544,179.71428571428572,1110.2751322751326,183.57142857142858,1027.2210012210026,-199.0,-205.33333333333331,-141.0,-174.0,-151.14285714285714,3671.0687830688234,-151.78571428571428,2129.292429792458,6,9,1,3,267,-0.7818314824680299,0.6234898018587334,-0.8660254037844385,-0.5000000000000004,-0.9906923101615609,-0.13612033862266704
2023-09-25,100.0,255.0,236.0,10842.0,284.0,375.4285714285714,-24.992007839004494,-66.4365635895669,10744.0,10892.0,10492.0,403.0,313.0,277.0,204.0,219.0,183.0,412.0,337.0,243.0,269.0,180.0,132.0,10953.285714285714,17198.49735449384,10840.285714285714,29199.433455402228,371.2857142857143,4000.275132275132,372.64285714285717,3577.255799755844,211.85714285714286,320.4761904761864,219.07142857142858,1240.0714285714123,196.28571428571428,1999.6084656084697,187.21428571428572,1483.138583638585,-48.0,-199.0,-94.0,-94.0,-159.42857142857142,3955.5449735450147,-153.57142857142858,2259.3748473748756,0,9,0,3,268,0.0,1.0,-0.8660254037844385,-0.5000000000000004,-0.9928872135356962,-0.11905873003404988
2023-09-26,205.0,294.0,177.0,10978.0,332.0,381.5238095238095,-44.6268973503646,-4.896912173444861,10842.0,11095.0,10649.0,284.0,260.0,316.0,236.0,189.0,152.0,255.0,287.0,315.0,100.0,133.0,224.0,10946.142857142857,18577.06878306519,10865.285714285714,19195.587301555926,367.14285714285717,4683.84656084656,373.14285714285717,3477.755799755844,214.28571428571428,402.2380952380913,222.85714285714286,1146.59340659339,184.85714285714286,3348.1798941798957,184.92857142857142,1828.1056166056178,-155.0,-48.0,-71.0,-164.0,-152.85714285714286,5261.068783068823,-150.28571428571428,2832.10012210015,1,9,0,3,269,0.7818314824680298,0.6234898018587336,-0.8660254037844385,-0.5000000000000004,-0.994788305609327,-0.10196189005174576
2023-09-27,161.0,304.0,211.0,11017.0,331.0,391.0,-17.219894549244145,-42.7801054507558,10978.0,11064.0,10678.0,332.0,364.0,343.0,177.0,247.0,213.0,294.0,310.0,326.0,205.0,187.0,167.0,10929.42857142857,14727.211640207895,10888.785714285714,15979.702686171164,377.42857142857144,2852.989417989418,374.2857142857143,3355.382173382218,212.57142857142858,523.9523809523768,224.64285714285714,918.7087912087743,195.14285714285714,2844.1798941798984,183.57142857142858,1739.682539682541,-120.0,-155.0,-117.0,-130.0,-164.85714285714286,3977.0687830688244,-149.64285714285714,2818.8968253968537,2,9,0,3,270,0.9749279121818236,-0.22252093395631434,-0.8660254037844385,-0.5000000000000004,-0.9963950238187231,-0.08483487790576538
2023-09-28,57.0,162.0,193.0,10984.0,447.0,403.8571428571428,20.791543792326248,22.35131335053092,11017.0,11067.0,10837.0,331.0,428.0,414.0,211.0,210.0,232.0,304.0,285.0,353.0,161.0,168.0,209.0,10922.714285714286,12934.497354493547,10913.0,13195.059829028132,372.7142857142857,3156.275132275132,373.42857142857144,3423.4261294261732,207.42857142857142,295.9523809523763,224.5,922.5769230769063,191.42857142857142,3011.3227513227544,183.14285714285714,1757.5506715506729,-254.0,-120.0,-218.0,-182.0,-165.28571428571428,3930.497354497396,-148.92857142857142,2856.2594627594913,3,9,0,3,271,0.43388373911755823,-0.900968867902419,-0.8660254037844385,-0.5000000000000004,-0.9977068927101168,-0.06768276175455162
2023-09-29,64.66666666666667,148.66666666666666,179.33333333333334,10855.333333333334,462.3333333333333,403.8571428571428,21.74184085920495,36.73434961698553,10984.0,10959.333333333334,10824.333333333334,447.0,419.6666666666667,418.3333333333333,193.0,208.0,250.0,162.0,327.3333333333333,319.6666666666667,57.0,201.66666666666663,190.33333333333331,10910.857142857143,9926.735449731506,10923.5,13019.79059825882,375.42857142857144,3557.989417989418,375.7857142857143,3707.1898656899098,205.0,322.66666666666174,221.71428571428572,986.2197802197637,175.57142857142858,5638.322751322751,172.28571428571428,2803.1770451770467,-283.0,-254.0,-211.66666666666669,-168.33333333333331,-170.42857142857142,4748.211640211683,-154.07142857142858,3592.8748473748756,4,9,0,3,272,-0.433883739117558,-0.9009688679024191,-0.8660254037844385,-0.5000000000000004,-0.9987235240803972,-0.050510617185222886
2023-09-30,72.33333333333333,135.33333333333334,165.66666666666666,10726.666666666666,477.6666666666667,397.4285714285714,22.02002024784352,58.21807499025178,10855.333333333334,10851.666666666666,10811.666666666666,462.3333333333333,411.3333333333333,422.6666666666667,179.33333333333334,206.0,268.0,148.66666666666666,369.6666666666666,286.3333333333333,64.66666666666667,235.3333333333333,171.66666666666669,10896.0,9791.370370366229,10925.714285714286,12615.484737452947,381.5238095238095,4447.216931216932,378.92857142857144,4133.490231990277,200.9047619047619,411.3968253968199,216.66666666666666,1035.401709401693,156.0,7127.9259259259225,163.30952380952382,3582.264346764348,-312.0,-283.0,-205.33333333333331,-154.66666666666669,-180.61904761904762,6455.682539682583,-162.2619047619048,4783.644078144106,5,9,1,3,273,-0.9749279121818236,-0.2225209339563146,-0.8660254037844385,-0.5000000000000004,-0.9994446170919858,-0.033323525711631344
2023-10-01,80.0,122.0,152.0,10598.0,493.0,397.2857142857142,22.28539483923852,73.42889087504726,10726.666666666666,10744.0,10799.0,477.6666666666667,403.0,427.0,165.66666666666666,204.0,286.0,135.33333333333334,412.0,253.0,72.33333333333333,269.0,153.0,10878.142857142857,13870.735449731108,10919.642857142857,14622.948107416363,391.0,5734.925925925928,382.85714285714283,4719.653235653281,195.14285714285714,575.2910052909995,209.35714285714286,975.2387057386902,132.71428571428572,6613.052910052905,156.21428571428572,4159.343711843712,-341.0,-312.0,-199.0,-141.0,-195.85714285714286,8959.80952380957,-173.5,6367.927350427378,6,10,1,4,274,-0.7818314824680299,0.6234898018587334,-1.0,-1.8369701987210297e-16,-0.9998699583618592,-0.016126573270657762
2023-10-02,107.0,170.0,133.0,10724.0,284.0,394.4285714285714,-24.992007839004494,-85.43656358956696,10598.0,10842.0,10892.0,493.0,284.0,313.0,152.0,236.0,219.0,122.0,255.0,337.0,80.0,100.0,180.0,10857.285714285714,23444.164021159377,10905.285714285714,21239.382173350514,403.85714285714283,7252.068783068787,387.57142857142856,5479.015873015918,187.71428571428572,808.0529100529038,199.78571428571428,677.7881562881416,105.71428571428571,3130.0529100528997,151.0,4576.085470085471,-151.0,-341.0,-48.0,-94.0,-216.14285714285714,11989.142857142906,-187.78571428571428,8225.070207570234,0,10,0,4,275,0.0,1.0,-1.0,-1.8369701987210297e-16,-0.9999994220246925,0.001075151282798226
2023-10-03,99.0,156.0,139.0,10818.0,287.0,384.20238095238096,-44.6268973503646,-52.57548360201636,10724.0,10978.0,11095.0,284.0,332.0,260.0,133.0,177.0,189.0,170.0,294.0,287.0,107.0,205.0,133.0,10840.42857142857,26034.54497354009,10893.285714285714,23598.766788735207,403.85714285714283,7252.068783068787,385.5,5871.790598290643,173.0,665.8148148148076,193.64285714285714,951.8540903540761,106.71428571428571,3123.7195767195662,145.78571428571428,4631.036019536021,-148.0,-151.0,-155.0,-71.0,-230.85714285714286,7731.809523809575,-191.85714285714286,7634.713064713092,1,10,0,4,276,0.7818314824680298,0.6234898018587336,-1.0,-1.8369701987210297e-16,-0.999832969770105,0.018276557681691223
2023-10-04,25.0,66.0,94.0,10963.0,330.0,366.6071428571428,-17.219894549244145,-19.38724830789863,10818.0,11017.0,11064.0,287.0,331.0,364.0,139.0,211.0,247.0,156.0,304.0,310.0,99.0,161.0,187.0,10817.57142857143,22354.544973539756,10873.5,20483.277777746334,397.42857142857144,8619.211640211643,387.42857142857144,5402.55433455438,167.57142857142858,821.4338624338549,190.07142857142858,1166.1398046397906,91.57142857142857,1256.100529100516,143.35714285714286,4780.48656898657,-236.0,-148.0,-120.0,-117.0,-229.85714285714286,7915.809523809575,-197.35714285714286,6626.520757020782,2,10,0,4,277,0.9749279121818236,-0.22252093395631434,-1.0,-1.8369701987210297e-16,-0.9993706508539969,0.03547255575312556
2023-10-05,35.0,70.0,53.0,11130.0,427.0,341.6428571428572,20.791543792326248,64.56559906481658,10963.0,10984.0,11067.0,330.0,447.0,428.0,94.0,193.0,210.0,66.0,162.0,285.0,25.0,57.0,168.0,10809.857142857143,19181.402116396792,10866.285714285714,18251.84371181233,397.2857142857143,8641.497354497356,385.0,5607.675213675258,150.85714285714286,1083.2910052909972,179.14285714285714,1498.2002442002313,72.14285714285714,750.9576719576557,131.78571428571428,5567.343711843713,-374.0,-236.0,-254.0,-218.0,-246.42857142857142,5590.285714285768,-205.85714285714286,6166.8669108669355,3,10,0,4,278,0.43388373911755823,-0.900968867902419,-1.0,-1.8369701987210297e-16,-0.9986126020839734,0.052658056924614005
2023-10-06,37.0,70.75,55.75,11051.25,390.75,341.35714285714283,21.74184085920495,27.65101628365222,11130.0,10855.333333333334,10959.333333333334,427.0,462.3333333333333,419.6666666666667,53.0,179.33333333333334,208.0,70.0,148.66666666666666,327.3333333333333,35.0,64.66666666666667,201.66666666666663,10830.714285714286,30701.49735449236,10870.785714285714,20480.72832719691,394.42857142857144,8367.211640211643,384.92857142857144,5601.131257631302,130.85714285714286,1916.6243386243295,167.92857142857142,2513.5244200244083,69.0,931.1481481481314,122.28571428571429,6089.843711843713,-335.0,-374.0,-283.0,-211.66666666666669,-263.57142857142856,7950.285714285771,-217.0,8196.581196581219,4,10,0,4,279,-0.433883739117558,-0.9009688679024191,-1.0,-1.8369701987210297e-16,-0.9975590477788613,0.06982797572987089
2023-10-07,39.0,71.5,58.5,10972.5,354.5,337.07142857142856,22.02002024784352,-4.591448819272074,11051.25,10726.666666666666,10851.666666666666,390.75,477.6666666666667,411.3333333333333,55.75,165.66666666666666,206.0,70.75,135.33333333333334,369.6666666666666,37.0,72.33333333333333,235.3333333333333,10858.70238095238,37792.59226190029,10877.351190476189,22336.35916510893,384.2023809523809,7478.9533730158755,382.86309523809524,5506.31795634925,113.20238095238095,2101.508928571418,157.05357142857142,3230.6470161782554,65.04761904761905,1080.4603174603,110.52380952380953,6015.653235653237,-296.0,-335.0,-312.0,-205.33333333333331,-271.0,8673.333333333392,-225.8095238095238,9181.892551892573,5,10,1,4,280,-0.9749279121818236,-0.2225209339563146,-1.0,-1.8369701987210297e-16,-0.9962102997023297,0.0869772313136861
2023-10-08,41.0,72.25,61.25,10893.75,318.25,327.92857142857144,22.28539483923852,-31.963966267809965,10972.5,10598.0,10744.0,354.5,493.0,403.0,58.5,152.0,204.0,71.5,122.0,412.0,39.0,80.0,269.0,10893.82142857143,35606.43154761525,10885.982142857143,22901.79719929689,366.60714285714283,5808.872023809524,378.80357142857144,5488.102144383438,97.89285714285714,1868.0386904761792,146.51785714285714,3673.9574557386954,60.285714285714285,1158.2380952380765,96.5,4999.10683760684,-257.0,-296.0,-341.0,-199.0,-268.7142857142857,8491.238095238154,-232.28571428571428,9483.45054945057,6,10,1,4,281,-0.7818314824680299,0.6234898018587334,-1.0,-1.8369701987210297e-16,-0.9945667569706337,0.1041007489354256
2023-10-09,43.0,73.0,64.0,10815.0,282.0,323.7857142857143,-24.992007839004494,-16.793706446709784,10893.75,10724.0,10842.0,318.25,284.0,284.0,61.25,133.0,236.0,72.25,170.0,255.0,41.0,107.0,100.0,10936.07142857143,18938.806547616045,10896.67857142857,21232.537240505582,341.64285714285717,2808.997023809523,372.75,5685.658119658162,84.92857142857143,1407.8065476190357,136.32142857142858,3867.1013431013334,54.714285714285715,1119.2380952380754,80.21428571428571,2661.480463980466,-218.0,-257.0,-151.0,-48.0,-256.7142857142857,7475.238095238153,-236.42857142857142,9426.725274725297,0,10,0,4,282,0.0,1.0,-1.0,-1.8369701987210297e-16,-0.9926289059345095,0.121193461470736
2023-10-10,41.0,60.0,71.0,10910.0,257.0,326.5357142857143,-44.6268973503646,-24.90881693534968,10815.0,10818.0,10978.0,282.0,287.0,332.0,64.0,139.0,177.0,73.0,156.0,294.0,43.0,99.0,205.0,10949.07142857143,13688.973214282962,10894.75,21511.73504270341,341.35714285714283,2847.997023809523,372.60714285714283,5713.251526251568,75.07142857142857,982.3065476190345,124.03571428571429,3342.595848595839,45.57142857142857,588.9523809523592,76.14285714285714,2720.0463980464,-186.0,-218.0,-148.0,-155.0,-266.2857142857143,5755.571428571487,-248.57142857142858,6562.879120879143,1,10,0,4,283,0.7818314824680298,0.6234898018587336,-1.0,-1.8369701987210297e-16,-0.9903973200352558,0.1382503109109819
2023-10-11,65.0,83.0,65.0,10960.0,266.0,336.17857142857144,-17.219894549244145,-52.9586768793273,10910.0,10963.0,11017.0,257.0,330.0,331.0,71.0,94.0,211.0,60.0,66.0,304.0,41.0,25.0,161.0,10962.214285714286,10878.592261902262,10889.892857142857,20971.09768006611,337.07142857142856,3520.13988095238,367.25,6583.581196581238,65.35714285714286,193.8303571428431,116.46428571428571,3281.442002441993,37.285714285714285,36.57142857140501,64.42857142857143,1390.0244200244224,-201.0,-186.0,-236.0,-120.0,-271.7142857142857,4463.571428571488,-250.78571428571428,6185.2582417582635,2,10,0,4,284,0.9749279121818236,-0.22252093395631434,-1.0,-1.8369701987210297e-16,-0.9878726596350429,0.15526624985999563
2023-10-12,38.0,80.0,82.0,10992.0,398.0,352.7142857142857,20.791543792326248,24.49417049338803,10960.0,11130.0,10984.0,266.0,427.0,447.0,65.0,53.0,193.0,83.0,70.0,162.0,65.0,35.0,57.0,10961.785714285714,10879.092261902255,10885.82142857143,20088.53724050572,327.92857142857144,4256.13988095238,362.60714285714283,7247.866910866952,61.214285714285715,37.09226190474748,106.03571428571429,2680.595848595839,43.0,101.33333333331103,57.57142857142857,622.0244200244226,-316.0,-201.0,-374.0,-254.0,-266.7142857142857,5055.2380952381545,-256.57142857142856,5024.109890109911,3,10,0,4,285,0.43388373911755823,-0.900968867902419,-1.0,-1.8369701987210297e-16,-0.9850556718215013,0.172236243027682
2023-10-13,44.0,80.66666666666667,77.33333333333333,10851.666666666666,410.0,359.7142857142857,21.74184085920495,28.54387342650933,10992.0,11051.25,10855.333333333334,398.0,390.75,462.3333333333333,82.0,55.75,179.33333333333334,80.0,70.75,148.66666666666666,38.0,37.0,64.66666666666667,10942.07142857143,5861.806547616107,10886.392857142857,20213.9438339123,323.7857142857143,3418.5922619047615,359.10714285714283,6783.174603174644,65.35714285714286,77.83035714284311,98.10714285714286,2075.58485958485,43.42857142857143,94.61904761902542,56.214285714285715,649.4804639804667,-332.6666666666667,-316.0,-335.0,-283.0,-258.42857142857144,3461.619047619106,-261.0,5274.153846153868,4,10,0,4,286,-0.433883739117558,-0.9009688679024191,-1.0,-1.8369701987210297e-16,-0.981947190186646,0.18915526872004093
2023-10-14,50.0,81.33333333333333,72.66666666666667,10711.333333333334,422.0,368.0,22.02002024784352,31.97997975215648,10851.666666666666,10972.5,10726.666666666666,410.0,354.5,477.6666666666667,77.33333333333333,58.5,165.66666666666666,80.66666666666667,71.5,135.33333333333334,44.0,39.0,72.33333333333333,10913.559523809525,4288.899801583729,10886.13095238095,20232.424908393386,326.5357142857143,3901.2172619047615,355.3690476190476,6147.698412698454,68.44047619047619,75.26091269839894,90.82142857142857,1544.1013431013334,44.42857142857143,86.61904761902565,54.73809523809524,653.1141636141663,-349.3333333333333,-332.6666666666667,-296.0,-312.0,-258.09523809523813,3402.8412698413285,-264.5476190476191,5618.4548229548445,5,10,1,4,287,-0.9749279121818236,-0.2225209339563146,-1.0,-1.8369701987210297e-16,-0.9785481345802031,0.20601832032517084
2023-10-15,56.0,82.0,68.0,10571.0,434.0,386.1428571428571,22.28539483923852,25.57174801790437,10711.333333333334,10893.75,10598.0,422.0,318.25,493.0,72.66666666666667,61.25,152.0,81.33333333333333,72.25,122.0,50.0,41.0,80.0,10876.25,8901.80787036583,10885.035714285714,20625.39072035917,336.17857142857144,5181.306547619047,351.39285714285717,5321.67032967037,70.46428571428571,56.9904100528965,84.17857142857143,1091.0244200244108,46.0,83.99999999997836,53.142857142857146,628.285714285717,-366.0,-349.3333333333333,-257.0,-341.0,-265.7142857142857,4483.052910052968,-267.2142857142857,5990.557387057409,6,10,1,4,288,-0.7818314824680299,0.6234898018587334,-1.0,-1.8369701987210297e-16,-0.9748595108374125,0.22282040779479959
2023-10-16,74.0,103.0,80.0,10629.0,331.0,387.2857142857142,-24.992007839004494,-31.293706446709727,10571.0,10815.0,10724.0,434.0,282.0,284.0,68.0,64.0,133.0,82.0,73.0,170.0,56.0,43.0,107.0,10830.142857142857,21900.17989417419,10883.107142857143,21869.764346732838,352.7142857142857,6403.5714285714275,347.17857142857144,4284.956043956085,71.42857142857143,42.76719576718233,78.17857142857143,718.5628815628727,48.142857142857146,91.14285714283596,51.42857142857143,570.263736263739,-251.0,-366.0,-218.0,-151.0,-281.2857142857143,5863.719576719636,-269.0,6318.991452991474,0,10,0,4,289,0.0,1.0,-1.0,-1.8369701987210297e-16,-0.9708824104813836,0.23955655912092708
2023-10-17,68.0,107.0,102.0,10630.0,315.0,389.0,-44.6268973503646,-29.373102649635342,10629.0,10910.0,10818.0,331.0,257.0,287.0,80.0,71.0,139.0,103.0,60.0,156.0,74.0,41.0,99.0,10803.57142857143,27781.32275131632,10876.32142857143,24839.819291787877,359.7142857142857,5591.5714285714275,350.5357142857143,3985.9120879121283,73.71428571428571,39.71957671956359,74.39285714285714,472.20024420023543,52.57142857142857,175.28571428569407,49.07142857142857,365.91758241758515,-213.0,-251.0,-186.0,-148.0,-286.0,5323.148148148208,-276.14285714285717,5217.8925518925735,1,10,0,4,290,0.7818314824680298,0.6234898018587336,-1.0,-1.8369701987210297e-16,-0.9666180104000972,0.2562218218071163
2023-10-18,92.0,124.0,93.0,10511.0,393.0,391.2857142857143,-17.219894549244145,18.934180263529868,10630.0,10960.0,10963.0,315.0,266.0,330.0,102.0,65.0,94.0,107.0,83.0,66.0,68.0,65.0,25.0,10763.57142857143,29047.98941798187,10862.892857142857,29051.225885194628,368.0,4086.333333333332,352.5357142857143,3768.2197802198207,78.14285714285714,148.95767195765944,71.75,202.22222222221356,56.42857142857143,175.28571428569492,46.857142857142854,196.43956043956314,-300.0,-213.0,-201.0,-236.0,-289.85714285714283,4527.291005291066,-280.7857142857143,4238.249694749717,2,10,0,4,291,0.9749279121818236,-0.22252093395631434,-1.0,-1.8369701987210297e-16,-0.9620675724981452,0.27281126433401914
2023-10-19,113.0,162.0,107.0,10319.0,406.0,394.1428571428571,20.791543792326248,-8.934400935183358,10511.0,10992.0,11130.0,393.0,398.0,427.0,93.0,82.0,53.0,124.0,80.0,70.0,92.0,38.0,35.0,10699.42857142857,28449.322751313422,10830.607142857143,36683.07203904118,386.14285714285717,2072.476190476187,357.0357142857143,3833.2967032967445,82.14285714285714,138.29100529099335,71.67857142857143,198.87057387056524,60.285714285714285,356.5714285714101,51.642857142857146,291.78571428571706,-299.0,-300.0,-316.0,-374.0,-304.0,2995.1481481482074,-285.35714285714283,4089.854090354112,3,10,0,4,292,0.43388373911755823,-0.900968867902419,-1.0,-1.8369701987210297e-16,-0.957232443323312,0.28931997761869527
2023-10-20,110.66666666666669,173.33333333333334,115.0,10048.0,422.0,393.57142857142856,21.74184085920495,6.686730569366496,10319.0,10851.666666666666,11051.25,406.0,410.0,390.75,107.0,77.33333333333333,55.75,162.0,80.66666666666667,70.75,113.0,44.0,37.0,10603.285714285714,27519.941798929893,10772.67857142857,46308.12698409687,387.2857142857143,2113.2380952380922,355.5357142857143,3638.758241758282,85.71428571428571,226.38624338623194,75.53571428571429,251.9804639804551,71.0,602.999999999984,57.214285714285715,526.64285714286,-307.0,-299.0,-332.6666666666667,-335.0,-301.57142857142856,2968.4338624339216,-280.0,3468.8376068376283,4,10,0,4,293,-0.433883739117558,-0.9009688679024191,-1.0,-1.8369701987210297e-16,-0.9521140536681102,0.3057430764672831
2023-10-21,108.33333333333331,184.66666666666663,123.0,9777.0,438.0,391.4285714285714,22.02002024784352,24.551408323585093,10048.0,10711.333333333334,10972.5,422.0,422.0,354.5,115.0,72.66666666666667,58.5,173.33333333333334,81.33333333333333,71.5,110.66666666666669,50.0,39.0,10488.476190476193,53250.03174601695,10701.017857142857,75205.31001981221,389.0,2224.6666666666633,357.76785714285717,3877.812156593447,91.09523809523809,323.84126984125913,79.76785714285714,322.3805326617736,80.52380952380953,637.9206349206212,62.47619047619048,685.1746031746062,-315.0,-307.0,-349.3333333333333,-296.0,-297.90476190476187,2796.507936507995,-278.0,3287.914529914551,5,10,1,4,294,-0.9749279121818236,-0.2225209339563146,-1.0,-1.8369701987210297e-16,-0.9467139181463862,0.3220757010206104
2023-10-22,106.0,196.0,131.0,9506.0,454.0,377.14285714285705,22.28539483923852,54.571748017904426,9777.0,10571.0,10893.75,438.0,434.0,318.25,123.0,68.0,61.25,184.66666666666663,82.0,72.25,108.33333333333331,56.0,41.0,10355.0,108553.66666664853,10615.625,127360.63969014314,391.2857142857143,2437.2380952380922,363.73214285714283,4333.85061813191,98.28571428571429,376.57142857141906,84.375,408.4986645299053,88.85714285714286,530.5132275132155,67.42857142857143,778.1269841269872,-323.0,-315.0,-366.0,-257.0,-293.0,2376.333333333392,-279.35714285714283,3366.3156288156506,6,10,1,4,295,-0.7818314824680299,0.6234898018587334,-1.0,-1.8369701987210297e-16,-0.9410336347451197,0.3383130181923076
2023-10-23,86.0,152.0,168.0,9436.0,327.0,374.8571428571428,-24.992007839004494,-22.86513501813834,9506.0,10629.0,10815.0,454.0,331.0,282.0,131.0,80.0,64.0,196.0,103.0,73.0,106.0,74.0,43.0,10202.857142857143,193905.80952378755,10516.5,205541.67094014466,394.14285714285717,2779.1428571428546,373.42857142857144,4700.263736263779,107.28571428571429,307.5714285714204,89.35714285714286,507.8540903540809,96.0,340.03703703702655,72.07142857142857,815.6269841269873,-159.0,-323.0,-251.0,-218.0,-286.85714285714283,1594.142857142916,-284.07142857142856,3450.4474969475195,0,10,0,4,296,0.0,1.0,-1.0,-1.8369701987210297e-16,-0.9350748843515574,0.3544502230989869
2023-10-24,84.0,118.0,136.0,9396.0,300.0,371.6190476190476,-44.6268973503646,-26.99215026868299,9436.0,10630.0,10910.0,327.0,315.0,257.0,168.0,102.0,71.0,152.0,107.0,60.0,86.0,68.0,41.0,10032.42857142857,227764.28571425963,10418.0,278045.2478632232,393.57142857142856,2865.6190476190445,376.64285714285717,4211.939560439603,119.85714285714286,613.4761904761842,96.78571428571429,874.7112332112235,97.71428571428571,272.6084656084555,75.14285714285714,755.3797313797347,-164.0,-159.0,-213.0,-186.0,-273.7142857142857,3902.904761904821,-279.85714285714283,4298.815628815651,1,10,0,4,297,0.7818314824680298,0.6234898018587336,-1.0,-1.8369701987210297e-16,-0.9288394302558068,0.3704825404820963
2023-10-25,59.0,64.0,117.0,9351.0,293.0,367.4285714285714,-17.219894549244145,-57.2086768793273,9396.0,10511.0,10960.0,300.0,393.0,266.0,136.0,93.0,65.0,118.0,124.0,83.0,84.0,92.0,65.0,9856.142857142857,199499.80952377917,10309.857142857143,327175.37973135686,391.42857142857144,3290.6190476190445,379.7142857142857,3552.5274725275153,124.71428571428571,576.2380952380897,101.42857142857143,918.6398046397949,100.0,150.703703703694,78.21428571428571,661.5830280830313,-176.0,-164.0,-300.0,-201.0,-266.7142857142857,5237.5714285714885,-278.2857142857143,4651.057387057409,2,10,0,4,298,0.9749279121818236,-0.22252093395631434,-1.0,-1.8369701987210297e-16,-0.9223291176290545,0.3864052261209853
2023-10-26,62.0,97.0,52.0,9235.0,390.0,362.2857142857143,20.791543792326248,6.922741921959474,9351.0,10319.0,10992.0,293.0,406.0,398.0,117.0,107.0,82.0,64.0,162.0,80.0,59.0,113.0,38.0,9690.42857142857,138516.9523809177,10194.92857142857,351160.0885225674,377.14285714285717,4666.809523809519,381.64285714285717,3132.2472527472955,128.14285714285714,404.80952380951885,105.14285714285714,820.3540903540805,95.28571428571429,394.2751322751215,77.78571428571429,676.3522588522621,-338.0,-176.0,-299.0,-316.0,-249.0,6058.333333333394,-276.5,4992.952991453013,3,10,0,4,299,0.43388373911755823,-0.900968867902419,-1.0,-1.8369701987210297e-16,-0.9155458729775467,0.40221356823680365
2023-10-27,71.66666666666667,89.66666666666667,67.0,9131.666666666666,399.3333333333333,355.2857142857143,21.74184085920495,22.305778188414088,9235.0,10048.0,10851.666666666666,390.0,422.0,410.0,52.0,115.0,77.33333333333333,97.0,173.33333333333334,80.66666666666667,62.0,110.66666666666669,44.0,9535.57142857143,79258.28571424686,10069.42857142857,356209.0500610307,374.85714285714283,4549.476190476185,381.07142857142856,3116.6868131868564,120.28571428571429,1224.5714285714228,103.0,991.4529914529818,88.0,464.7037037036914,79.5,570.5940170940204,-332.3333333333333,-338.0,-307.0,-332.6666666666667,-254.57142857142858,6925.619047619108,-278.07142857142856,5161.21672771675,4,10,0,4,300,-0.433883739117558,-0.9009688679024191,-1.0,-1.8369701987210297e-16,-0.9084917035725082,0.41790288888678667
2023-10-28,81.33333333333333,82.33333333333333,82.0,9028.333333333334,408.6666666666667,354.57142857142856,22.02002024784352,32.07521784739461,9131.666666666666,9777.0,10711.333333333334,399.3333333333333,438.0,422.0,67.0,123.0,72.66666666666667,89.66666666666667,184.66666666666663,81.33333333333333,71.66666666666667,108.33333333333331,50.0,9404.666666666668,42692.22222217988,9946.57142857143,360531.1013430839,371.61904761904765,4266.682539682534,380.30952380952385,3077.341269841313,113.42857142857143,1638.2857142857074,102.26190476190477,1039.8833943833847,82.42857142857143,387.3227513227377,81.47619047619048,474.1660561660595,-326.6666666666667,-332.3333333333333,-315.0,-349.3333333333333,-258.1904761904762,7460.031746031805,-278.04761904761904,5158.42490842493,5,10,1,4,301,-0.9749279121818236,-0.2225209339563146,-1.0,-1.8369701987210297e-16,-0.9011686968561569,0.4334685453485363
2023-10-29,91.0,75.0,97.0,8925.0,418.0,352.5714285714285,22.28539483923852,43.14317658933298,9028.333333333334,9506.0,10571.0,408.6666666666667,454.0,434.0,82.0,131.0,68.0,82.33333333333333,196.0,82.0,81.33333333333333,106.0,56.0,9297.714285714286,29846.052910007787,9826.357142857143,364837.2387057229,367.42857142857144,3740.5449735449674,379.35714285714283,3004.5207570208004,107.57142857142857,1747.6190476190397,102.92857142857143,1003.6098901098802,78.57142857142857,258.322751322737,83.71428571428571,392.561660561664,-321.0,-326.6666666666667,-323.0,-366.0,-259.85714285714283,7700.402116402176,-276.42857142857144,4946.537240537263,6,10,1,4,302,-0.7818314824680299,0.6234898018587334,-1.0,-1.8369701987210297e-16,-0.8935790198239952,0.4489059314938798
2023-10-30,29.0,51.0,11.0,9026.0,278.0,344.0,-24.992007839004494,-41.00799216099551,8925.0,9436.0,10629.0,418.0,327.0,331.0,97.0,168.0,80.0,75.0,152.0,103.0,91.0,86.0,74.0,9214.714285714286,37731.052910005725,9708.785714285714,369793.3266178127,362.2857142857143,2886.8306878306817,378.2142857142857,2888.3009768010206,102.71428571428571,1647.2380952380865,105.0,907.846153846144,76.42857142857143,153.3227513227365,86.21428571428571,330.83089133089493,-267.0,-321.0,-159.0,-251.0,-259.57142857142856,7658.878306878367,-273.2142857142857,4471.070207570229,0,10,0,4,303,0.0,1.0,-1.0,-1.8369701987210297e-16,-0.8857249183835637,0.4642104791518923
2023-10-31,33.0,53.0,34.0,9072.0,295.0,336.0,-44.6268973503646,3.626897350364601,9026.0,9396.0,10630.0,278.0,300.0,315.0,11.0,136.0,102.0,51.0,118.0,107.0,29.0,84.0,68.0,9156.142857142857,31502.95767190904,9594.285714285714,326397.8266178143,355.2857142857143,3806.1640211640147,374.42857142857144,3473.9218559219,80.28571428571429,1751.9047619047499,100.07142857142857,1513.3021978021877,68.28571428571429,435.60846560844885,83.0,560.0341880341914,-261.0,-267.0,-164.0,-213.0,-275.0,5704.59259259265,-274.35714285714283,4434.674603174625,1,10,0,4,304,0.7818314824680298,0.6234898018587336,-1.0,-1.8369701987210297e-16,-0.8776087166898392,0.4793776594606945
2023-11-01,132.0,235.0,197.0,9250.0,279.0,328.57142857142856,-17.219894549244145,-32.35153402218441,9072.0,9351.0,10511.0,295.0,293.0,393.0,34.0,117.0,93.0,53.0,64.0,124.0,33.0,59.0,92.0,9109.857142857143,20594.95767190782,9483.0,251528.2222222116,354.57142857142856,3901.8783068783,373.0,3685.350427350471,65.71428571428571,1343.9047619047478,95.21428571428571,1823.4120879120778,61.0,540.0370370370184,80.5,728.3034188034222,-82.0,-261.0,-176.0,-300.0,-288.85714285714283,3459.735449735506,-277.7857142857143,4146.147130647154,2,11,0,4,305,0.9749279121818236,-0.22252093395631434,-0.8660254037844386,0.5000000000000001,-0.8692328164574792,0.49440298420761813
2023-11-02,174.0,208.0,256.0,9442.0,330.0,321.71428571428567,20.791543792326248,-12.505829506611914,9250.0,9235.0,10319.0,279.0,390.0,406.0,197.0,52.0,107.0,235.0,97.0,162.0,132.0,62.0,113.0,9095.42857142857,13933.767195717004,9392.92857142857,165676.2936507845,352.57142857142856,4217.2116402116335,364.85714285714283,4262.866910866953,77.14285714285714,3625.8095238095116,102.64285714285714,2560.554945054935,71.42857142857143,1252.656084656069,83.35714285714286,913.3583638583673,-74.0,-82.0,-338.0,-299.0,-275.42857142857144,8258.211640211697,-262.2142857142857,6795.6855921856095,3,11,0,4,306,0.43388373911755823,-0.900968867902419,-0.8660254037844386,0.5000000000000001,-0.8605996962501181,0.5092820071573356
2023-11-03,157.0,215.33333333333331,226.33333333333331,9385.666666666666,343.3333333333333,327.1428571428571,21.74184085920495,-5.551364668728745,9442.0,9131.666666666666,10048.0,330.0,399.3333333333333,422.0,256.0,67.0,115.0,208.0,89.66666666666667,173.33333333333334,174.0,71.66666666666667,110.66666666666669,9125.0,29685.48148143204,9330.285714285714,95665.6727716647,344.0,3982.9259259259193,359.42857142857144,4194.383394383436,106.28571428571429,7861.238095238087,113.28571428571429,4246.219780219771,87.42857142857143,2692.656084656073,87.71428571428571,1457.330891330895,-117.0,-74.0,-332.3333333333333,-307.0,-237.71428571428572,12708.497354497411,-246.14285714285714,9138.405372405383,4,11,0,4,307,-0.433883739117558,-0.9009688679024191,-0.8660254037844386,0.5000000000000001,-0.8517119107469189,0.5240103253675756
2023-11-04,140.0,222.66666666666663,196.66666666666663,9329.333333333334,356.6666666666667,318.0,22.02002024784352,16.646646418823167,9385.666666666666,9028.333333333334,9777.0,343.3333333333333,408.6666666666667,438.0,226.33333333333331,82.0,123.0,215.33333333333331,82.33333333333333,184.66666666666663,157.0,81.33333333333333,108.33333333333331,9161.285714285714,39466.497354448824,9282.97619047619,53867.10195359458,336.0,3398.0370370370306,353.80952380952385,3879.1404151404563,129.04761904761904,9401.460317460313,121.23809523809523,5160.947496947488,99.61904761904762,3284.5714285714203,91.02380952380952,1774.2814407814442,-160.00000000000006,-117.0,-326.6666666666667,-315.0,-206.95238095238096,12541.015873015931,-232.57142857142858,9938.075702075708,5,11,1,4,308,-0.9749279121818236,-0.2225209339563146,-0.8660254037844386,0.5000000000000001,-0.8425720899866032,0.5385835804920232
2023-11-05,123.0,230.0,167.0,9273.0,370.0,322.4285714285714,22.28539483923852,25.28603373219009,9329.333333333334,8925.0,9506.0,356.6666666666667,418.0,454.0,196.66666666666663,97.0,131.0,222.66666666666663,75.0,196.0,140.0,91.0,106.0,9204.285714285714,39069.941798894484,9251.0,34157.470085463225,328.57142857142856,2524.7671957671887,348.0,3298.188034188075,145.42857142857142,9481.544973544971,126.5,5568.542735042725,108.0,3418.6666666666606,93.28571428571429,1930.2368742368776,-203.0,-160.00000000000006,-321.0,-323.0,-183.14285714285714,9858.476190476247,-221.5,9688.542735042736,6,11,1,4,309,-0.7818314824680299,0.6234898018587334,-0.8660254037844386,0.5000000000000001,-0.8331829385891785,0.5529974600700271
2023-11-06,123.0,233.0,159.0,9286.0,316.0,319.67857142857144,-24.992007839004494,21.31343641043305,9273.0,9026.0,9436.0,370.0,278.0,327.0,167.0,11.0,168.0,230.0,51.0,152.0,123.0,29.0,86.0,9254.0,23973.370370324414,9234.357142857143,28894.486568979963,321.7142857142857,1423.0529100529038,342.0,2432.3418803419218,155.42857142857142,9051.544973544973,129.07142857142858,5686.037240537232,112.57142857142857,3383.6190476190422,94.5,1984.132478632482,-157.0,-203.0,-267.0,-159.0,-166.28571428571428,6425.238095238153,-212.92857142857142,8843.268009768008,0,11,0,4,310,0.0,1.0,-0.8660254037844386,0.5000000000000001,-0.8235472349556007,0.5672476988027229
2023-11-07,141.0,232.0,188.0,9483.0,231.0,315.13095238095235,-44.6268973503646,-39.50405503058775,9286.0,9072.0,9396.0,316.0,295.0,300.0,159.0,34.0,136.0,233.0,53.0,118.0,123.0,33.0,84.0,9291.142857142857,13870.513227468362,9223.642857142857,25848.332722826246,327.14285714285717,1075.6243386243316,341.2142857142857,2466.369352869394,176.57142857142858,5055.5449735449765,128.42857142857142,5637.921855921847,126.0,2027.3333333333312,97.14285714285714,2033.533577533581,-43.0,-157.0,-261.0,-164.0,-150.57142857142858,4460.952380952438,-212.78571428571428,8860.147130647129,1,11,0,4,311,0.7818314824680298,0.6234898018587336,-0.8660254037844386,0.5000000000000001,-0.8136678304455991,0.5813300798152042
2023-11-08,158.0,226.0,191.0,9634.0,310.0,308.7857142857143,-17.219894549244145,18.434180263529868,9483.0,9250.0,9351.0,231.0,279.0,293.0,188.0,197.0,117.0,232.0,235.0,64.0,141.0,132.0,59.0,9349.857142857143,7979.513227470127,9229.857142857143,28695.909645903095,318.0,2346.4814814814745,336.2857142857143,3243.946275946317,198.57142857142858,1124.8783068783134,132.14285714285714,5891.636141636132,141.42857142857142,345.6190476190491,101.21428571428571,2150.352258852262,-119.0,-43.0,-82.0,-176.0,-119.42857142857143,3225.619047619106,-204.14285714285714,10814.097680097675,2,11,0,4,312,0.9749279121818236,-0.22252093395631434,-0.8660254037844386,0.5000000000000001,-0.8035476485339116,0.5952404359043674
2023-11-09,142.5,209.5,201.5,9594.75,310.75,300.6428571428571,20.791543792326248,-10.684400935183358,9634.0,9442.0,9235.0,310.0,330.0,390.0,191.0,256.0,52.0,226.0,208.0,97.0,158.0,174.0,62.0,9404.714285714286,16262.941798900283,9250.07142857143,39690.926129419306,322.42857142857144,2080.7671957671887,337.5,3151.380341880383,197.71428571428572,1133.1640211640276,137.42857142857142,6110.383394383385,145.14285714285714,360.47619047619287,108.28571428571429,2207.4676434676467,-109.25,-119.0,-74.0,-338.0,-124.71428571428571,2959.571428571486,-200.07142857142858,11292.960317460309,3,11,0,4,313,0.43388373911755823,-0.900968867902419,-0.8660254037844386,0.5000000000000001,-0.7931896839451843,0.6089746507720486
2023-11-10,127.0,193.0,212.0,9555.5,311.5,296.5,21.74184085920495,-6.741840859204949,9594.75,9385.666666666666,9131.666666666666,310.75,343.3333333333333,399.3333333333333,201.5,226.33333333333331,67.0,209.5,215.33333333333331,89.66666666666667,142.5,157.0,71.66666666666667,9426.535714285714,21494.62929890095,9275.767857142857,48101.07070359474,319.67857142857144,2085.1213624338557,331.8392857142857,2959.8957951770863,189.92857142857142,498.6283068783119,148.10714285714286,5741.972680097672,140.64285714285714,199.22619047619193,114.03571428571429,2097.111874236877,-99.5,-109.25,-117.0,-332.3333333333333,-129.75,2541.1875000000578,-183.73214285714286,10176.547199328434,4,11,0,4,314,-0.433883739117558,-0.9009688679024191,-0.8660254037844386,0.5000000000000001,-0.7825970017677834,0.6225286602431057
2023-11-11,111.5,176.5,222.5,9516.25,312.25,298.7857142857143,22.02002024784352,-8.555734533557796,9555.5,9329.333333333334,9028.333333333334,311.5,356.6666666666667,408.6666666666667,212.0,196.66666666666663,82.0,193.0,222.66666666666663,82.33333333333333,127.0,140.0,81.33333333333333,9450.79761904762,23301.46726186467,9306.041666666666,51535.98370725728,315.13095238095235,1978.883928571422,325.56547619047615,2598.9104471917385,187.88095238095238,354.0436507936557,158.46428571428572,5434.445207570199,136.35714285714286,164.22619047619108,117.98809523809523,1955.1301892551917,-89.75,-99.5,-160.00000000000006,-326.6666666666667,-127.25,2659.3125000000578,-167.1011904761905,8725.816430097659,5,11,1,4,315,-0.9749279121818236,-0.2225209339563146,-0.8660254037844386,0.5000000000000001,-0.7717727365467836,0.6358984534680745
2023-11-12,96.0,160.0,233.0,9477.0,313.0,299.6428571428571,22.28539483923852,-8.928251982095631,9516.25,9273.0,8925.0,312.25,370.0,418.0,222.5,167.0,97.0,176.5,230.0,75.0,111.5,123.0,91.0,9477.5,20724.68749996075,9340.892857142857,47694.533577525435,308.7857142857143,1645.7589285714223,318.67857142857144,2030.2551892552308,191.57142857142858,525.0357142857197,168.5,5191.658119658111,132.28571428571428,245.65476190476184,120.14285714285714,1850.0164835164858,-80.0,-89.75,-203.0,-321.0,-117.21428571428571,2597.4255952381527,-150.17857142857142,6919.109890109861,6,11,1,4,316,-0.7818314824680299,0.6234898018587334,-0.8660254037844386,0.5000000000000001,-0.7607200913564104,0.6490800741100398
2023-11-13,141.0,173.0,129.0,9510.0,287.0,308.67857142857144,-24.992007839004494,3.3134364104330487,9477.0,9286.0,9026.0,313.0,316.0,278.0,233.0,159.0,11.0,160.0,233.0,51.0,96.0,123.0,29.0,9506.642857142857,12763.830357104498,9380.32142857143,34140.20390719519,300.64285714285717,946.8303571428518,311.17857142857144,1213.3321123321543,201.0,606.7500000000063,178.21428571428572,5016.800976800967,128.42857142857142,433.36904761904697,120.5,1829.3846153846175,-158.0,-80.0,-157.0,-267.0,-99.64285714285714,1241.4970238095818,-132.96428571428572,4734.219780219745,0,11,0,4,317,0.0,1.0,-0.8660254037844386,0.5000000000000001,-0.7494423368521954,0.6620696215153815
2023-11-14,116.0,181.0,182.0,9665.0,247.0,320.5119047619047,-44.6268973503646,-28.8850074115401,9510.0,9483.0,9072.0,287.0,231.0,295.0,129.0,188.0,34.0,173.0,232.0,53.0,141.0,141.0,33.0,9538.642857142857,3457.1636904388015,9414.892857142857,24489.4566544475,296.5,918.5208333333284,311.82142857142856,1173.1782661783081,196.71428571428572,1155.3214285714346,186.64285714285714,2975.789987789977,131.0,447.08333333333303,128.5,1148.7692307692328,-65.0,-158.0,-43.0,-261.0,-99.78571428571429,1260.7589285714866,-125.17857142857143,3335.186813186775,1,11,0,4,318,0.7818314824680298,0.6234898018587336,-0.8660254037844386,0.5000000000000001,-0.7379428103031386,0.6748632518680403
2023-11-15,150.0,157.0,201.0,9762.0,316.0,335.1428571428571,-17.219894549244145,-1.922962593612965,9665.0,9634.0,9250.0,247.0,310.0,279.0,182.0,191.0,197.0,181.0,226.0,235.0,116.0,158.0,132.0,9564.642857142857,4813.497023772924,9457.25,18324.86324785363,298.7857142857143,605.7589285714231,308.39285714285717,1461.9694749695168,195.85714285714286,1177.892857142863,197.21428571428572,1064.8009768009654,127.42857142857143,453.0357142857135,134.42857142857142,421.379120879123,-115.0,-65.0,-119.0,-82.0,-102.92857142857143,913.4732142857723,-111.17857142857143,1983.648351648309,2,11,0,4,319,0.9749279121818236,-0.22252093395631434,-0.8660254037844386,0.5000000000000001,-0.7262249146041543,0.6874571793269664
2023-11-16,80.0,176.0,125.0,9762.0,374.0,352.57142857142856,20.791543792326248,0.6370276362451968,9762.0,9594.75,9442.0,316.0,310.75,330.0,201.0,201.5,256.0,157.0,209.5,208.0,150.0,142.5,174.0,9582.92857142857,10113.306547583032,9493.82142857143,20724.51159950152,299.64285714285717,633.3303571428515,311.0357142857143,1392.4420024420444,197.28571428571428,1175.9880952381013,197.5,1065.8119658119542,126.28571428571429,380.65476190476085,135.71428571428572,437.79670329670535,-249.0,-115.0,-109.25,-74.0,-102.35714285714286,894.3303571429152,-113.53571428571429,1913.2967032966615,3,11,0,4,320,0.43388373911755823,-0.900968867902419,-0.8660254037844386,0.5000000000000001,-0.7142921172691032,0.699847677146407
2023-11-17,92.0,180.0,138.0,9699.0,394.3333333333333,354.1428571428571,21.74184085920495,18.44863533127125,9762.0,9555.5,9385.666666666666,374.0,311.5,343.3333333333333,125.0,212.0,226.33333333333331,176.0,193.0,215.33333333333331,80.0,127.0,157.0,9606.82142857143,14768.431547583792,9516.67857142857,25487.58852257813,308.67857142857144,1439.0148809523737,314.17857142857144,1659.1013431013848,186.35714285714286,1904.5595238095286,188.14285714285714,1112.5976800976703,117.35714285714286,600.8928571428547,129.0,515.2692307692329,-256.3333333333333,-249.0,-99.5,-117.0,-122.32142857142857,4005.4315476191055,-126.03571428571429,3036.3736263735896,4,11,0,4,321,-0.433883739117558,-0.9009688679024191,-0.8660254037844386,0.5000000000000001,-0.7021479494046978,0.7120310787787131
2023-11-18,104.0,184.0,151.0,9636.0,414.6666666666667,354.5714285714285,22.02002024784352,38.07521784739467,9699.0,9516.25,9329.333333333334,394.3333333333333,312.25,356.6666666666667,138.0,222.5,196.66666666666663,180.0,176.5,222.66666666666663,92.0,111.5,140.0,9627.32142857143,15255.306547584458,9539.059523809523,26184.84126983055,320.51190476190476,2497.1121031745934,317.82142857142856,2073.639804639846,175.78571428571428,2054.321428571432,181.83333333333331,1150.9401709401623,112.35714285714286,663.3928571428539,124.35714285714286,537.0549450549471,-263.6666666666667,-256.3333333333333,-89.75,-160.00000000000006,-144.72619047619048,6326.1914682540255,-135.98809523809524,4229.383394383361,5,11,1,4,322,-0.9749279121818236,-0.2225209339563146,-0.8660254037844386,0.5000000000000001,-0.6897960046655887,0.7240037789593305
2023-11-19,116.0,188.0,164.0,9573.0,435.0,347.5,22.28539483923852,65.21460516076148,9636.0,9477.0,9273.0,414.6666666666667,313.0,370.0,151.0,233.0,167.0,184.0,160.0,230.0,104.0,96.0,123.0,9644.42857142857,12870.285714251671,9560.964285714286,23007.52747251649,335.14285714285717,3713.513227513216,321.9642857142857,2660.5445665446077,165.57142857142858,1671.2857142857163,178.57142857142858,1195.6868131868052,111.28571428571429,673.5714285714251,121.78571428571429,542.989010989013,-271.0,-263.6666666666667,-80.0,-203.0,-169.57142857142858,7460.100529100586,-143.39285714285714,5379.9694749694445,6,11,1,4,323,-0.7818314824680299,0.6234898018587334,-0.8660254037844386,0.5000000000000001,-0.6772399381909491,0.7357622347736527
2023-11-20,105.0,185.0,158.0,9638.0,298.0,334.5,-24.992007839004494,-11.507992160995506,9573.0,9510.0,9286.0,435.0,287.0,316.0,164.0,129.0,159.0,188.0,173.0,233.0,116.0,141.0,123.0,9658.142857142857,8829.142857109255,9582.392857142857,16145.43956042832,352.57142857142856,4939.322751322737,326.60714285714283,3442.687423687465,155.71428571428572,800.5714285714289,178.35714285714286,1201.6703296703215,114.14285714285714,628.8095238095209,121.28571428571429,545.1813186813207,-140.0,-271.0,-158.0,-157.0,-196.85714285714286,6968.957671957728,-148.25,6333.837606837578,0,11,0,4,324,0.0,1.0,-0.8660254037844386,0.5000000000000001,-0.6644834655228552,0.7473029667054296
2023-11-21,136.0,246.0,123.0,9804.0,250.0,319.9761904761905,-44.6268973503646,-25.34929312582588,9638.0,9665.0,9483.0,298.0,247.0,231.0,158.0,182.0,188.0,185.0,181.0,232.0,105.0,116.0,141.0,9676.42857142857,4848.952380919341,9607.535714285714,8944.912087900546,354.14285714285717,4716.179894179879,325.32142857142856,3495.2039072039483,159.85714285714286,662.4761904761916,178.28571428571428,1204.719780219772,109.0,491.6666666666629,120.0,563.576923076925,-127.0,-140.0,-65.0,-43.0,-194.28571428571428,7248.3862433863,-147.03571428571428,6331.59584859582,1,11,0,4,325,0.7818314824680298,0.6234898018587336,-0.8660254037844386,0.5000000000000001,-0.6515303615068021,0.75862255966641
2023-11-22,132.0,237.0,150.0,9821.0,266.5,303.92857142857144,-17.219894549244145,-20.2086768793273,9804.0,9762.0,9634.0,250.0,316.0,310.0,123.0,201.0,191.0,246.0,157.0,226.0,136.0,150.0,158.0,9696.285714285714,7079.571428539009,9630.464285714286,10154.835164823271,354.57142857142856,4610.322751322737,326.67857142857144,3245.2808302808708,151.42857142857142,724.2857142857139,173.64285714285714,1409.36263736263,111.85714285714286,595.4761904761873,119.64285714285714,549.2087912087932,-116.5,-127.0,-115.0,-119.0,-203.14285714285714,5125.624338624394,-153.03571428571428,5491.134310134284,2,11,0,4,326,0.9749279121818236,-0.22252093395631434,-0.8660254037844386,0.5000000000000001,-0.6383844591746642,0.7697176640069211
2023-11-23,128.0,228.0,177.0,9838.0,283.0,286.35714285714283,20.791543792326248,-24.14868664946908,9821.0,9762.0,9594.75,266.5,374.0,310.75,150.0,125.0,201.5,237.0,176.0,209.5,132.0,80.0,142.5,9704.714285714286,8869.238095205956,9643.82142857143,12754.340659328542,347.5,5596.787037037025,323.57142857142856,3492.059676434717,144.14285714285714,253.14285714285555,170.71428571428572,1419.9505494505427,109.28571428571429,412.9047619047581,117.78571428571429,444.06593406593595,-106.0,-116.5,-249.0,-109.25,-203.35714285714286,5081.874338624394,-152.85714285714286,5504.671398046372,3,11,0,4,327,0.43388373911755823,-0.900968867902419,-0.8660254037844386,0.5000000000000001,-0.6250496486104377,0.7805849965070866
2023-11-24,115.33333333333331,217.33333333333331,186.33333333333331,9840.333333333334,292.6666666666667,274.35714285714283,21.74184085920495,-3.432317049681096,9838.0,9699.0,9555.5,283.0,394.3333333333333,311.5,177.0,138.0,212.0,228.0,180.0,193.0,128.0,92.0,127.0,9715.57142857143,11145.619047587265,9661.19642857143,15144.405563174378,334.5,5975.953703703694,321.5892857142857,3601.8017780830687,151.57142857142858,307.61904761904765,168.96428571428572,1346.7870879120815,116.14285714285714,273.4761904761882,116.75,403.951923076925,-106.33333333333337,-106.0,-256.3333333333333,-99.5,-182.92857142857142,5827.517195767251,-152.625,5527.229433760658,4,11,0,4,328,-0.433883739117558,-0.9009688679024191,-0.8660254037844386,0.5000000000000001,-0.6115298757991053,0.7912213413483807
2023-11-25,102.66666666666666,206.66666666666663,195.66666666666663,9842.666666666666,302.3333333333333,270.49999999999994,22.02002024784352,9.813313085489852,9840.333333333334,9636.0,9516.25,292.6666666666667,414.6666666666667,312.25,186.33333333333331,151.0,222.5,217.33333333333331,184.0,176.5,115.33333333333331,104.0,111.5,9735.761904761905,13218.507936476803,9681.541666666668,16307.735844004354,319.9761904761904,5424.855820105816,320.24404761904765,3656.370154151445,158.47619047619045,422.6984126984143,167.13095238095235,1223.9067460317397,119.47619047619047,163.47619047618895,115.91666666666666,395.2767094017114,-106.66666666666669,-106.33333333333337,-263.6666666666667,-89.75,-161.5,5371.564814814871,-153.11309523809524,5474.715392246618,5,11,1,4,329,-0.9749279121818236,-0.2225209339563146,-0.8660254037844386,0.5000000000000001,-0.5978291414589552,0.801623551065242
2023-11-26,90.0,196.0,205.0,9845.0,312.0,273.0,22.28539483923852,16.71460516076148,9842.666666666666,9573.0,9477.0,302.3333333333333,435.0,313.0,195.66666666666663,164.0,233.0,206.66666666666663,188.0,160.0,102.66666666666666,116.0,96.0,9765.285714285714,12447.608465578202,9704.857142857143,15617.687423674344,303.92857142857144,3681.9060846560837,319.5357142857143,3675.5905067155472,164.85714285714286,596.4021164021193,165.21428571428572,1046.7625152625092,119.28571428571429,170.60846560846412,115.28571428571429,406.8522588522609,-107.0,-106.66666666666669,-271.0,-80.0,-139.07142857142858,3546.128306878363,-154.32142857142858,5330.249847374823,6,11,1,4,330,-0.7818314824680299,0.6234898018587334,-0.8660254037844386,0.5000000000000001,-0.5839514998576998,0.8117885474764613
2023-11-27,56.0,82.0,68.0,10123.0,214.0,278.2857142857143,-24.992007839004494,-39.29370644670978,9845.0,9638.0,9510.0,312.0,298.0,287.0,205.0,158.0,129.0,196.0,185.0,173.0,90.0,105.0,141.0,9804.142857142857,5582.846560817507,9731.142857142857,12390.610500597126,286.35714285714283,469.2632275132314,319.4642857142857,3676.66742979247,170.71428571428572,824.8306878306921,163.21428571428572,810.7625152625095,115.57142857142857,295.6560846560824,114.85714285714286,427.2258852258873,-146.0,-107.0,-140.0,-158.0,-115.64285714285714,176.31878306884167,-156.25,5073.6014957264715,0,11,0,4,331,0.0,1.0,-0.8660254037844386,0.5000000000000001,-0.5699010576127624,0.8217133225960589
2023-11-28,74.0,103.0,80.0,10223.0,223.0,286.8095238095238,-44.6268973503646,-19.182626459159195,10123.0,9804.0,9665.0,214.0,250.0,247.0,68.0,123.0,182.0,82.0,246.0,181.0,56.0,136.0,116.0,9873.42857142857,12326.656084629198,9774.92857142857,18375.780830267006,274.35714285714283,1151.2632275132357,314.25,4421.909188034228,157.85714285714286,2363.4021164021174,158.85714285714286,1397.636141636137,108.57142857142857,811.3227513227475,108.78571428571429,601.4291819291841,-143.0,-146.0,-127.0,-65.0,-116.5,230.17592592598453,-155.39285714285714,5080.656440781416,1,11,0,4,332,0.7818314824680298,0.6234898018587336,-0.8660254037844386,0.5000000000000001,-0.5556819724760489,0.8313949395234058
2023-11-29,68.0,107.0,102.0,10398.0,284.0,298.57142857142856,-17.219894549244145,2.64846597781559,10223.0,9821.0,9762.0,223.0,266.5,316.0,80.0,150.0,201.0,103.0,237.0,157.0,74.0,132.0,150.0,9933.285714285714,27709.941798916825,9814.785714285714,31179.121489607245,270.5,1474.6203703703802,312.5357142857143,4711.359737484777,151.71428571428572,3127.1640211640206,151.57142857142858,1777.6141636141604,99.71428571428571,793.60846560846,105.78571428571429,680.8137973137995,-182.0,-143.0,-116.5,-115.0,-118.78571428571429,322.747354497413,-160.96428571428572,4430.513583638561,2,11,0,4,333,0.9749279121818236,-0.22252093395631434,-0.8660254037844386,0.5000000000000001,-0.5412984521036173,0.8408305333122887
2023-11-30,92.0,124.0,93.0,10536.0,320.0,313.57142857142856,20.791543792326248,-14.362972363754803,10398.0,9838.0,9762.0,284.0,283.0,374.0,102.0,177.0,125.0,107.0,228.0,176.0,68.0,128.0,80.0,10015.714285714286,53674.94179891922,9860.214285714286,54906.813797299,273.0,1495.0370370370458,310.25,4767.4476495726885,144.85714285714283,3483.7354497354477,144.5,1724.8504273504257,90.57142857142857,689.9894179894105,99.92857142857143,603.319291819294,-227.0,-182.0,-106.0,-249.0,-128.14285714285714,885.7354497355078,-165.75,4277.370726495706,3,11,0,4,334,0.43388373911755823,-0.900968867902419,-0.8660254037844386,0.5000000000000001,-0.5267547528105542,0.8500173118187018
2023-12-01,105.33333333333331,161.0,127.66666666666666,10550.333333333334,352.3333333333333,321.99999999999994,21.74184085920495,8.591492474128422,10536.0,9840.333333333334,9699.0,320.0,292.6666666666667,394.3333333333333,93.0,186.33333333333331,138.0,124.0,217.33333333333331,180.0,92.0,115.33333333333331,92.0,10115.42857142857,81927.32275130296,9915.5,86002.90170938609,278.2857142857143,1813.941798941806,306.39285714285717,4446.117979243018,132.85714285714286,3591.7354497354445,142.21428571428572,1893.9932844932832,85.42857142857143,425.9894179894095,100.78571428571429,576.8137973137996,-224.66666666666666,-227.0,-106.33333333333337,-256.3333333333333,-145.42857142857142,2084.2116402116967,-164.17857142857142,4030.1729242979027,4,12,0,4,335,-0.433883739117558,-0.9009688679024191,-0.5000000000000004,0.8660254037844384,-0.5120551783114646,0.8589525565270845
2023-12-02,118.66666666666666,198.0,162.33333333333331,10564.666666666666,384.6666666666667,327.4285714285714,22.02002024784352,35.21807499025178,10550.333333333334,9842.666666666666,9636.0,352.3333333333333,302.3333333333333,414.6666666666667,127.66666666666666,195.66666666666663,151.0,161.0,206.66666666666663,184.0,105.33333333333331,102.66666666666666,104.0,10216.857142857143,88835.73544971843,9976.309523809525,109416.127594611,286.8095238095238,2608.5502645502675,303.39285714285717,4003.887210012249,124.47619047619047,3037.6613756613683,141.47619047619045,1908.319902319901,84.0,340.5925925925839,101.73809523809523,571.4902319902342,-222.33333333333337,-224.66666666666666,-106.66666666666669,-263.6666666666667,-162.33333333333334,2542.518518518574,-161.91666666666669,3652.8408119657897,5,12,1,4,336,-0.9749279121818236,-0.2225209339563146,-0.5000000000000004,0.8660254037844384,-0.4972040784469378,0.8676336233547726
2023-12-03,132.0,235.0,197.0,10579.0,417.0,340.57142857142856,22.28539483923852,54.14317658933293,10564.666666666666,9845.0,9573.0,384.6666666666667,312.0,435.0,162.33333333333331,205.0,164.0,198.0,196.0,188.0,118.66666666666666,90.0,116.0,10320.0,73249.70370368911,10042.642857142857,122397.05067153281,298.57142857142856,4002.989417989417,301.25,3554.6014957265343,119.71428571428571,2405.386243386236,142.28571428571428,1934.1001221001206,86.28571428571429,476.7195767195685,102.78571428571429,591.9590964590986,-220.0,-222.33333333333337,-107.0,-271.0,-178.85714285714286,2307.513227513283,-158.96428571428572,3127.8469169718937,6,12,1,4,337,-0.7818314824680299,0.6234898018587334,-0.5000000000000004,0.8660254037844384,-0.4822058478963526,0.8760579434344281
2023-12-04,174.0,208.0,256.0,10635.0,273.0,361.4285714285714,-24.992007839004494,-63.436563589566894,10579.0,10123.0,9638.0,417.0,214.0,298.0,197.0,68.0,158.0,235.0,82.0,185.0,132.0,56.0,105.0,10424.857142857143,33998.179894168024,10114.5,121999.07264955352,313.57142857142856,6047.989417989412,299.9642857142857,3207.3597374847764,118.57142857142857,2187.1005291005217,144.64285714285714,2122.1275946275928,92.28571428571429,780.7195767195699,103.92857142857143,642.7722832722854,-17.0,-220.0,-146.0,-140.0,-195.0,1425.037037037091,-155.32142857142858,2434.5831807081563,0,12,0,4,338,0.0,1.0,-0.5000000000000004,0.8660254037844384,-0.46706492487743034,0.8842230238742036
2023-12-05,123.0,230.0,167.0,10761.0,261.0,375.04761904761904,-44.6268973503646,-69.42072169725444,10635.0,10223.0,9804.0,273.0,223.0,250.0,256.0,80.0,123.0,208.0,103.0,246.0,174.0,74.0,136.0,10498.0,19930.37037036039,10185.714285714286,119911.94627592596,322.0,4587.037037037028,298.17857142857144,3259.5575396825784,145.42857142857142,4067.100529100529,151.64285714285714,3009.512210012207,109.14285714285714,1342.6243386243352,108.85714285714286,994.2173382173404,-94.0,-17.0,-143.0,-127.0,-176.57142857142858,5909.322751322806,-146.53571428571428,3805.154609279583,1,12,0,4,339,0.7818314824680298,0.6234898018587336,-0.5000000000000004,0.8660254037844384,-0.451785789832884,0.8921264484954345
2023-12-06,123.0,233.0,159.0,10832.0,376.0,381.4285714285714,-17.219894549244145,11.791323120672756,10761.0,10398.0,9821.0,261.0,284.0,266.5,167.0,102.0,150.0,230.0,107.0,237.0,123.0,68.0,132.0,10574.857142857143,11962.846560838481,10254.07142857143,129129.64407812263,327.42857142857144,3539.3227513227407,298.9642857142857,3186.6674297924687,157.85714285714286,3250.9576719576758,154.78571428571428,2953.9078144078107,116.14285714285714,1111.6243386243366,107.92857142857143,952.0030525030547,-217.0,-94.0,-182.0,-116.5,-169.57142857142858,6800.65608465614,-144.17857142857144,3982.121642246615,2,12,0,4,340,0.9749279121818236,-0.22252093395631434,-0.5000000000000004,0.8660254037844384,-0.4363729641045924,0.8997658785476209
2023-12-07,141.0,232.0,188.0,10897.0,466.0,380.57142857142856,20.791543792326248,64.6370276362452,10832.0,10536.0,9838.0,376.0,320.0,283.0,159.0,93.0,177.0,233.0,124.0,228.0,123.0,92.0,128.0,10636.857142857143,13285.513227506672,10326.285714285714,134779.02319900045,340.57142857142856,3416.656084656069,306.7857142857143,3496.2155067155454,166.0,2653.8148148148207,155.42857142857142,2953.0671550671514,124.0,661.1481481481479,107.28571428571429,924.4590964590986,-278.0,-217.0,-227.0,-106.0,-174.57142857142858,7120.65608465614,-151.35714285714286,4275.614774114749,3,12,0,4,341,0.43388373911755823,-0.900968867902419,-0.5000000000000004,0.8660254037844384,-0.42083100859565564,0.9071390534005044
2023-12-08,146.66666666666666,230.0,189.0,10888.333333333334,447.6666666666667,385.0,21.74184085920495,40.92482580746174,10897.0,10550.333333333334,9840.333333333334,466.0,352.3333333333333,292.6666666666667,188.0,127.66666666666666,186.33333333333331,232.0,161.0,217.33333333333331,141.0,105.33333333333331,115.33333333333331,10688.42857142857,19766.322751317566,10401.92857142857,135331.79792427376,361.42857142857144,5460.6560846560615,319.85714285714283,5218.627594627635,179.57142857142858,1631.4338624338716,156.21428571428572,2998.2155067155027,131.0,481.4814814814827,108.21428571428571,977.9590964590984,-258.6666666666667,-278.0,-224.66666666666666,-106.33333333333337,-181.85714285714286,8383.513227513282,-163.64285714285714,5188.53785103783,4,12,0,4,342,-0.433883739117558,-0.9009688679024191,-0.5000000000000004,0.8660254037844384,-0.4051645224207563,0.9142437912130223
2023-12-09,152.33333333333334,228.0,190.0,10879.666666666666,429.3333333333333,384.7142857142857,22.02002024784352,22.599027371204077,10888.333333333334,10564.666666666666,9842.666666666666,447.6666666666667,384.6666666666667,302.3333333333333,189.0,162.33333333333331,195.66666666666663,230.0,198.0,206.66666666666663,146.66666666666666,118.66666666666666,102.66666666666666,10736.714285714286,20528.16402116024,10476.785714285714,123235.651404126,375.047619047619,6469.97883597881,330.92857142857144,6286.310744810787,188.33333333333331,1107.6666666666777,156.4047619047619,3011.0799755799717,136.9047619047619,371.91534391534606,110.45238095238095,1082.4035409035428,-239.33333333333331,-258.6666666666667,-222.33333333333337,-106.66666666666669,-186.71428571428572,9033.830687830743,-174.52380952380955,5502.969474969456,5,12,1,4,343,-0.9749279121818236,-0.2225209339563146,-0.5000000000000004,0.8660254037844384,-0.3893781415452015,0.9210779895789526
2023-12-10,158.0,226.0,191.0,10871.0,411.0,378.8571428571428,22.28539483923852,9.857462303618648,10879.666666666666,10579.0,9845.0,429.3333333333333,417.0,312.0,190.0,197.0,205.0,228.0,235.0,196.0,152.33333333333334,132.0,90.0,10781.714285714286,16638.164021161483,10550.857142857143,98881.3455433186,381.42857142857144,6898.211640211612,340.0,6879.675213675257,192.28571428571428,977.2380952381069,156.0,2979.145299145295,141.71428571428572,329.1640211640243,114.0,1199.1111111111131,-220.0,-239.33333333333331,-220.0,-107.0,-189.14285714285714,9276.957671957725,-184.0,5375.162393162377,6,12,1,4,344,-0.7818314824680299,0.6234898018587334,-0.5000000000000004,0.8660254037844384,-0.37347653741307074,0.9276396261490467
2023-12-11,96.0,160.0,233.0,10998.0,304.0,368.8571428571428,-24.992007839004494,-39.86513501813834,10871.0,10635.0,10123.0,411.0,273.0,214.0,191.0,256.0,68.0,226.0,208.0,82.0,158.0,174.0,56.0,10823.42857142857,9087.878306876968,10624.142857142857,62655.653235624806,380.57142857142856,6832.211640211612,347.07142857142856,7153.285103785147,191.42857142857142,972.9523809523924,155.0,2887.6068376068342,145.42857142857142,341.54497354497727,118.85714285714286,1278.3199023199045,-71.0,-220.0,-17.0,-146.0,-189.14285714285714,9276.957671957725,-192.07142857142858,4948.618437118423,0,12,0,4,345,0.0,1.0,-0.5000000000000004,0.8660254037844384,-0.3574644155648614,0.9339267592294762
2023-12-12,141.0,173.0,129.0,11077.0,259.0,364.3333333333333,-44.6268973503646,-60.70643598296871,10998.0,10761.0,10223.0,304.0,261.0,223.0,233.0,167.0,80.0,160.0,230.0,103.0,96.0,123.0,74.0,10875.285714285714,5112.164021164107,10686.642857142857,49881.61477408513,385.0,5857.925925925897,353.5,5889.329059829104,188.14285714285714,553.4761904762013,166.78571428571428,2623.7881562881503,134.28571428571428,467.83068783068944,121.71428571428571,1005.792429792432,-130.0,-71.0,-94.0,-143.0,-196.85714285714286,6594.957671957726,-186.71428571428572,5881.997557997543,1,12,0,4,346,0.7818314824680298,0.6234898018587336,-0.5000000000000004,0.8660254037844384,-0.34134651424503615,0.9399375283564133
2023-12-13,116.0,181.0,182.0,11192.0,335.0,365.2857142857143,-17.219894549244145,-13.065819736470132,11077.0,10832.0,10398.0,259.0,376.0,284.0,129.0,159.0,102.0,173.0,233.0,107.0,141.0,123.0,68.0,10920.42857142857,7339.211640212966,10747.642857142857,41060.07631254547,384.7142857142857,5941.164021163992,356.07142857142856,5259.131257631302,182.71428571428572,1027.5714285714378,170.28571428571428,2141.0573870573803,136.85714285714286,446.4021164021185,126.5,834.6111111111134,-153.0,-130.0,-217.0,-182.0,-202.0,5545.814814814868,-185.78571428571428,5981.497557997543,2,12,0,4,347,0.9749279121818236,-0.22252093395631434,-0.5000000000000004,0.8660254037844384,-0.3251276029999093,0.9456701548465688
2023-12-14,150.0,157.0,201.0,11242.0,396.0,371.71428571428567,20.791543792326248,3.4941704933880864,11192.0,10897.0,10536.0,335.0,466.0,320.0,182.0,188.0,93.0,181.0,232.0,124.0,116.0,141.0,92.0,10971.857142857143,15242.068783071452,10804.357142857143,43380.999389467404,378.85714285714283,6300.402116402089,359.7142857142857,4879.433455433501,186.0,921.3333333333435,176.0,1757.7606837606759,135.85714285714286,485.7354497354516,129.92857142857142,567.1825396825421,-195.0,-153.0,-278.0,-227.0,-192.85714285714286,5810.957671957724,-183.71428571428572,6058.45909645908,3,12,0,4,348,0.43388373911755823,-0.900968867902419,-0.5000000000000004,0.8660254037844384,-0.30881248126625377,0.9511229423235357
2023-12-15,126.66666666666669,163.33333333333334,175.66666666666666,11192.0,416.0,380.28571428571433,21.74184085920495,13.972444855080717,11242.0,10888.333333333334,10550.333333333334,396.0,447.6666666666667,352.3333333333333,201.0,189.0,127.66666666666666,157.0,230.0,161.0,150.0,146.66666666666666,105.33333333333331,11021.142857142857,23637.068783072686,10854.785714285714,49835.85653232345,368.85714285714283,4967.068783068759,365.14285714285717,4827.6532356532825,187.85714285714286,954.1428571428679,183.71428571428572,1211.826617826608,137.14285714285714,512.7354497354519,134.07142857142858,469.02869352869624,-240.33333333333334,-195.0,-258.6666666666667,-224.66666666666666,-181.0,4439.481481481534,-181.42857142857142,5918.503052503035,4,12,0,4,349,-0.433883739117558,-0.9009688679024191,-0.5000000000000004,0.8660254037844384,-0.29240597695107734,0.9562942772197719
2023-12-16,103.33333333333334,169.66666666666666,150.33333333333331,11142.0,436.0,382.14285714285705,22.02002024784352,31.837122609299428,11192.0,10879.666666666666,10564.666666666666,416.0,429.3333333333333,384.6666666666667,175.66666666666666,190.0,162.33333333333331,163.33333333333334,228.0,198.0,126.66666666666669,152.33333333333334,118.66666666666666,11064.523809523811,23367.14285714793,10900.619047619048,49190.66422463011,364.3333333333333,4278.444444444421,369.69047619047615,4991.717338217385,185.95238095238093,974.4603174603277,187.14285714285714,962.5079365079257,134.28571428571428,506.38624338624504,135.5952380952381,407.21672771673053,-285.6666666666667,-240.33333333333334,-239.33333333333331,-222.33333333333337,-178.38095238095235,4012.8677248677764,-182.54761904761904,6040.249694749678,5,12,1,4,350,-0.9749279121818236,-0.2225209339563146,-0.5000000000000004,0.8660254037844384,-0.27591294500296043,0.9611826292540837
2023-12-17,80.0,176.0,125.0,11092.0,456.0,390.0,22.28539483923852,43.71460516076148,11142.0,10871.0,10579.0,436.0,411.0,417.0,150.33333333333331,191.0,197.0,169.66666666666666,226.0,235.0,103.33333333333334,158.0,132.0,11102.0,17033.66666667264,10941.857142857143,43159.328449293345,365.2857142857143,4429.238095238072,373.35714285714283,5298.2130647131125,180.28571428571428,1145.7195767195856,186.28571428571428,1018.5958485958382,127.28571428571429,554.6084656084662,134.5,463.94444444444713,-331.0,-285.6666666666667,-220.0,-220.0,-185.0,5260.925925925979,-187.07142857142858,6714.413308913294,6,12,1,4,351,-0.7818314824680299,0.6234898018587334,-0.5000000000000004,0.8660254037844384,-0.2593382659754056,0.9657865518844574
2023-12-18,116.0,188.0,164.0,11149.0,364.0,404.4285714285714,-24.992007839004494,-15.436563589566894,11092.0,10998.0,10635.0,456.0,304.0,273.0,125.0,233.0,256.0,176.0,160.0,208.0,80.0,96.0,174.0,11133.57142857143,6993.952380959164,10978.5,33319.31196577597,371.7142857142857,5404.238095238069,376.14285714285717,5668.713064713113,170.85714285714286,1532.2910052910117,181.14285714285714,1270.2002442002354,116.14285714285714,625.1798941798934,130.78571428571428,677.0873015873042,-200.0,-331.0,-71.0,-17.0,-200.85714285714286,8316.068783068838,-195.0,8156.803418803405,0,12,0,4,352,0.0,1.0,-0.5000000000000004,0.8660254037844384,-0.2426868445825954,0.9701046827361175
2023-12-19,105.0,185.0,158.0,11291.0,272.0,410.6428571428571,-44.6268973503646,-94.01595979249252,11149.0,11077.0,10761.0,364.0,259.0,261.0,164.0,129.0,167.0,188.0,173.0,230.0,116.0,141.0,123.0,11155.142857142857,3427.4761904834777,11015.214285714286,25027.531745994867,380.2857142857143,4564.238095238065,382.64285714285717,4816.213064713114,161.0,783.1481481481522,174.57142857142858,815.2551892551824,119.0,548.0370370370366,126.64285714285714,531.7686202686228,-114.0,-200.0,-130.0,-94.0,-219.28571428571428,5109.49735449741,-208.07142857142858,5537.490231990222,1,12,0,4,353,0.7818314824680298,0.6234898018587336,-0.5000000000000004,0.8660254037844384,-0.22596360824801906,0.974135744004672
2023-12-20,136.0,246.0,123.0,11516.0,390.0,408.6428571428572,-17.219894549244145,-1.422962593613022,11291.0,11192.0,10832.0,272.0,335.0,376.0,158.0,182.0,159.0,185.0,181.0,233.0,105.0,116.0,123.0,11185.714285714286,4395.571428579423,11053.07142857143,24363.575702037877,382.14285714285717,4062.809523809492,383.42857142857144,4618.998778998829,165.14285714285714,593.9576719576768,173.92857142857142,831.5244200244132,113.85714285714286,469.1798941798931,125.35714285714286,564.9993894993921,-267.0,-114.0,-153.0,-217.0,-217.0,5622.259259259315,-209.5,5215.07264957264,2,12,0,4,354,0.9749279121818236,-0.22252093395631434,-0.5000000000000004,0.8660254037844384,-0.20917350564635637,0.9778785428342386
2023-12-21,128.0,228.0,177.0,11375.0,497.0,398.4285714285714,20.791543792326248,77.77988477910236,11516.0,11242.0,10897.0,390.0,396.0,466.0,123.0,201.0,188.0,246.0,157.0,232.0,136.0,150.0,141.0,11232.0,20071.00000000902,11101.92857142857,34518.34493280583,390.0,3630.6666666666315,384.42857142857144,4616.998778998829,156.71428571428572,759.7195767195799,171.35714285714286,1006.7771672771612,116.71428571428571,540.6084656084648,126.28571428571429,572.3565323565349,-320.0,-267.0,-195.0,-278.0,-233.28571428571428,5046.830687830744,-213.07142857142858,5451.336385836378,3,12,0,4,355,0.43388373911755823,-0.900968867902419,-0.5000000000000004,0.8660254037844384,-0.19232150523909483,0.9813319716704275
2023-12-22,118.5,220.0,184.0,11317.25,459.5,396.0,21.74184085920495,41.75815914079505,11375.0,11192.0,10888.333333333334,497.0,416.0,447.6666666666667,177.0,175.66666666666666,189.0,228.0,163.33333333333334,230.0,128.0,126.66666666666669,146.66666666666666,11251.0,23041.333333342747,11136.07142857143,35768.49877895874,404.42857142857144,5289.952380952339,386.64285714285717,5074.674603174653,153.28571428571428,487.71957671957927,170.57142857142858,987.2551892551833,113.57142857142857,365.65608465608346,125.35714285714286,554.9993894993921,-275.5,-320.0,-240.33333333333334,-258.6666666666667,-251.14285714285714,5683.735449735507,-216.07142857142858,5996.874847374841,4,12,0,4,356,-0.433883739117558,-0.9009688679024191,-0.5000000000000004,0.8660254037844384,-0.17541259380427843,0.9844950085880858
2023-12-23,109.0,212.0,191.0,11259.5,422.0,398.2857142857142,22.02002024784352,1.6942654664422605,11317.25,11142.0,10879.666666666666,459.5,436.0,429.3333333333333,184.0,150.33333333333331,190.0,220.0,169.66666666666666,228.0,118.5,103.33333333333334,152.33333333333334,11268.892857142857,22819.16369048598,11166.708333333332,32561.63969013004,410.64285714285717,5728.059523809479,387.48809523809524,5195.771214896265,154.47619047619045,559.8095238095265,170.21428571428572,974.8650793650735,112.4047619047619,339.53571428571286,123.3452380952381,519.3267704517731,-231.0,-275.5,-285.6666666666667,-239.33333333333331,-256.1666666666667,5733.694444444503,-217.2738095238095,6127.425671550664,5,12,1,4,357,-0.9749279121818236,-0.2225209339563146,-0.5000000000000004,0.8660254037844384,-0.15845177496083632,0.9873667175937016
2023-12-24,99.5,204.0,198.0,11201.75,384.5,390.4285714285714,22.28539483923852,-28.21396626780991,11259.5,11092.0,10871.0,422.0,456.0,411.0,191.0,125.0,191.0,212.0,176.0,226.0,109.0,80.0,158.0,11285.67857142857,19821.514880962546,11193.839285714286,26093.342376331933,408.64285714285717,5637.726190476147,386.9642857142857,5152.402472527522,160.28571428571428,739.9047619047655,170.28571428571428,977.9804639804581,113.21428571428571,326.9880952380939,120.25,460.199786324789,-186.5,-231.0,-331.0,-220.0,-248.35714285714286,5623.05952380958,-216.67857142857142,6104.104548229541,6,12,1,4,358,-0.7818314824680299,0.6234898018587334,-0.5000000000000004,0.8660254037844384,-0.14144406768794202,0.9899462489023779
2023-12-25,90.0,196.0,205.0,11144.0,347.0,370.4285714285714,-24.992007839004494,1.5634364104331056,11201.75,11149.0,10998.0,384.5,364.0,304.0,198.0,164.0,233.0,204.0,188.0,160.0,99.5,116.0,96.0,11301.357142857143,14456.830357153378,11217.464285714286,17479.758241715885,398.42857142857144,5239.369047619009,385.07142857142856,5104.571428571478,170.71428571428572,642.5714285714334,170.78571428571428,1003.7881562881503,116.0,165.41666666666575,116.07142857142857,364.8962148962177,-142.0,-186.5,-200.0,-71.0,-227.71428571428572,4625.321428571482,-214.28571428571428,6167.147130647122,0,12,0,4,359,0.0,1.0,-0.5000000000000004,0.8660254037844384,-0.12439450483979998,0.9922328391893008
2023-12-26,56.0,82.0,68.0,11217.0,288.0,353.3928571428571,-44.6268973503646,-20.76595979249251,11144.0,11291.0,11077.0,347.0,272.0,259.0,205.0,158.0,129.0,196.0,185.0,173.0,90.0,105.0,141.0,11300.642857142857,14714.330357153345,11227.892857142857,14072.824175781521,396.0,5475.749999999963,388.14285714285717,4700.324175824226,176.57142857142858,790.9523809523863,168.78571428571428,791.7881562881508,112.28571428571429,261.98809523809376,115.64285714285714,385.99511599511885,-220.0,-142.0,-114.0,-130.0,-219.42857142857142,5641.7023809524335,-219.35714285714286,4962.097680097673,1,12,0,4,360,0.7818314824680298,0.6234898018587336,-0.5000000000000004,0.8660254037844384,-0.10730813165636247,0.9942258118156161
2023-12-27,74.0,103.0,80.0,11206.0,335.0,339.32142857142856,-17.219894549244145,12.89846597781559,11217.0,11516.0,11192.0,288.0,390.0,335.0,68.0,123.0,182.0,82.0,246.0,181.0,56.0,136.0,116.0,11290.07142857143,15734.473214295942,11237.892857142857,12222.824175781221,398.2857142857143,4850.988095238056,390.2142857142857,4184.21978021983,163.71428571428572,2505.2380952381004,164.42857142857142,1430.9474969474927,105.28571428571429,723.9880952380927,109.57142857142857,570.4731379731412,-255.0,-220.0,-267.0,-153.0,-234.57142857142858,3521.702380952436,-225.78571428571428,4303.416361416357,2,12,0,4,361,0.9749279121818236,-0.22252093395631434,-0.5000000000000004,0.8660254037844384,-0.09019000427034513,0.9959245770286599
2023-12-28,68.0,107.0,102.0,11230.0,357.0,328.21428571428567,20.791543792326248,7.994170493388086,11206.0,11375.0,11242.0,335.0,497.0,396.0,80.0,177.0,201.0,103.0,228.0,157.0,74.0,128.0,150.0,11245.785714285714,6117.09226191396,11238.892857142857,12137.978021935036,390.42857142857144,5435.035714285679,390.2142857142857,4184.21978021983,157.57142857142858,3352.9523809523857,157.14285714285714,1898.354090354088,96.42857142857143,638.3690476190436,106.57142857142857,654.9346764346798,-255.0,-255.0,-320.0,-195.0,-232.85714285714286,3412.559523809579,-233.07142857142858,3904.383394383392,3,12,0,4,362,0.43388373911755823,-0.900968867902419,-0.5000000000000004,0.8660254037844384,-0.07304518821104743,0.9973286321364752
2023-12-29,74.0,111.25,99.75,11140.0,340.25,320.07142857142856,21.74184085920495,-1.563269430633504,11230.0,11317.25,11192.0,357.0,459.5,416.0,102.0,184.0,175.66666666666666,107.0,220.0,163.33333333333334,68.0,118.5,126.66666666666669,11225.07142857143,2875.306547627788,11238.035714285714,12142.527472484511,370.42857142857144,3261.7023809523544,387.42857142857144,4258.148351648401,146.85714285714286,3670.809523809528,150.07142857142858,1930.4474969474961,87.85714285714286,521.226190476185,100.71428571428571,587.3522588522624,-240.5,-255.0,-275.5,-240.33333333333334,-223.57142857142858,2128.0357142857674,-237.35714285714286,3810.097680097679,4,12,0,4,363,-0.433883739117558,-0.9009688679024191,-0.5000000000000004,0.8660254037844384,-0.05587875690537313,0.9984375616565666
2023-12-30,80.0,115.5,97.5,11050.0,323.5,324.07142857142856,22.02002024784352,-22.591448819272077,11140.0,11259.5,11142.0,340.25,422.0,436.0,99.75,191.0,150.33333333333331,111.25,212.0,169.66666666666666,74.0,109.0,103.33333333333334,11199.75,1917.3125000081247,11234.32142857143,12703.956043913193,353.39285714285717,1752.6220238095045,382.01785714285717,4335.042925824224,134.82142857142858,3641.7232142857174,144.64880952380952,2043.1754044566549,81.5,349.5833333333269,96.95238095238096,575.1984126984164,-226.0,-240.5,-231.0,-285.6666666666667,-218.57142857142858,1697.2023809524328,-237.36904761904762,3810.1759768009756,5,12,1,4,364,-0.9749279121818236,-0.2225209339563146,-0.5000000000000004,0.8660254037844384,-0.03869579017652689,0.9992510374388481
2023-12-31,86.0,119.75,95.25,10960.0,306.75,313.7857142857142,22.28539483923852,-29.32110912495274,11050.0,11201.75,11092.0,323.5,384.5,456.0,97.5,198.0,125.0,115.5,204.0,176.0,80.0,99.5,80.0,11169.82142857143,4014.806547626368,11227.75,14615.230769188094,339.32142857142856,886.0565476190342,373.98214285714283,4304.754464285761,121.46428571428571,3139.7172619047637,140.875,2196.353365384616,77.35714285714286,203.89285714285003,95.28571428571429,591.1813186813225,-211.5,-226.0,-186.5,-331.0,-217.85714285714286,1680.0595238095757,-233.10714285714286,3621.12225274725,6,12,1,4,365,-0.7818314824680299,0.6234898018587334,-0.5000000000000004,0.8660254037844384,-0.021501372740813793,0.999768818762748
2024-01-01,92.0,124.0,93.0,10870.0,290.0,314.49999999999994,-24.992007839004494,0.4920078390045503,10960.0,11144.0,11149.0,306.75,347.0,364.0,95.25,205.0,164.0,119.75,196.0,188.0,86.0,90.0,116.0,11135.285714285714,9790.904761911055,11218.32142857143,18616.571428529027,328.2142857142857,578.7589285714195,363.32142857142856,4012.6098901099353,106.78571428571429,2026.5922619047626,138.75,2332.2307692307704,75.42857142857143,130.28571428570686,95.71428571428571,579.6428571428609,-197.0,-211.5,-142.0,-200.0,-221.42857142857142,1508.0357142857672,-224.57142857142858,2841.417582417577,0,1,0,1,1,0.0,1.0,0.0,1.0,0.0,1.0
2024-01-02,113.0,162.0,107.0,10770.0,316.0,317.8452380952381,-44.6268973503646,42.78165925512653,10870.0,11217.0,11291.0,290.0,288.0,272.0,93.0,68.0,158.0,124.0,82.0,185.0,92.0,56.0,105.0,11096.142857142857,19720.142857147937,11198.392857142857,27152.13186809001,320.07142857142856,685.9732142857083,358.0357142857143,4396.027472527518,90.78571428571429,151.92559523809476,133.67857142857142,2416.4945054945074,75.71428571428571,140.57142857142122,94.0,545.8846153846191,-209.0,-197.0,-220.0,-114.0,-229.28571428571428,483.98809523815044,-224.35714285714286,2853.4010989010935,1,1,0,1,2,0.7818314824680298,0.6234898018587336,0.0,1.0,0.017201575418260506,0.9998520419557735
2024-01-03,106.0,196.0,131.0,10718.0,263.0,323.8214285714286,-17.219894549244145,-43.60153402218447,10770.0,11206.0,11516.0,316.0,335.0,390.0,107.0,80.0,123.0,162.0,103.0,246.0,113.0,74.0,136.0,11032.285714285714,30256.571428574596,11161.17857142857,39117.956043915256,324.07142857142856,498.6398809523735,361.17857142857144,3951.9175824176273,96.35714285714286,72.99702380952385,130.03571428571428,2411.4505494505515,83.85714285714286,230.14285714285117,94.57142857142857,563.9945054945093,-132.0,-209.0,-255.0,-267.0,-227.71428571428572,535.3214285714835,-231.14285714285714,1885.1318681318648,2,1,0,1,3,0.9749279121818236,-0.22252093395631434,0.0,1.0,0.03439806061360801,0.9994082116062598
2024-01-04,86.0,152.0,168.0,10558.0,362.0,332.42857142857144,20.791543792326248,8.779884779102307,10718.0,11230.0,11375.0,263.0,357.0,497.0,131.0,102.0,177.0,196.0,107.0,228.0,106.0,68.0,128.0,10962.57142857143,36019.61904762001,11104.17857142857,41042.80219776308,313.7857142857143,976.9255952380914,352.10714285714283,4540.86263736268,103.64285714285714,166.49702380952456,130.60714285714286,2407.3626373626394,88.42857142857143,271.28571428570905,92.42857142857143,437.0714285714324,-194.0,-132.0,-255.0,-320.0,-210.14285714285714,1577.8928571429076,-221.5,2442.192307692301,3,1,0,1,4,0.43388373911755823,-0.900968867902419,0.0,1.0,0.051584366869408364,0.9986686402879997
2024-01-05,85.33333333333333,140.66666666666666,157.33333333333334,10262.0,363.6666666666667,343.4285714285714,21.74184085920495,-1.5037456211096512,10558.0,11140.0,11317.25,362.0,340.25,459.5,168.0,99.75,184.0,152.0,111.25,220.0,86.0,74.0,118.5,10866.57142857143,40627.6190476169,11045.82142857143,54680.41758238019,314.5,1052.5208333333292,342.4642857142857,2833.3351648352054,113.07142857142857,752.6398809523827,129.96428571428572,2348.91208791209,91.0,194.9999999999952,89.42857142857143,333.2252747252787,-206.33333333333334,-194.0,-240.5,-275.5,-201.42857142857142,1197.3690476190957,-212.5,1666.8076923076821,4,1,0,1,5,-0.433883739117558,-0.9009688679024191,0.0,1.0,0.06875540848113941,0.9976335468520451
2024-01-06,84.66666666666667,129.33333333333334,146.66666666666666,9966.0,365.3333333333333,339.1428571428571,22.02002024784352,4.170455942632685,10262.0,11050.0,11259.5,363.6666666666667,323.5,422.0,157.33333333333334,97.5,191.0,140.66666666666666,115.5,212.0,85.33333333333333,80.0,109.0,10741.142857142857,70730.47619046988,10970.44642857143,90154.50171699784,317.84523809523813,1331.848214285709,335.61904761904765,1763.810592185631,121.29761904761905,970.6339285714312,128.05952380952382,2178.0207570207594,92.61904761904762,149.12698412697958,87.05952380952381,263.4598595848637,-218.66666666666666,-206.33333333333334,-226.0,-231.0,-196.54761904761904,919.1547619048084,-207.55952380952382,1338.1393467643347,5,1,1,1,6,-0.9749279121818236,-0.2225209339563146,0.0,1.0,0.08590610426133272,0.9963032375991965
2024-01-07,84.0,118.0,136.0,9670.0,367.0,351.42857142857133,22.28539483923852,-6.713966267809852,9966.0,10960.0,11201.75,365.3333333333333,306.75,384.5,146.66666666666666,95.25,198.0,129.33333333333334,119.75,204.0,84.66666666666667,86.0,99.5,10586.285714285714,126995.23809522645,10878.05357142857,152143.0017170006,323.82142857142856,1660.7046957671873,331.57142857142856,1240.1109584859962,128.32142857142858,925.954695767199,124.89285714285714,1889.123321123324,93.28571428571429,132.60846560846116,85.32142857142857,223.6173687423729,-231.0,-218.66666666666666,-211.5,-186.5,-195.5,854.8425925926387,-206.67857142857142,1304.527625152613,6,1,1,1,7,-0.7818314824680299,0.6234898018587334,0.0,1.0,0.10303137904317879,0.9946781061893646
2024-01-08,59.0,64.0,117.0,9670.0,367.0,367.71428571428567,-24.992007839004494,24.277722124718828,9670.0,10870.0,11144.0,367.0,290.0,347.0,136.0,93.0,205.0,118.0,124.0,196.0,84.0,92.0,90.0,10402.0,204026.66666664826,10768.642857142857,243452.55494502562,332.42857142857144,1836.4338624338498,330.32142857142856,1119.485958485996,134.14285714285714,713.9576719576758,120.46428571428571,1466.365079365083,93.0,138.03703703703255,84.21428571428571,206.96764346764763,-250.0,-231.0,-197.0,-142.0,-198.28571428571428,1013.1640211640682,-209.85714285714286,1307.8284493284384,0,1,0,1,8,0.0,1.0,0.0,1.0,0.1201261651823505,0.9927586335250793
2024-01-09,62.0,97.0,52.0,9311.0,286.0,375.1190476190476,-44.6268973503646,-44.49215026868299,9670.0,10770.0,11217.0,367.0,316.0,288.0,117.0,107.0,68.0,64.0,162.0,82.0,59.0,113.0,56.0,10230.57142857143,222540.95238092766,10663.357142857143,313524.24725272093,343.42857142857144,1594.433862433845,331.75,1199.3760683761063,137.57142857142858,467.10052910053315,114.17857142857143,875.0244200244247,88.28571428571429,304.60846560846056,82.0,248.01709401709826,-234.0,-250.0,-209.0,-220.0,-205.85714285714286,1391.735449735499,-217.57142857142858,1013.4987789987713,1,1,0,1,9,0.7818314824680298,0.6234898018587336,0.0,1.0,0.13718540405660057,0.9905453876091833
2024-01-10,91.0,75.0,97.0,9144.0,349.0,373.6428571428571,-17.219894549244145,-7.422962593612965,9311.0,10718.0,11206.0,286.0,263.0,335.0,52.0,131.0,80.0,97.0,196.0,103.0,62.0,106.0,74.0,10022.142857142857,264296.1428571103,10527.214285714286,410667.4120878897,339.14285714285717,1997.29100529099,331.60714285714283,1213.1233211233591,129.71428571428572,1459.7195767195806,113.03571428571429,1006.9804639804689,81.0,256.03703703703104,82.42857142857143,226.5885225885268,-252.0,-234.0,-132.0,-255.0,-209.42857142857142,1507.2116402116906,-218.57142857142858,1032.729548229541,2,1,0,1,10,0.9749279121818236,-0.22252093395631434,0.0,1.0,0.1542040475626894,0.988039023376751
2024-01-11,29.0,51.0,11.0,8829.0,476.0,363.2857142857143,20.791543792326248,91.92274192195949,9144.0,10558.0,11230.0,349.0,362.0,357.0,97.0,168.0,102.0,75.0,152.0,107.0,91.0,86.0,68.0,9797.285714285714,253128.2380951969,10379.92857142857,499038.8406593225,351.42857142857144,871.1005291005082,332.60714285714283,1234.4310134310517,124.85714285714286,1610.291005291009,114.25,941.222222222227,78.85714285714286,163.1798941798879,83.64285714285714,225.18742368742792,-465.0,-252.0,-194.0,-255.0,-226.57142857142858,467.21164021169517,-218.35714285714286,1016.5592185592112,3,1,0,1,11,0.43388373911755823,-0.900968867902419,0.0,1.0,0.17117705961019986,0.985240282501282
2024-01-12,30.0,51.5,16.75,8630.0,415.5,344.2857142857143,21.74184085920495,49.47244485508077,8829.0,10262.0,11140.0,476.0,363.6666666666667,340.25,11.0,157.33333333333334,99.75,51.0,140.66666666666666,111.25,29.0,85.33333333333333,74.0,9550.285714285714,241766.2380951871,10208.42857142857,596807.0329670197,367.7142857142857,3129.386243386216,341.10714285714283,2692.5079365079782,102.42857142857143,2873.767195767198,107.75,1704.2222222222285,70.71428571428571,491.6084656084582,80.85714285714286,427.6874236874279,-398.75,-465.0,-206.33333333333334,-240.5,-265.2857142857143,8016.49735449742,-233.35714285714286,5350.405372405372,4,1,0,1,12,-0.433883739117558,-0.9009688679024191,0.0,1.0,0.18809941761179758,0.9821499931752291
2024-01-13,31.0,52.0,22.5,8431.0,355.0,330.2857142857143,22.02002024784352,2.694265466442204,8630.0,9966.0,11050.0,415.5,365.3333333333333,323.5,16.75,146.66666666666666,97.5,51.5,129.33333333333334,115.5,30.0,84.66666666666667,80.0,9317.142857142857,235082.8095237489,10029.142857142857,687084.2857142775,375.1190476190476,3443.265873015843,346.48214285714283,3087.053609584903,82.3452380952381,3124.2509920634925,101.82142857142857,2298.4474969475045,62.8095238095238,659.3650793650708,77.71428571428571,612.3907203907245,-332.5,-398.75,-218.66666666666666,-226.0,-292.7738095238096,9524.524801587375,-244.66071428571428,7313.096649877905,5,1,1,1,13,-0.9749279121818236,-0.2225209339563146,0.0,1.0,0.20496611396949532,0.9787690698649216
2024-01-14,32.0,52.5,28.25,8232.0,294.5,330.85714285714283,22.28539483923852,-58.64253769638135,8431.0,9670.0,10960.0,355.0,367.0,306.75,22.5,136.0,95.25,52.0,118.0,119.75,31.0,84.0,86.0,9097.857142857143,239687.80952373947,9842.07142857143,765697.4560439526,373.64285714285717,3492.2261904761613,348.73214285714283,3046.5536095849043,64.60714285714286,2664.5386904761895,96.46428571428571,2750.095848595857,55.142857142857146,679.8095238095141,74.21428571428571,766.6599511599553,-266.25,-332.5,-231.0,-211.5,-309.0357142857143,8563.717261904838,-252.26785714285714,7817.508737789995,6,1,1,1,14,-0.7818314824680299,0.6234898018587334,0.0,1.0,0.22177215755648186,0.975098513039961
2024-01-15,33.0,53.0,34.0,8033.0,234.0,314.1428571428571,-24.992007839004494,-55.15084930385262,8232.0,9670.0,10870.0,294.5,367.0,290.0,28.25,117.0,93.0,52.5,64.0,124.0,32.0,59.0,92.0,8892.42857142857,260846.9523808734,9647.214285714286,828081.7197802217,363.2857142857143,4403.654761904737,347.85714285714283,3136.3925518925967,49.214285714285715,1758.9255952380927,91.67857142857143,3083.255189255199,47.714285714285715,565.9047619047511,70.35714285714286,877.0335775335817,-200.0,-266.25,-250.0,-197.0,-314.07142857142856,7824.306547619126,-256.17857142857144,7688.229548229558,0,1,0,1,15,0.0,1.0,0.0,1.0,0.23851257519407648,0.9711394088771653
2024-01-16,32.0,49.0,39.0,8133.0,188.0,306.6428571428571,-44.6268973503646,-74.01595979249251,8033.0,9311.0,10770.0,234.0,286.0,316.0,34.0,52.0,107.0,53.0,97.0,162.0,33.0,62.0,113.0,8658.57142857143,219376.28571419616,9444.57142857143,869280.571428579,344.2857142857143,6765.988095238077,343.85714285714283,3858.8540903541334,37.357142857142854,867.6636904761866,87.46428571428571,3319.9035409035514,44.0,564.6666666666554,66.14285714285714,929.2258852258894,-149.0,-200.0,-234.0,-209.0,-306.92857142857144,9249.306547619122,-256.39285714285717,7661.559218559229,1,1,0,1,16,0.7818314824680298,0.6234898018587336,0.0,1.0,0.2551824131233728,0.9668929289391521
2024-01-17,80.0,176.0,125.0,8072.0,353.0,308.35714285714283,-17.219894549244145,61.86275169210131,8133.0,9144.0,10718.0,188.0,349.0,263.0,39.0,97.0,131.0,49.0,75.0,196.0,32.0,91.0,106.0,8490.285714285714,161429.90476180744,9256.214285714286,828262.1813186943,330.2857142857143,10041.988095238083,334.7142857142857,5577.711233211272,35.5,828.3541666666625,82.60714285714286,3445.8156288156397,39.714285714285715,513.2380952380835,60.357142857142854,813.9566544566587,-228.0,-149.0,-252.0,-132.0,-294.7857142857143,12347.758928571498,-252.10714285714286,8356.174603174612,2,1,0,1,17,0.9749279121818236,-0.22252093395631434,0.0,1.0,0.2717767384711357,0.9623603298276545
2024-01-18,116.0,188.0,164.0,8042.0,359.0,319.2857142857143,20.791543792326248,18.922741921959474,8072.0,8829.0,10558.0,353.0,476.0,362.0,125.0,11.0,168.0,176.0,51.0,152.0,80.0,29.0,86.0,8337.142857142857,92005.14285703836,9067.214285714286,733296.950549469,330.85714285714283,10069.226190476178,341.14285714285717,5163.315628815671,39.5,1514.354166666663,82.17857142857143,3403.7167277167387,38.142857142857146,342.47619047617854,58.5,679.6709401709445,-195.0,-228.0,-465.0,-194.0,-291.35714285714283,12772.330357142926,-258.9642857142857,7240.5702075702175,3,1,0,1,18,0.43388373911755823,-0.900968867902419,0.0,1.0,0.2882906407095177,0.9575429528116719
2024-01-19,112.33333333333331,187.0,162.0,8019.333333333333,363.0,317.57142857142856,21.74184085920495,23.686730569366496,8042.0,8630.0,10262.0,359.0,415.5,363.6666666666667,164.0,16.75,157.33333333333334,188.0,51.5,140.66666666666666,116.0,30.0,85.33333333333333,8224.714285714286,51455.90476179484,8887.5,608409.3461538695,314.14285714285717,6364.226190476184,340.92857142857144,5154.332112332155,61.357142857142854,3404.9970238095225,81.89285714285714,3352.046398046409,50.57142857142857,1158.6190476190375,60.642857142857146,870.8797313797357,-201.0,-195.0,-398.75,-206.33333333333334,-252.78571428571428,7558.758928571481,-259.0357142857143,7230.64713064714,4,1,0,1,19,-0.433883739117558,-0.9009688679024191,0.0,1.0,0.3047192331091634,0.9524422234305676
2024-01-20,108.66666666666669,186.0,160.0,7996.666666666667,367.0,319.57142857142856,22.02002024784352,25.40855118072793,8019.333333333333,8431.0,9966.0,363.0,355.0,365.3333333333333,162.0,22.5,146.66666666666666,187.0,52.0,129.33333333333334,112.33333333333331,31.0,84.66666666666667,8137.476190476191,22231.14285702858,8727.309523809523,493425.4438339718,306.64285714285717,4984.226190476186,340.88095238095235,5152.031746031788,82.10714285714286,4259.205357142858,82.22619047619048,3407.764346764358,62.33333333333333,1562.4444444444355,62.57142857142857,1025.511599511604,-207.0,-201.0,-332.5,-218.66666666666666,-224.53571428571428,3523.717261904803,-258.65476190476187,7275.921855921866,5,1,1,1,20,-0.9749279121818236,-0.2225209339563146,0.0,1.0,0.321057654185271,0.9470596510722283
2024-01-21,105.0,185.0,158.0,7974.0,371.0,303.85714285714283,22.28539483923852,44.85746230361865,7996.666666666667,8232.0,9670.0,367.0,294.5,367.0,160.0,28.25,136.0,186.0,52.5,118.0,108.66666666666669,32.0,84.0,8075.428571428572,6684.767195649776,8586.642857142857,395153.5463980784,308.35714285714283,5198.226190476185,341.0,5158.500000000043,101.75,4228.104166666669,83.17857142857143,3552.648351648363,73.42857142857143,1612.9894179894109,64.28571428571429,1148.2368742368787,-213.0,-207.0,-266.25,-231.0,-206.60714285714286,1257.247023809557,-257.82142857142856,7357.417582417592,6,1,1,1,21,-0.7818314824680299,0.6234898018587334,0.0,1.0,0.3373010691361842,0.9413968285264122
2024-01-22,136.0,246.0,123.0,8008.0,222.0,294.42857142857144,-24.992007839004494,-47.43656358956695,7974.0,8033.0,9670.0,371.0,234.0,367.0,158.0,34.0,117.0,185.0,53.0,64.0,105.0,33.0,59.0,8038.571428571428,2728.767195647935,8465.5,317938.9529914883,319.2857142857143,5680.904761904753,341.2857142857143,5175.6428571429,120.28571428571429,3454.2380952380977,84.75,3766.0000000000114,83.85714285714286,1366.1798941798886,65.78571428571429,1243.4291819291864,-99.0,-213.0,-200.0,-250.0,-199.0,603.6666666666969,-256.5357142857143,7454.835164835174,0,1,0,1,22,0.0,1.0,0.0,1.0,0.3534446712740877,0.9354554315134164
2024-01-23,128.0,228.0,177.0,8133.0,202.0,285.09523809523813,-44.6268973503646,-38.46834074487353,8008.0,8133.0,9311.0,222.0,188.0,286.0,123.0,39.0,52.0,246.0,49.0,97.0,136.0,32.0,62.0,8035.0,2864.4814813620465,8346.785714285714,207260.71123324966,317.57142857142856,6042.6190476190395,330.92857142857144,6103.802197802234,133.0,2026.0000000000034,85.17857142857143,3798.3406593406708,98.57142857142857,1135.6560846560808,71.28571428571429,1586.5445665445711,-25.0,-99.0,-149.0,-234.0,-184.57142857142858,2027.285714285739,-245.75,9235.307692307697,1,1,0,1,23,0.7818314824680298,0.6234898018587336,0.0,1.0,0.3694836834473831,0.9292372181882051
2024-01-24,90.0,196.0,205.0,8212.0,243.0,275.85714285714283,-17.219894549244145,-15.637248307898687,8133.0,8072.0,9144.0,202.0,353.0,349.0,177.0,125.0,97.0,228.0,176.0,75.0,128.0,80.0,91.0,8035.0,2864.4814813620465,8262.642857142857,131635.70024424087,319.57142857142856,5465.952380952372,324.92857142857144,7188.417582417615,152.71428571428572,422.57142857143316,94.10714285714286,4276.362637362647,112.28571428571429,321.941798941797,76.0,1803.4017094017142,-38.0,-25.0,-228.0,-252.0,-166.85714285714286,5694.142857142876,-230.82142857142858,12733.186813186812,2,1,0,1,24,0.9749279121818236,-0.22252093395631434,0.0,1.0,0.38541335945432564,0.9227440286201427
2024-01-25,102.0,189.0,155.0,8180.0,293.0,266.71428571428567,20.791543792326248,5.494170493388086,8212.0,8042.0,8829.0,243.0,359.0,476.0,205.0,164.0,11.0,196.0,188.0,51.0,90.0,116.0,29.0,8055.0,7391.148148029698,8196.07142857143,67307.2167277591,303.85714285714283,5968.80952380952,317.35714285714283,7598.4395604395895,164.14285714285714,597.8095238095287,101.82142857142857,5157.571428571436,113.71428571428571,228.6084656084638,75.92857142857143,1801.1654456654505,-138.0,-38.0,-195.0,-465.0,-139.71428571428572,6978.904761904773,-215.53571428571428,15307.065934065924,3,1,0,1,25,0.43388373911755823,-0.900968867902419,0.0,1.0,0.4012289854475009,0.9159777842484877
2024-01-26,108.0,211.66666666666663,145.33333333333334,8121.333333333333,297.6666666666667,262.85714285714283,21.74184085920495,13.067682950318904,8180.0,8019.333333333333,8630.0,293.0,363.0,415.5,155.0,162.0,16.75,189.0,187.0,51.5,102.0,112.33333333333331,30.0,8074.714285714285,9513.719576602076,8149.714285714285,34197.51892556247,294.42857142857144,5377.952380952381,304.2857142857143,5524.104395604418,162.85714285714286,609.8095238095287,112.10714285714286,4626.6703296703345,111.71428571428571,245.94179894179683,81.14285714285714,1654.7643467643518,-152.33333333333334,-138.0,-201.0,-398.75,-131.57142857142858,6392.619047619057,-192.17857142857142,10394.879120879099,4,1,0,1,26,-0.433883739117558,-0.9009688679024191,0.0,1.0,0.4169258813287287,0.908940487313808
2024-01-27,114.0,234.33333333333331,135.66666666666666,8062.666666666667,302.3333333333333,260.7142857142857,22.02002024784352,19.599027371204077,8121.333333333333,7996.666666666667,8431.0,297.6666666666667,367.0,355.0,145.33333333333334,160.0,22.5,211.66666666666663,186.0,52.0,108.0,108.66666666666669,31.0,8089.285714285715,9117.052909936094,8113.380952380952,15093.63858368303,285.09523809523813,4494.39682539683,295.86904761904765,4499.752899877918,160.47619047619045,654.2539682539731,121.29166666666666,3921.2871260683783,111.0952380952381,247.73015873015652,86.71428571428571,1475.6214896214951,-166.66666666666666,-152.33333333333334,-207.0,-332.5,-124.61904761904762,5604.682539682547,-174.57738095238096,6900.929983211202,5,1,1,1,27,-0.9749279121818236,-0.2225209339563146,0.0,1.0,0.4324994021339788,0.901634220265486
2024-01-28,120.0,257.0,126.0,8004.0,307.0,264.0,22.28539483923852,20.71460516076148,8062.666666666667,7974.0,8232.0,302.3333333333333,371.0,294.5,135.66666666666666,158.0,28.25,234.33333333333331,185.0,52.5,114.0,105.0,32.0,8098.714285714285,7701.719576603221,8087.071428571428,6785.900488445597,275.85714285714283,3326.2910052910133,292.10714285714283,4218.767551892569,157.0,742.7037037037088,129.375,3116.0627670940175,111.85714285714286,247.4761904761884,92.64285714285714,1256.2643467643525,-181.0,-166.66666666666666,-213.0,-266.25,-118.85714285714286,4729.513227513232,-162.73214285714286,4836.21386599508,6,1,1,1,28,-0.7818314824680299,0.6234898018587334,0.0,1.0,0.44794493940789115,0.8940611451454876
2024-01-29,137.0,272.0,166.0,8057.0,195.0,270.2857142857143,-24.992007839004494,-50.29370644670978,8004.0,8008.0,8033.0,307.0,222.0,234.0,126.0,123.0,34.0,257.0,246.0,53.0,120.0,136.0,33.0,8103.0,6583.1481480320035,8070.785714285715,5415.394993940522,266.7142857142857,1881.719576719589,293.0,4234.529914529931,152.42857142857142,878.3227513227565,136.35714285714286,2277.802808302807,114.0,245.33333333333158,98.92857142857143,988.3962148962212,-29.0,-181.0,-99.0,-200.0,-114.28571428571429,3871.608465608468,-156.64285714285714,3997.648962148923,0,1,0,1,29,0.0,1.0,0.0,1.0,0.4632579225674917,0.88622350294858
2024-01-30,93.0,198.0,208.0,8182.0,187.0,276.1428571428571,-44.6268973503646,-44.51595979249251,8057.0,8133.0,8133.0,195.0,202.0,188.0,166.0,177.0,39.0,272.0,228.0,49.0,137.0,128.0,32.0,8110.0,5374.481481365661,8072.5,5317.02136756685,262.85714285714283,2388.291005291019,290.2142857142857,4697.172771672787,158.57142857142858,720.6560846560897,145.78571428571428,1443.7368742368706,114.14285714285714,252.80952380952203,106.35714285714286,706.1105006105073,21.0,-29.0,-25.0,-149.0,-104.28571428571429,4928.275132275131,-144.42857142857142,4945.665445665401,1,1,0,1,30,0.7818314824680298,0.6234898018587336,0.0,1.0,0.4784338202547012,0.8781236129591848
2024-01-31,203.0,477.0,258.0,8153.0,266.0,281.57142857142856,-17.219894549244145,1.64846597781559,8182.0,8212.0,8072.0,187.0,243.0,353.0,208.0,205.0,125.0,198.0,196.0,176.0,93.0,90.0,80.0,8117.0,6093.148148032655,8076.0,5944.598290643676,260.7142857142857,2724.7195767195903,290.14285714285717,4712.969474969491,163.0,1048.3703703703754,157.85714285714286,707.3797313797241,109.14285714285714,266.14285714285467,110.71428571428571,274.083028083035,-8.0,21.0,-38.0,-228.0,-97.71428571428571,6446.275132275129,-132.28571428571428,6890.39072039067,2,1,0,1,31,0.9749279121818236,-0.22252093395631434,0.0,1.0,0.49346814167723735,0.8697638720650646
2024-02-01,222.0,459.0,289.0,8026.0,337.0,286.57142857142856,20.791543792326248,29.6370276362452,8153.0,8180.0,8042.0,266.0,293.0,359.0,258.0,155.0,164.0,477.0,189.0,188.0,203.0,102.0,116.0,8108.571428571428,4722.1005289846435,8081.785714285715,6363.394993940218,264.0,2664.4814814814945,283.92857142857144,4412.293650793665,170.57142857142858,2191.6560846560897,167.35714285714286,1298.5720390720292,125.28571428571429,1369.2380952380952,119.5,773.5170940171013,-48.0,-8.0,-138.0,-195.0,-93.42857142857143,7171.989417989414,-116.57142857142857,7107.97313797308,3,2,0,1,32,0.43388373911755823,-0.900968867902419,0.49999999999999994,0.8660254037844387,0.5083564379375122,0.8611467540480452
2024-02-02,232.33333333333331,483.0,275.3333333333333,7955.0,338.6666666666667,293.2857142857143,21.74184085920495,23.63911152174746,8026.0,8121.333333333333,8019.333333333333,337.0,297.6666666666667,363.0,289.0,145.33333333333334,162.0,459.0,211.66666666666663,187.0,222.0,108.0,112.33333333333331,8086.571428571428,4443.433862316947,8080.642857142857,6479.6147741600325,270.2857142857143,3366.3862433862546,282.35714285714283,4192.777167277181,189.71428571428572,4061.275132275137,176.28571428571428,2350.083028083015,142.42857142857142,2494.9523809523835,127.07142857142857,1519.011599511607,-63.33333333333337,-48.0,-152.33333333333334,-201.0,-80.57142857142857,6991.989417989408,-106.07142857142857,6877.780830280767,4,2,0,1,33,-0.433883739117558,-0.9009688679024191,0.49999999999999994,0.8660254037844387,0.5230943033491326,0.8522748088519838
2024-02-03,242.66666666666663,507.0,261.6666666666667,7884.0,340.3333333333333,292.0,22.02002024784352,26.3133130854898,7955.0,8062.666666666667,7996.666666666667,338.6666666666667,302.3333333333333,367.0,275.3333333333333,135.66666666666666,160.0,483.0,234.33333333333331,186.0,232.33333333333331,114.0,108.66666666666669,8062.809523809524,6468.476190358174,8076.047619047619,7382.048840094235,276.14285714285717,3980.7354497354604,280.61904761904765,3933.177045177059,208.28571428571428,4552.386243386248,184.38095238095238,3018.4590964590807,160.19047619047618,3276.476190476196,135.64285714285714,2275.495115995124,-78.66666666666663,-63.33333333333337,-166.66666666666666,-207.0,-67.85714285714286,5994.624338624323,-96.23809523809526,6220.964590964522,5,2,1,1,34,-0.9749279121818236,-0.2225209339563146,0.49999999999999994,0.8660254037844387,0.5376773767406141,0.8431506618282
2024-02-04,253.0,531.0,248.0,7813.0,342.0,285.71428571428567,22.28539483923852,34.000319446475814,7884.0,8004.0,7974.0,340.3333333333333,307.0,371.0,261.6666666666667,126.0,158.0,507.0,257.0,185.0,242.66666666666663,120.0,105.0,8037.285714285715,11037.238095118906,8068.0,9664.683760729396,281.57142857142856,4518.7671957672055,278.7142857142857,3629.5873015873144,226.28571428571428,3770.3862433862473,191.64285714285714,3375.4096459096277,178.57142857142858,3660.43386243387,145.21428571428572,3001.9420024420106,-94.0,-78.66666666666663,-181.0,-213.0,-55.285714285714285,4202.497354497335,-87.07142857142857,5210.515873015799,6,2,1,1,35,-0.7818314824680299,0.6234898018587334,0.49999999999999994,0.8660254037844387,0.5521013427459208,0.8337770129585915
2024-02-05,157.0,466.0,345.0,7872.0,242.0,282.57142857142856,-24.992007839004494,-15.579420732424062,7813.0,8057.0,8008.0,342.0,195.0,222.0,248.0,166.0,123.0,531.0,272.0,246.0,253.0,137.0,136.0,8010.0,18367.999999879543,8056.5,13844.49145303743,286.57142857142856,4990.433862433871,276.64285714285717,3277.922466422479,243.71428571428572,1818.3862433862475,198.07142857142858,3488.1568986568786,197.57142857142858,3590.7671957672064,155.78571428571428,3650.865079365088,103.0,-94.0,-29.0,-99.0,-42.857142857142854,1638.068783068759,-78.57142857142857,3916.554334554256,0,2,0,1,36,0.0,1.0,0.49999999999999994,0.8660254037844387,0.5663619330814524,0.8241566360566663
2024-02-06,291.0,455.0,323.0,8045.0,178.0,280.7142857142857,-44.6268973503646,-58.08738836392112,7872.0,8182.0,8133.0,242.0,187.0,202.0,345.0,208.0,177.0,466.0,198.0,228.0,157.0,93.0,128.0,7983.571428571428,20358.952380830688,8046.785714285715,16180.40354094981,293.2857142857143,3871.38624338625,278.07142857142856,3138.3620268620393,269.2857142857143,1758.7195767195801,213.92857142857142,4444.464590964566,200.42857142857142,3244.1005291005404,157.28571428571428,3618.442002442011,145.0,103.0,21.0,-25.0,-24.0,4736.925925925895,-64.14285714285714,6196.2686202685345,1,2,0,1,37,0.7818314824680298,0.6234898018587336,0.49999999999999994,0.8660254037844387,0.580454927809098,0.8142923779467267
2024-02-07,227.0,453.0,330.0,8160.0,222.0,280.1428571428571,-17.219894549244145,-40.922962593612965,8045.0,8153.0,8212.0,178.0,266.0,243.0,323.0,258.0,205.0,455.0,477.0,196.0,291.0,203.0,90.0,7964.0,13978.666666544052,8040.5,15566.337606884066,292.0,4201.814814814822,276.35714285714283,3460.3840048840166,285.7142857142857,1298.7195767195801,224.35714285714286,5137.563492063463,228.71428571428572,1754.386243386259,168.92857142857142,4781.832112332122,108.0,145.0,-8.0,-38.0,-6.285714285714286,8793.497354497318,-52.0,9284.290598290507,2,2,0,1,38,0.9749279121818236,-0.22252093395631434,0.49999999999999994,0.8660254037844387,0.5943761565849831,0.804187157621448
2024-02-08,298.0,499.0,358.0,8188.0,315.0,280.85714285714283,20.791543792326248,13.35131335053092,8160.0,8026.0,8180.0,222.0,337.0,293.0,330.0,289.0,155.0,453.0,459.0,189.0,227.0,222.0,102.0,7965.0,14426.666666544099,8036.785714285715,14387.480464027029,285.7142857142857,4859.719576719585,274.85714285714283,3599.653235653247,296.0,1374.1481481481508,233.28571428571428,5881.38217338214,232.14285714285714,1630.957671957688,178.71428571428572,4458.903540903551,43.0,108.0,-48.0,-138.0,10.285714285714286,10649.497354497313,-41.57142857142857,11121.323565323468,3,2,0,1,39,0.43388373911755823,-0.900968867902419,0.49999999999999994,0.8660254037844387,0.6081214998935418,0.7938439653781019
2024-02-09,267.0,504.3333333333333,314.0,8144.0,325.6666666666667,279.7142857142857,21.74184085920495,24.21054009317601,8188.0,7955.0,8121.333333333333,315.0,338.6666666666667,297.6666666666667,358.0,275.3333333333333,145.33333333333334,499.0,483.0,211.66666666666663,298.0,232.33333333333331,108.0,7988.142857142857,21469.809523688004,8037.357142857143,14568.31562886218,282.57142857142856,4552.7671957672055,276.42857142857144,3695.63125763127,305.85714285714283,1893.2910052910063,247.78571428571428,6379.959096459057,243.0,2199.148148148166,192.71428571428572,4889.672771672784,-11.666666666666686,43.0,-63.33333333333337,-152.33333333333334,23.285714285714285,10064.497354497307,-28.642857142857142,10776.230158730057,4,2,0,1,40,-0.433883739117558,-0.9009688679024191,0.49999999999999994,0.8660254037844387,0.6216868902665479,0.7832658619336791
2024-02-10,236.0,509.6666666666667,270.0,8100.0,336.3333333333333,277.1428571428571,22.02002024784352,37.170455942632685,8144.0,7884.0,8062.666666666667,325.6666666666667,340.3333333333333,302.3333333333333,314.0,261.6666666666667,135.66666666666666,504.3333333333333,507.0,234.33333333333331,267.0,242.66666666666663,114.0,8015.142857142857,24484.809523689222,8038.976190476191,14897.854090400595,280.7142857142857,4333.8306878306985,278.42857142857144,3843.1184371184504,311.3809523809524,1713.460317460317,259.8333333333333,5753.482905982863,247.95238095238096,2247.571428571447,204.07142857142858,4623.216727716741,-66.33333333333331,-11.666666666666686,-78.66666666666663,-166.66666666666666,30.666666666666668,8954.074074074024,-18.5952380952381,9512.806471306363,5,2,1,1,41,-0.9749279121818236,-0.2225209339563146,0.49999999999999994,0.8660254037844387,0.6350683134867438,0.7724559775191742
2024-02-11,205.0,515.0,226.0,8056.0,347.0,278.2857142857142,22.28539483923852,46.42889087504726,8100.0,7813.0,8004.0,336.3333333333333,342.0,307.0,270.0,248.0,126.0,509.6666666666667,531.0,257.0,236.0,253.0,120.0,8046.0,21707.66666654776,8041.642857142857,15133.478022024445,280.14285714285717,4256.624338624349,280.85714285714283,4050.730158730173,312.57142857142856,1585.2857142857135,269.42857142857144,4476.332112332065,247.0,2265.6666666666847,212.78571428571428,3995.78815628817,-121.0,-66.33333333333331,-94.0,-181.0,32.42857142857143,8526.322751322701,-11.428571428571429,7946.246642246531,6,2,1,1,42,-0.7818314824680299,0.6234898018587334,0.49999999999999994,0.8660254037844387,0.6482618097757122,0.7614175109532997
2024-02-12,213.0,430.0,440.0,8092.0,234.0,277.85714285714283,-24.992007839004494,-18.86513501813834,8056.0,7872.0,8057.0,347.0,242.0,195.0,226.0,345.0,166.0,515.0,466.0,272.0,205.0,157.0,137.0,8080.714285714285,11270.238095120736,8045.357142857143,15025.478022024328,280.85714285714283,4363.291005291015,283.7142857142857,4325.894993895009,309.42857142857144,2127.95238095238,276.57142857142856,2984.0244200243706,240.14285714285714,2498.8095238095416,218.85714285714286,3298.507936507951,206.0,-121.0,103.0,-29.0,28.571428571428573,9768.322751322701,-7.142857142857143,6638.1147741146615,0,2,0,1,43,0.0,1.0,0.49999999999999994,0.8660254037844387,0.6612634749656386,0.7501537286959042
2024-02-13,227.0,369.0,349.0,8348.0,160.0,272.54761904761904,-44.6268973503646,-67.92072169725444,8092.0,8045.0,8182.0,234.0,178.0,187.0,440.0,323.0,208.0,430.0,455.0,198.0,213.0,291.0,93.0,8112.142857142857,2878.8095236935314,8047.857142857143,15175.670329716559,279.7142857142857,4476.052910052919,286.5,3902.252136752153,323.0,4543.666666666665,296.14285714285717,3685.5848595848006,248.14285714285714,1394.8095238095423,224.28571428571428,2753.9804639804793,189.0,206.0,145.0,21.0,43.285714285714285,13839.275132275077,9.642857142857142,9792.53785103773,1,2,0,1,44,0.7818314824680298,0.6234898018587336,0.49999999999999994,0.8660254037844387,0.6740694616546161,0.7386679638813748
2024-02-14,185.0,322.0,272.0,8512.0,230.0,262.35714285714283,-17.219894549244145,-15.137248307898687,8348.0,8160.0,8153.0,160.0,222.0,266.0,349.0,330.0,258.0,369.0,453.0,477.0,227.0,227.0,203.0,8155.428571428572,9212.952380838224,8059.714285714285,20569.758241804087,277.14285714285717,5132.624338624349,284.57142857142856,4367.631257631273,326.7142857142857,4640.2380952380945,306.2142857142857,3193.634310134246,239.0,1065.6666666666845,233.85714285714286,1330.0463980464147,42.0,189.0,108.0,-8.0,49.57142857142857,15607.65608465603,21.642857142857142,12102.076312576186,2,2,0,1,45,0.9749279121818236,-0.22252093395631434,0.49999999999999994,0.8660254037844387,0.6866759803451553,0.726963615332308
2024-02-15,333.0,508.0,272.0,8463.0,312.0,247.2857142857143,20.791543792326248,43.92274192195944,8512.0,8188.0,8026.0,230.0,315.0,337.0,272.0,358.0,289.0,322.0,499.0,459.0,185.0,298.0,222.0,8205.714285714286,27449.90476179268,8085.357142857143,34927.78571433075,278.2857142857143,4994.719576719586,282.0,4563.059829059844,318.42857142857144,5057.285714285714,307.2142857142857,3103.7881562880916,233.0,1485.6666666666843,232.57142857142858,1438.639804639821,-40.0,42.0,43.0,-48.0,40.142857142857146,14944.513227513175,25.214285714285715,12052.625763125634,3,2,0,1,46,0.43388373911755823,-0.900968867902419,0.49999999999999994,0.8660254037844387,0.6990793005655562,0.7150441465537444
2024-02-16,312.0,486.0,296.75,8442.25,288.5,245.0,21.74184085920495,21.75815914079505,8463.0,8144.0,7955.0,312.0,325.6666666666667,338.6666666666667,272.0,314.0,275.3333333333333,508.0,504.3333333333333,483.0,333.0,267.0,232.33333333333331,8245.0,36629.66666655623,8116.571428571428,44577.802197846264,277.85714285714283,4959.291005291015,280.2142857142857,4396.164224664238,306.14285714285717,4979.476190476191,306.0,3172.068376068312,238.0,2419.0000000000177,240.5,2138.1837606837785,8.25,-40.0,-11.666666666666686,-63.33333333333337,28.285714285714285,15849.608465608419,25.785714285714285,11967.087301587173,4,2,0,1,47,-0.433883739117558,-0.9009688679024191,0.49999999999999994,0.8660254037844387,0.7112757519738152,0.7029130847082615
2024-02-17,291.0,464.0,321.5,8421.5,265.0,249.57142857142856,22.02002024784352,-6.591448819272074,8442.25,8100.0,7884.0,288.5,336.3333333333333,340.3333333333333,296.75,270.0,261.6666666666667,486.0,509.6666666666667,507.0,312.0,236.0,242.66666666666663,8287.607142857143,39296.16369036755,8151.375,49424.19951927375,272.54761904761904,4564.321428571439,276.63095238095235,4124.795634920646,303.67857142857144,4976.806547619049,307.52976190476187,3103.7880418192267,244.42857142857142,3143.2857142857333,246.19047619047618,2491.431013431032,56.5,8.25,-66.33333333333331,-78.66666666666663,31.130952380952383,15641.036706349158,30.898809523809526,11351.647626678743,5,2,1,1,48,-0.9749279121818236,-0.2225209339563146,0.49999999999999994,0.8660254037844387,0.7232617254437388,0.6905740195722293
2024-02-18,270.0,442.0,346.25,8400.75,241.5,249.7142857142857,22.28539483923852,-30.49968055352421,8421.5,8056.0,7813.0,265.0,347.0,342.0,321.5,226.0,248.0,464.0,515.0,531.0,291.0,205.0,253.0,8333.535714285714,33956.967261798105,8189.767857142857,47950.50446432751,262.35714285714283,3774.559523809536,271.25,3791.866452991462,311.0357142857143,4777.550595238095,311.80357142857144,2937.3286401098235,252.28571428571428,3420.9047619047815,249.64285714285714,2632.0934065934266,104.75,56.5,-121.0,-94.0,48.67857142857143,13805.84821428566,40.55357142857143,10378.249580280692,6,2,1,1,49,-0.7818314824680299,0.6234898018587334,0.49999999999999994,0.8660254037844387,0.7350336741329413,0.6780306024735382
2024-02-19,249.0,420.0,371.0,8380.0,218.0,247.0,-24.992007839004494,-4.0079921609955065,8400.75,8092.0,7872.0,241.5,234.0,242.0,346.25,440.0,345.0,442.0,430.0,466.0,270.0,213.0,157.0,8382.785714285714,19042.425595133616,8231.75,38557.00000004056,247.28571428571428,2387.988095238111,264.07142857142856,3419.409035409041,328.2142857142857,3434.758928571429,318.82142857142856,2662.417582417513,261.57142857142856,2999.9523809524017,250.85714285714286,2661.516483516504,153.0,104.75,206.0,103.0,80.92857142857143,8317.973214285645,54.75,9085.55555555541,0,2,0,1,50,0.0,1.0,0.49999999999999994,0.8660254037844387,0.746588114532413,0.6652865452111116
2024-02-20,149.0,395.0,273.0,8488.0,192.0,249.35714285714283,-44.6268973503646,-12.730245506778232,8380.0,8348.0,8045.0,218.0,160.0,178.0,371.0,349.0,323.0,420.0,369.0,455.0,249.0,227.0,291.0,8423.92857142857,2976.139880849696,8268.035714285714,28874.296703336273,245.0,2495.416666666683,262.35714285714283,3542.046398046402,318.35714285714283,1543.8303571428576,320.67857142857144,2815.4175824175118,266.7142857142857,2602.238095238116,257.42857142857144,1937.6483516483736,81.0,153.0,189.0,145.0,73.35714285714286,6509.663690476124,58.32142857142857,9635.280830280682,1,2,0,1,51,0.7818314824680298,0.6234898018587336,0.49999999999999994,0.8660254037844387,0.7579216274973472,0.6523456189565257
2024-02-21,232.0,430.0,318.0,8573.0,231.0,256.7857142857143,-17.219894549244145,-8.565819736470132,8488.0,8512.0,8160.0,192.0,230.0,222.0,273.0,272.0,330.0,395.0,322.0,453.0,149.0,185.0,227.0,8443.92857142857,2232.806547517266,8299.67857142857,27691.34065937939,249.57142857142858,1735.0357142857292,263.35714285714283,3374.3540903540948,307.5,1592.6875000000016,317.10714285714283,2976.1318681318,255.57142857142858,4503.9523809524,247.28571428571428,2644.527472527492,87.0,81.0,42.0,108.0,57.92857142857143,4012.8065476189877,53.75,9074.401709401563,2,2,0,1,52,0.9749279121818236,-0.22252093395631434,0.49999999999999994,0.8660254037844387,0.7690308592589181,0.6392116531380588
2024-02-22,165.0,400.0,292.0,8607.0,293.0,269.2857142857143,20.791543792326248,2.9227419219594744,8573.0,8463.0,8188.0,231.0,312.0,315.0,318.0,272.0,358.0,430.0,508.0,499.0,232.0,333.0,298.0,8452.642857142857,4148.497023708166,8329.17857142857,30999.879120917118,249.71428571428572,1728.654761904777,264.0,3322.876068376073,314.07142857142856,1350.6398809523816,316.25,2962.615384615317,262.2857142857143,3713.904761904782,247.64285714285714,2630.708791208811,-1.0,87.0,-40.0,43.0,64.35714285714286,4063.1636904761285,52.25,8930.632478632335,3,2,0,1,53,0.43388373911755823,-0.900968867902419,0.49999999999999994,0.8660254037844387,0.7799125224167177,0.6258885343075018
2024-02-23,191.33333333333331,427.3333333333333,316.6666666666667,8539.333333333334,305.0,285.1428571428571,21.74184085920495,-1.8846980020620592,8607.0,8442.25,8144.0,293.0,288.5,325.6666666666667,292.0,296.75,314.0,400.0,486.0,504.3333333333333,165.0,312.0,267.0,8473.214285714286,7607.92559513775,8359.107142857143,34439.3626373999,247.0,1385.7500000000157,262.42857142857144,3184.8321123321157,316.92857142857144,1127.306547619048,311.5357142857143,2849.8351648350995,238.28571428571428,3785.904761904778,238.14285714285714,2863.824175824194,11.666666666666686,-1.0,8.25,-11.666666666666686,69.92857142857143,2923.8065476189836,49.107142857142854,9131.533577533435,4,2,0,1,54,-0.433883739117558,-0.9009688679024191,0.49999999999999994,0.8660254037844387,0.7905633969115482,0.612380204990065
2024-02-24,217.66666666666669,454.6666666666667,341.3333333333333,8471.666666666666,317.0,287.1428571428572,22.02002024784352,7.837122609299314,8539.333333333334,8421.5,8100.0,305.0,265.0,336.3333333333333,316.6666666666667,321.5,270.0,427.3333333333333,464.0,509.6666666666667,191.33333333333331,291.0,236.0,8487.083333333334,7952.34027767814,8387.345238095239,32519.896214932807,249.35714285714286,1652.8928571428723,260.9523809523809,3014.275335775338,319.7738095238095,1050.010912698413,311.7261904761905,2851.354090354025,221.04761904761904,2901.015873015886,232.7380952380952,2936.8577533577704,24.333333333333314,11.666666666666686,56.5,-66.33333333333331,70.41666666666667,2855.229166666602,50.77380952380953,8952.26007325993,5,2,1,1,55,-0.9749279121818236,-0.2225209339563146,0.49999999999999994,0.8660254037844387,0.8009803309782905,0.5986906625177214
2024-02-25,244.0,482.0,366.0,8404.0,329.0,290.85714285714283,22.28539483923852,15.857462303618648,8471.666666666666,8400.75,8056.0,317.0,241.5,347.0,341.3333333333333,346.25,226.0,454.6666666666667,442.0,515.0,217.66666666666669,270.0,205.0,8494.25,7215.168981382202,8413.892857142857,25956.507936543894,256.7857142857143,2310.321428571442,259.57142857142856,2816.7637362637374,322.60714285714283,1117.6173941798945,316.82142857142856,2756.8962148961477,210.57142857142858,1959.3227513227628,231.42857142857142,2951.6654456654624,37.0,24.333333333333314,104.75,-121.0,65.82142857142857,3152.2602513226884,57.25,7905.9401709400245,6,2,1,1,56,-0.7818314824680299,0.6234898018587334,0.49999999999999994,0.8660254037844387,0.8111602420785621,0.5848239578463322
2024-02-26,199.0,438.0,326.0,8404.0,329.0,291.7142857142857,-24.992007839004494,62.27772212471877,8404.0,8380.0,8092.0,329.0,218.0,234.0,366.0,371.0,440.0,482.0,420.0,430.0,244.0,249.0,213.0,8494.714285714286,7115.386243286996,8438.75,15445.760683796057,269.2857142857143,2958.238095238105,258.2857142857143,2597.7967032967035,325.42857142857144,1328.9894179894188,326.82142857142856,2200.742368742297,206.85714285714286,1540.8465608465715,234.21428571428572,2901.736874236892,-3.0,37.0,153.0,206.0,56.142857142857146,2928.8465608465017,68.53571428571429,5356.236874236722,0,2,0,1,57,0.0,1.0,0.49999999999999994,0.8660254037844387,0.8211001178128892,0.5707841943569036
2024-02-27,197.0,369.0,306.0,8650.0,206.0,293.4761904761905,-44.6268973503646,-42.84929312582588,8404.0,8488.0,8348.0,329.0,192.0,160.0,326.0,273.0,349.0,438.0,395.0,369.0,199.0,149.0,227.0,8498.142857142857,6279.957671858567,8461.035714285714,5754.903540938381,285.14285714285717,2820.809523809529,265.07142857142856,2887.49450549451,319.0,934.7037037037038,318.67857142857144,1144.0500610499932,199.71428571428572,1195.6084656084747,233.21428571428572,2961.4291819291993,100.0,-3.0,81.0,189.0,33.857142857142854,1368.8465608465106,53.607142857142854,4056.3028083026634,1,2,0,1,58,0.7818314824680298,0.6234898018587336,0.49999999999999994,0.8660254037844387,0.8307970168121247,0.5565755266413303
2024-02-28,209.0,447.0,274.0,8699.0,257.0,296.1428571428572,-17.219894549244145,-21.922962593613025,8650.0,8573.0,8512.0,206.0,231.0,230.0,306.0,318.0,272.0,369.0,430.0,322.0,197.0,232.0,185.0,8521.285714285714,9481.386243288225,8482.607142857143,7017.66178269613,287.14285714285717,2414.142857142862,268.35714285714283,2295.0549450549515,323.7142857142857,584.2751322751328,315.60714285714283,1075.5335775335113,206.57142857142858,713.3227513227617,231.07142857142858,3054.3962148962314,17.0,100.0,87.0,42.0,36.57142857142857,1718.9894179893665,47.25,2768.2478632477223,2,2,0,1,59,0.9749279121818236,-0.22252093395631434,0.49999999999999994,0.8660254037844387,0.8402480696078469,0.5422021592729844
2024-02-29,262.0,444.0,354.0,8724.0,299.0,299.7142857142857,20.791543792326248,-21.50582950661197,8699.0,8607.0,8463.0,257.0,293.0,312.0,274.0,292.0,272.0,447.0,400.0,508.0,209.0,165.0,333.0,8539.285714285714,13921.386243289095,8495.964285714286,10361.057387091416,290.85714285714283,2024.1428571428605,270.2857142857143,2187.796703296711,317.42857142857144,944.6560846560847,315.75,1062.401709401643,203.28571428571428,593.9417989418089,232.78571428571428,2925.4291819291993,55.0,17.0,-1.0,-40.0,26.571428571428573,1242.3227513227039,45.464285714285715,2833.083028082888,3,2,0,1,60,0.43388373911755823,-0.900968867902419,0.49999999999999994,0.8660254037844387,0.8494504794814806,0.527668345562516
2024-03-01,253.33333333333331,452.0,351.6666666666667,8680.666666666666,317.3333333333333,285.42857142857144,21.74184085920495,10.16292104555692,8724.0,8539.333333333334,8442.25,299.0,305.0,288.5,354.0,316.6666666666667,296.75,444.0,427.3333333333333,486.0,262.0,191.33333333333331,312.0,8556.0,18517.814814718444,8514.607142857143,13903.20024423381,291.7142857142857,2033.5714285714319,269.35714285714283,2116.4395604395677,326.2857142857143,968.2751322751328,321.60714285714283,990.7643467642774,217.14285714285714,700.1798941799061,227.71428571428572,2190.8522588522746,34.33333333333337,55.0,11.666666666666686,8.25,34.57142857142857,1175.656084656034,52.25,2228.6324786323353,4,3,0,1,61,-0.433883739117558,-0.9009688679024191,0.8660254037844386,0.5000000000000001,0.8584015232918917,0.512978386299228
2024-03-02,244.66666666666663,460.0,349.3333333333333,8637.333333333334,335.6666666666667,286.57142857142856,22.02002024784352,27.07521784739461,8680.666666666666,8471.666666666666,8421.5,317.3333333333333,317.0,265.0,351.6666666666667,341.3333333333333,321.5,452.0,454.6666666666667,464.0,253.33333333333331,217.66666666666669,291.0,8576.190476190475,20586.21693112152,8531.636904761905,15309.356417920817,293.4761904761905,2109.9206349206374,271.4166666666667,2260.738247863256,331.2857142857143,1031.052910052911,325.5297619047619,996.170520451699,226.0,715.9259259259388,223.5238095238095,1675.960927960943,13.666666666666629,34.33333333333337,24.333333333333314,56.5,37.80952380952381,1075.9947089946572,54.11309523809524,2100.6641101952155,5,3,1,1,62,-0.9749279121818236,-0.2225209339563146,0.8660254037844386,0.5000000000000001,0.8670985522812081,0.4981366284784055
2024-03-03,236.0,468.0,347.0,8594.0,354.0,283.0,22.28539483923852,48.71460516076148,8637.333333333334,8404.0,8400.75,335.6666666666667,329.0,241.5,349.3333333333333,366.0,346.25,460.0,482.0,442.0,244.66666666666663,244.0,270.0,8599.857142857143,18734.95767186337,8547.05357142857,14979.676930740992,296.14285714285717,2306.068783068785,276.4642857142857,2547.675976800988,332.42857142857144,1066.9894179894193,327.51785714285717,1034.250190781368,229.85714285714286,745.0687830687963,220.21428571428572,1348.3180708180848,-7.0,13.666666666666629,37.0,104.75,36.285714285714285,1140.1640211639701,51.05357142857143,2215.98462301573,6,3,1,1,63,-0.7818314824680299,0.6234898018587334,0.8660254037844386,0.5000000000000001,0.8755389928586302,0.4831474640149687
2024-03-04,225.0,509.0,340.0,8660.0,229.0,283.85714285714283,-24.992007839004494,-29.86513501813834,8594.0,8404.0,8380.0,354.0,329.0,218.0,347.0,326.0,371.0,468.0,438.0,420.0,236.0,199.0,249.0,8627.0,11487.814814721774,8560.857142857143,13297.499389531915,299.7142857142857,2669.164021164021,284.5,2846.5427350427512,329.7142857142857,905.9417989417998,327.57142857142856,1036.451770451698,228.71428571428572,716.4973544973676,217.78571428571428,1170.4719169719303,111.0,-7.0,-3.0,153.0,30.0,1406.2592592592107,43.07142857142857,2184.8235653234265,0,3,0,1,64,0.0,1.0,0.8660254037844386,0.5000000000000001,0.8837203473619977,0.4680153284438345
2024-03-05,246.0,472.0,345.0,8800.0,214.0,285.3333333333333,-44.6268973503646,-26.706435982968717,8660.0,8650.0,8488.0,229.0,206.0,192.0,340.0,306.0,273.0,509.0,369.0,395.0,225.0,197.0,149.0,8663.57142857143,1820.7671956758952,8580.857142857143,11106.730158762268,285.42857142857144,3121.5449735449797,285.2857142857143,2742.6471306471476,331.7142857142857,916.6084656084668,325.35714285714283,897.9737484736769,232.42857142857142,555.5449735449871,216.07142857142858,1096.3620268620398,131.0,111.0,100.0,81.0,46.285714285714285,2008.8306878306328,40.07142857142857,1600.515873015736,1,3,0,1,65,0.7818314824680298,0.6234898018587336,0.8660254037844386,0.5000000000000001,0.8916401947968874,0.45274469960737107
2024-03-06,230.0,457.0,277.0,8870.0,232.0,287.4285714285714,-17.219894549244145,-38.20867687932724,8800.0,8699.0,8573.0,214.0,257.0,231.0,345.0,274.0,318.0,472.0,447.0,430.0,246.0,209.0,232.0,8685.0,4356.481481391257,8603.142857142857,13602.73015876178,286.57142857142856,2918.8783068783123,286.85714285714283,2461.4822954823135,337.2857142857143,799.6084656084673,330.5,688.3034188033452,239.42857142857142,319.8783068783215,223.0,767.5213675213824,45.0,131.0,17.0,87.0,50.714285714285715,2701.164021163964,43.642857142857146,2093.9224664223275,2,3,0,1,66,0.9749279121818236,-0.22252093395631434,0.8660254037844386,0.5000000000000001,0.8992961915530253,0.4373400963303323
2024-03-07,181.0,424.0,328.0,8902.0,305.0,290.1428571428571,20.791543792326248,-5.934400935183358,8870.0,8724.0,8607.0,232.0,299.0,293.0,277.0,354.0,292.0,457.0,444.0,400.0,230.0,262.0,165.0,8709.42857142857,9331.767195678256,8624.357142857143,18526.076312607438,283.0,3254.592592592599,286.92857142857144,2452.960317460336,337.7142857142857,737.6084656084677,327.57142857142856,887.2210012209284,242.42857142857142,169.87830687832198,222.85714285714286,765.0378510378661,23.0,45.0,55.0,-1.0,54.714285714285715,2498.497354497296,40.642857142857146,1939.768620268483,3,3,0,1,67,0.43388373911755823,-0.900968867902419,0.8660254037844386,0.5000000000000001,0.9066860720977985,0.4218060770826634
2024-03-08,184.0,405.3333333333333,327.3333333333333,8839.333333333334,327.6666666666667,293.57142857142856,21.74184085920495,12.353397236033182,8902.0,8680.666666666666,8539.333333333334,305.0,317.3333333333333,305.0,328.0,351.6666666666667,316.6666666666667,424.0,452.0,427.3333333333333,181.0,253.33333333333331,191.33333333333331,8734.857142857143,14722.624338536683,8645.42857142857,23954.400488431133,283.85714285714283,3291.735449735456,287.7857142857143,2474.454822954842,334.0,693.0370370370387,330.14285714285717,782.7814407813671,230.85714285714286,578.7354497354627,224.0,640.9059829059983,-0.33333333333337123,23.0,34.33333333333337,11.666666666666686,50.142857142857146,2641.735449735393,42.357142857142854,1827.1532356530975,4,3,0,1,68,-0.433883739117558,-0.9009688679024191,0.8660254037844386,0.5000000000000001,0.9138076496466615,0.4061472386305789
2024-03-09,187.0,386.6666666666667,326.6666666666667,8776.666666666666,350.3333333333333,293.42857142857144,22.02002024784352,34.88474165691835,8839.333333333334,8637.333333333334,8471.666666666666,327.6666666666667,335.6666666666667,317.0,327.3333333333333,349.3333333333333,341.3333333333333,405.3333333333333,460.0,454.6666666666667,184.0,244.66666666666663,217.66666666666669,8757.523809523811,15452.99470890822,8666.857142857143,25486.268620298793,285.3333333333333,3422.2962962963024,289.4047619047619,2571.1825396825593,330.5238095238095,634.3280423280434,330.90476190476187,768.7936507935768,220.95238095238093,746.0158730158843,223.4761904761905,681.6019536019686,-23.66666666666663,-0.33333333333337123,13.666666666666629,24.333333333333314,45.19047619047618,2996.105820105766,41.49999999999999,1894.0982905981532,5,3,1,1,69,-0.9749279121818236,-0.2225209339563146,0.8660254037844386,0.5000000000000001,0.9206588168102428,0.3903682146763026
2024-03-10,190.0,368.0,326.0,8714.0,373.0,294.42857142857144,22.28539483923852,56.28603373219004,8776.666666666666,8594.0,8404.0,350.3333333333333,354.0,329.0,326.6666666666667,347.0,366.0,386.6666666666667,468.0,482.0,187.0,236.0,244.0,8777.42857142857,12644.211640126216,8688.642857142857,22971.973748503347,287.42857142857144,3699.1005291005335,291.7857142857143,2792.0616605616815,327.2857142857143,565.6084656084662,329.85714285714283,760.6275946275211,212.71428571428572,765.2380952381054,221.28571428571428,776.1855921856064,-47.0,-23.66666666666663,-7.0,37.0,39.857142857142854,3587.513227513174,38.07142857142857,2185.438949938814,6,3,1,1,70,-0.7818314824680299,0.6234898018587334,0.8660254037844386,0.5000000000000001,0.9272375462179537,0.374473674486883
2024-03-11,178.0,336.0,290.0,8757.0,253.0,295.1428571428571,-24.992007839004494,-17.150849303852617,8714.0,8660.0,8404.0,373.0,229.0,329.0,326.0,340.0,326.0,368.0,509.0,438.0,190.0,225.0,199.0,8794.57142857143,7364.211640127127,8710.785714285714,16260.98473751373,290.14285714285717,4172.291005291008,294.92857142857144,3182.2594627594854,324.2857142857143,490.60846560846585,327.0,652.4957264956544,206.14285714285714,710.4761904761996,217.42857142857142,795.7680097680228,37.0,-47.0,111.0,-3.0,34.142857142857146,4440.846560846509,32.07142857142857,2703.285103784971,0,3,0,1,71,0.0,1.0,0.8660254037844386,0.5000000000000001,0.9335418911179212,0.35846832151248087
2024-03-12,154.0,294.0,290.0,8843.0,213.0,294.1428571428571,-44.6268973503646,-36.51595979249251,8757.0,8800.0,8650.0,253.0,214.0,206.0,290.0,345.0,306.0,336.0,472.0,369.0,178.0,246.0,197.0,8808.42857142857,4357.2116401278045,8736.0,8500.803418831765,293.57142857142856,3765.4338624338634,289.5,3196.457264957285,317.14285714285717,585.8465608465598,324.42857142857144,750.6056166055458,199.42857142857142,730.6190476190559,215.92857142857142,886.8064713064839,77.0,37.0,131.0,100.0,23.571428571428573,3327.3227513227043,34.92857142857143,2601.7466422465077,1,3,0,1,72,0.7818314824680298,0.6234898018587336,0.8660254037844386,0.5000000000000001,0.9395699859530622,0.342356891994542
2024-03-13,165.0,358.0,167.0,8819.0,239.0,291.4285714285714,-17.219894549244145,-35.20867687932724,8843.0,8870.0,8699.0,213.0,232.0,257.0,290.0,277.0,274.0,294.0,457.0,447.0,154.0,230.0,209.0,8814.57142857143,4500.544973461464,8749.785714285714,8607.907814435848,293.42857142857144,3792.1005291005295,290.0,3110.0341880342085,309.2857142857143,507.27513227512935,323.2857142857143,814.2539682538979,186.28571428571428,511.5714285714357,212.85714285714286,1144.0976800976916,-72.0,77.0,45.0,17.0,15.857142857142858,1810.1798941798504,33.285714285714285,2409.2796092794756,2,3,0,1,73,0.9749279121818236,-0.22252093395631434,0.8660254037844386,0.5000000000000001,0.945320046913132,0.3261441535642696
2024-03-14,166.0,301.0,252.0,8695.0,310.0,286.99999999999994,20.791543792326248,2.208456207673809,8819.0,8902.0,8724.0,239.0,305.0,299.0,167.0,328.0,354.0,358.0,424.0,444.0,165.0,181.0,262.0,8807.285714285714,3929.830687746789,8758.357142857143,8698.89682542466,294.42857142857144,3655.767195767196,288.7142857142857,3224.5616605616806,293.57142857142856,3419.656084656077,315.64285714285717,2443.3583638582977,177.0,168.0000000000062,209.71428571428572,1308.493284493295,-58.0,-72.0,23.0,55.0,-0.8571428571428571,2629.1798941798565,26.928571428571427,3198.0543345542046,3,3,0,1,74,0.43388373911755823,-0.900968867902419,0.8660254037844386,0.5000000000000001,0.9507903724625832,0.3098349038318025
2024-03-15,153.0,287.3333333333333,254.33333333333331,8587.666666666666,320.6666666666667,291.2857142857143,21.74184085920495,7.639111521747459,8695.0,8839.333333333334,8680.666666666666,310.0,327.6666666666667,317.3333333333333,252.0,327.3333333333333,351.6666666666667,301.0,405.3333333333333,452.0,166.0,184.0,253.33333333333331,8777.714285714286,3515.8306877452815,8756.285714285714,8912.253968281859,295.14285714285717,3676.957671957672,289.5,3250.6111111111313,282.7142857142857,3372.608465608455,308.35714285714283,2584.589133089071,174.85714285714286,180.14285714286305,202.85714285714286,1194.559218559226,-66.33333333333337,-58.0,-0.33333333333337123,34.33333333333337,-12.428571428571429,2922.322751322718,18.857142857142858,3622.1147741146483,4,3,0,1,75,-0.433883739117558,-0.9009688679024191,0.8660254037844386,0.5000000000000001,0.9559793438440766,0.2934339689665273
2024-03-16,140.0,273.6666666666667,256.6666666666667,8480.333333333334,331.3333333333333,289.0,22.02002024784352,20.3133130854898,8587.666666666666,8776.666666666666,8637.333333333334,320.6666666666667,350.3333333333333,335.6666666666667,254.33333333333331,326.6666666666667,349.3333333333333,287.3333333333333,386.6666666666667,460.0,153.0,187.0,244.66666666666663,8741.761904761905,7394.693121605935,8749.642857142857,10611.973748501825,294.14285714285717,3608.0687830687834,289.73809523809524,3265.6782661782863,272.2857142857143,3048.1640211640083,301.4047619047619,2612.7551892551305,170.42857142857142,222.9523809523862,195.6904761904762,1134.4694749694797,-74.66666666666663,-66.33333333333337,-23.66666666666663,13.666666666666629,-21.857142857142858,3278.5132275131987,11.66666666666666,4106.273504273383,5,3,1,1,76,-0.9749279121818236,-0.2225209339563146,0.8660254037844386,0.5000000000000001,0.9608854255574977,0.27694620226893646
2024-03-17,127.0,260.0,259.0,8373.0,342.0,287.2857142857143,22.28539483923852,32.4288908750472,8480.333333333334,8714.0,8594.0,331.3333333333333,373.0,354.0,256.6666666666667,326.0,347.0,273.6666666666667,368.0,468.0,140.0,190.0,236.0,8699.42857142857,16491.65608456678,8738.42857142857,15085.323565351964,291.42857142857144,3303.767195767197,289.42857142857144,3236.4004884005085,262.2857142857143,2479.275132275116,294.7857142857143,2542.8308913308365,163.71428571428572,278.90476190476596,188.21428571428572,1128.335164835167,-83.0,-74.66666666666663,-47.0,-7.0,-29.142857142857142,3680.8465608465344,5.357142857142857,4636.435286935169,6,3,1,1,77,-0.7818314824680299,0.6234898018587334,0.8660254037844386,0.5000000000000001,0.9655071658143364,0.2603764827344581
2024-03-18,123.0,243.0,188.0,8333.0,283.0,276.57142857142856,-24.992007839004494,31.42057926757594,8373.0,8757.0,8660.0,342.0,253.0,229.0,259.0,290.0,340.0,260.0,336.0,509.0,127.0,178.0,225.0,8650.714285714286,31446.94179885023,8722.642857142857,23484.53785106667,287.0,2598.1481481481505,288.57142857142856,3127.4774114774314,252.71428571428572,1697.6084656084467,288.5,2389.0726495725985,154.71428571428572,293.9047619047644,180.42857142857142,1175.6483516483513,-95.0,-83.0,37.0,111.0,-34.285714285714285,4080.275132275108,-0.07142857142857142,5193.490231990117,0,3,0,1,78,0.0,1.0,0.8660254037844386,0.5000000000000001,0.969843196967294,0.24372971360968387
2024-03-19,99.0,202.0,256.0,8390.0,197.0,270.9047619047618,-44.6268973503646,-29.27786455439721,8333.0,8843.0,8800.0,283.0,213.0,214.0,188.0,290.0,345.0,243.0,294.0,472.0,123.0,154.0,246.0,8590.142857142857,42107.51322741902,8699.285714285714,34273.74114777058,291.2857142857143,2386.719576719578,292.42857142857144,2840.862026862049,238.14285714285714,1916.1798941798704,277.64285714285717,2835.0506715506267,146.85714285714286,299.1428571428585,173.14285714285714,1219.3626373626346,59.0,-95.0,77.0,131.0,-53.142857142857146,3432.8465608465435,-14.785714285714286,4704.523199023091,1,3,0,1,79,0.7818314824680298,0.6234898018587336,0.8660254037844386,0.5000000000000001,0.9738922359149924,0.22701082094141847
2024-03-20,91.0,181.0,174.0,8365.0,227.0,270.2857142857142,-17.219894549244145,-26.065819736470075,8390.0,8819.0,8870.0,197.0,239.0,232.0,256.0,167.0,277.0,202.0,358.0,457.0,99.0,165.0,230.0,8525.42857142857,33241.65608455905,8670.0,39928.136752166996,289.0,2840.814814814817,291.2142857142857,3066.625763125785,233.28571428571428,1493.6084656084404,271.2857142857143,2478.561660561619,139.0,600.3333333333336,162.64285714285714,1115.1703296703236,-53.0,59.0,-72.0,45.0,-55.714285714285715,2698.2751322751164,-19.928571428571427,3459.9517704516647,2,3,0,1,80,0.9749279121818236,-0.22252093395631434,0.8660254037844386,0.5000000000000001,0.9776530844816641,0.2102247521189836
2024-03-21,132.0,261.0,141.0,8292.0,235.0,274.71428571428567,20.791543792326248,-60.50582950661192,8365.0,8695.0,8902.0,227.0,310.0,305.0,174.0,252.0,328.0,181.0,301.0,424.0,91.0,166.0,181.0,8460.57142857143,18259.656084556194,8633.92857142857,42605.74664227782,287.2857142857143,3061.3862433862464,290.85714285714283,3113.96092796095,234.28571428571428,1345.941798941774,263.92857142857144,3145.7979242978877,128.42857142857142,741.2857142857132,152.71428571428572,1054.8351648351556,-94.0,-53.0,-58.0,23.0,-53.0,2646.7037037036866,-26.928571428571427,3167.0286935285917,3,3,0,1,81,0.43388373911755823,-0.900968867902419,0.8660254037844386,0.5000000000000001,0.981124629771712,0.19337647441020586
2024-03-22,129.33333333333334,262.0,167.66666666666666,8161.0,281.0,267.0,21.74184085920495,-7.741840859204949,8292.0,8587.666666666666,8839.333333333334,235.0,320.6666666666667,327.6666666666667,141.0,254.33333333333331,327.3333333333333,261.0,287.3333333333333,405.3333333333333,132.0,153.0,184.0,8403.0,9969.370370267954,8590.357142857143,44026.84554337791,276.57142857142856,3297.1005291005345,285.85714285714283,3311.6532356532553,218.42857142857142,2450.6560846560537,250.57142857142858,3800.2979242978963,123.57142857142857,480.61904761904566,149.21428571428572,1013.1043956043854,-113.33333333333334,-94.0,-66.33333333333337,-0.33333333333337123,-58.142857142857146,2891.8465608465463,-35.285714285714285,3246.1001221000242,4,3,0,1,82,-0.433883739117558,-0.9009688679024191,0.8660254037844386,0.5000000000000001,0.984305844499033,0.17647097349152166
2024-03-23,126.66666666666669,263.0,194.3333333333333,8030.0,327.0,268.57142857142856,22.02002024784352,36.408551180727926,8161.0,8480.333333333334,8776.666666666666,281.0,331.3333333333333,350.3333333333333,167.66666666666666,256.6666666666667,326.6666666666667,262.0,273.6666666666667,386.6666666666667,129.33333333333334,140.0,187.0,8342.04761904762,9712.015872910873,8541.904761904761,50910.81074484439,270.90476190476187,2938.8412698412762,282.5238095238095,3167.037851037869,206.04761904761907,2486.4232804232456,239.16666666666666,3735.670940170921,120.19047619047619,328.476190476188,145.30952380952382,934.0079365079253,-132.6666666666667,-113.33333333333334,-74.66666666666663,-23.66666666666663,-64.85714285714286,3335.7354497354377,-43.357142857142854,3550.537851037758,5,3,1,1,83,-0.9749279121818236,-0.2225209339563146,0.8660254037844386,0.5000000000000001,0.9871957872910085,0.15951325197263655
2024-03-24,124.0,264.0,221.0,7899.0,373.0,266.85714285714283,22.28539483923852,83.85746230361865,8030.0,8373.0,8714.0,327.0,342.0,373.0,194.3333333333333,259.0,326.0,263.0,260.0,368.0,126.66666666666669,127.0,190.0,8277.714285714286,17925.238095130215,8488.57142857143,63765.511599546655,270.2857142857143,2854.2380952381022,280.85714285714283,2962.5079365079537,197.14285714285714,1989.7354497354115,229.71428571428572,3205.125763125751,118.28571428571429,265.8306878306851,141.0,807.0427350427227,-152.0,-132.6666666666667,-83.0,-47.0,-73.14285714285714,4005.957671957665,-51.142857142857146,4068.986568986481,6,3,1,1,84,-0.7818314824680299,0.6234898018587334,0.8660254037844386,0.5000000000000001,0.9897936029670716,0.14250832791617088
2024-03-25,128.0,242.0,224.0,7899.0,229.0,284.7142857142857,-24.992007839004494,-30.72227787528123,7899.0,8333.0,8757.0,373.0,283.0,253.0,221.0,188.0,290.0,264.0,243.0,336.0,124.0,123.0,178.0,8210.0,34966.666666555655,8430.357142857143,82944.87973141634,274.7142857142857,3732.5714285714334,280.85714285714283,2962.5079365079537,191.71428571428572,1412.4973544973138,222.21428571428572,2437.241147741141,117.85714285714286,258.40211640211356,136.28571428571428,620.6471306471171,-5.0,-152.0,-95.0,37.0,-83.0,4912.814814814811,-58.642857142857146,4789.5634920634075,0,3,0,1,85,0.0,1.0,0.8660254037844386,0.5000000000000001,0.992098522791769,0.12546123335273648
2024-03-26,187.0,276.0,200.0,7919.0,208.0,292.5238095238095,-44.6268973503646,-39.89691217344492,7899.0,8390.0,8843.0,229.0,197.0,213.0,224.0,256.0,290.0,242.0,202.0,294.0,128.0,99.0,154.0,8148.0,44080.66666655274,8369.07142857143,92411.16544570385,267.0,4000.0000000000073,279.14285714285717,3106.507936507953,196.85714285714286,1553.0687830687446,217.5,2060.098290598288,118.57142857142857,270.5449735449709,132.71428571428572,478.3394383394239,-8.0,-5.0,59.0,77.0,-70.14285714285715,5709.957671957664,-61.642857142857146,4297.563492063409,1,3,0,1,86,0.7818314824680298,0.6234898018587336,0.8660254037844386,0.5000000000000001,0.9941098647022418,0.10837701279187609
2024-03-27,129.0,287.0,185.0,7893.0,215.0,290.2857142857143,-17.219894549244145,-58.06581973647013,7919.0,8365.0,8819.0,208.0,227.0,239.0,200.0,174.0,167.0,276.0,181.0,358.0,187.0,91.0,165.0,8080.714285714285,37778.23809512101,8303.07142857143,86024.39621493655,268.57142857142856,3760.6190476190545,278.7857142857143,3159.172771672788,188.85714285714286,897.0687830687413,211.07142857142858,1634.8235653235674,131.14285714285714,802.7354497354496,135.07142857142858,664.191086691073,-30.0,-8.0,-53.0,-72.0,-79.71428571428571,3467.052910052906,-67.71428571428571,3000.612942612863,2,3,0,1,87,0.9749279121818236,-0.22252093395631434,0.8660254037844386,0.5000000000000001,0.9958270335100595,0.09126072172931188
2024-03-28,161.0,288.0,248.0,7762.0,360.0,278.0,20.791543792326248,61.20845620767375,7893.0,8292.0,8695.0,215.0,235.0,310.0,185.0,141.0,252.0,287.0,261.0,301.0,129.0,132.0,166.0,8013.285714285715,24876.90476178445,8236.92857142857,73772.70390724616,266.85714285714283,3947.476190476198,277.07142857142856,3347.2167277167423,190.42857142857142,859.8783068782658,212.35714285714286,1535.9224664224676,136.57142857142858,500.54497354497454,132.5,591.0042735042591,-112.0,-30.0,-94.0,-58.0,-76.42857142857143,3747.4338624338575,-64.71428571428571,3098.9206349205538,3,3,0,1,88,0.43388373911755823,-0.900968867902419,0.8660254037844386,0.5000000000000001,0.9972495210773451,0.07411742515094437
2024-03-29,142.33333333333334,276.6666666666667,215.66666666666663,7593.666666666667,335.6666666666667,269.85714285714283,21.74184085920495,44.0676829503189,7762.0,8161.0,8587.666666666666,360.0,281.0,320.6666666666667,248.0,167.66666666666666,254.33333333333331,288.0,262.0,287.3333333333333,161.0,129.33333333333334,153.0,7937.571428571428,15765.952380828458,8170.285714285715,70199.62148966576,284.7142857142857,4852.2380952381,280.64285714285717,3779.084859584877,205.71428571428572,732.497354497319,212.07142857142858,1512.6697191697206,140.71428571428572,576.4973544973565,132.14285714285714,567.0207570207425,-120.00000000000006,-112.0,-113.33333333333334,-66.33333333333337,-79.0,3899.148148148144,-68.57142857142857,3251.42612942605,4,3,0,1,89,-0.433883739117558,-0.9009688679024191,0.8660254037844386,0.5000000000000001,0.998376906467142,0.056952196034039754
2024-03-30,123.66666666666669,265.3333333333333,183.3333333333333,7425.333333333333,311.3333333333333,258.99999999999994,22.02002024784352,30.31331308548985,7593.666666666667,8030.0,8480.333333333334,335.6666666666667,327.0,331.3333333333333,215.66666666666663,194.3333333333333,256.6666666666667,276.6666666666667,263.0,273.6666666666667,142.33333333333334,126.66666666666669,140.0,7856.523809523809,19494.14285701517,8099.285714285715,76946.44200248847,292.5238095238095,5211.476190476194,281.7142857142857,3887.518925518944,212.57142857142853,452.8783068782737,209.3095238095238,1368.0592185592222,142.57142857142858,551.3227513227538,131.38095238095238,540.9206349206202,-128.00000000000003,-120.00000000000006,-132.6666666666667,-74.66666666666663,-79.95238095238096,3981.793650793648,-72.40476190476191,3438.6697191696417,5,3,1,1,90,-0.9749279121818236,-0.2225209339563146,0.8660254037844386,0.5000000000000001,0.9992088560679753,0.03977011384605572
2024-03-31,105.0,254.0,151.0,7257.0,287.0,251.57142857142856,22.28539483923852,13.143176589332896,7425.333333333333,7899.0,8373.0,311.3333333333333,373.0,342.0,183.3333333333333,221.0,259.0,265.3333333333333,264.0,260.0,123.66666666666669,124.0,127.0,7770.142857142857,36760.7354496039,8023.928571428572,94601.26800981673,290.2857142857143,5066.497354497357,280.2857142857143,3763.416361416378,210.99999999999997,537.0370370370036,204.07142857142858,1217.9004884004964,142.14285714285714,568.5132275132298,130.21428571428572,538.3180708180558,-136.0,-128.00000000000003,-152.0,-83.0,-79.2857142857143,3902.9047619047583,-76.21428571428574,3660.4035409034655,6,3,1,1,91,-0.7818314824680299,0.6234898018587334,0.8660254037844386,0.5000000000000001,0.9997451236925734,0.022576263041545485
2024-04-01,109.0,235.0,171.0,7271.0,172.0,232.28571428571428,-24.992007839004494,-35.293706446709784,7257.0,7899.0,8333.0,287.0,229.0,283.0,151.0,224.0,188.0,254.0,242.0,243.0,105.0,128.0,123.0,7678.428571428572,68065.87830674266,7944.214285714285,123629.53174608288,278.0,3751.925925925932,276.35714285714283,3457.2899877900013,200.99999999999997,1003.703703703667,196.35714285714286,1138.3840048840195,139.42857142857142,734.9894179894194,128.64285714285714,583.7686202686049,-1.0,-136.0,-5.0,-95.0,-77.00000000000001,3551.666666666662,-80.00000000000001,3916.3760683759947,0,4,0,2,92,0.0,1.0,1.0,6.123233995736766e-17,0.9999855506507186,0.005375731557583884
2024-04-02,101.0,230.0,175.0,7340.0,132.0,219.04761904761904,-44.6268973503646,-42.42072169725444,7271.0,7919.0,8390.0,172.0,208.0,197.0,171.0,200.0,256.0,235.0,276.0,202.0,109.0,187.0,99.0,7588.714285714285,78233.49735435768,7868.357142857143,140668.21306476658,269.85714285714283,5147.06878306879,268.42857142857144,4223.921855921863,193.4285714285714,998.6560846560456,195.14285714285714,1180.8840048840204,136.71428571428572,858.9417989417993,127.64285714285714,609.9224664224507,43.0,-1.0,-8.0,59.0,-76.42857142857144,3649.9523809523757,-73.2857142857143,4330.595848595771,1,4,0,2,93,0.7818314824680298,0.6234898018587336,1.0,6.123233995736766e-17,0.9999300657962057,-0.011826390691832589
2024-04-03,124.0,230.0,190.0,7346.0,163.0,211.8571428571429,-17.219894549244145,-31.63724830789872,7340.0,7893.0,8365.0,132.0,215.0,227.0,175.0,185.0,174.0,230.0,287.0,181.0,101.0,129.0,91.0,7506.0,62379.925925782525,7793.357142857143,135152.82844938434,259.0,7539.259259259267,263.7857142857143,5239.993284493288,189.85714285714283,1033.179894179854,189.35714285714286,891.1532356532559,124.42857142857143,473.98941798941365,127.78571428571429,601.3949938949783,27.0,43.0,-30.0,-53.0,-69.14285714285715,5184.809523809515,-74.42857142857144,4023.255189255112,2,4,0,2,94,0.9749279121818236,-0.22252093395631434,1.0,6.123233995736766e-17,0.9995786855478958,-0.029025013321975237
2024-04-04,95.0,226.0,152.0,7317.0,225.0,210.7142857142857,20.791543792326248,-6.5058295066119705,7346.0,7762.0,8292.0,163.0,360.0,235.0,190.0,248.0,141.0,230.0,288.0,261.0,124.0,161.0,132.0,7427.857142857143,34561.06878292193,7720.571428571428,119705.46031751858,251.57142857142858,8688.21164021165,259.2142857142857,5894.762515262516,190.57142857142853,1028.6560846560449,190.5,871.6367521367714,123.71428571428571,469.94179894179433,130.14285714285714,492.4224664224514,-73.0,27.0,-112.0,-94.0,-61.000000000000014,6392.666666666653,-68.71428571428572,4744.134310134229,3,4,0,2,95,0.43388373911755823,-0.900968867902419,1.0,6.123233995736766e-17,0.9989315138848577,-0.046215046983708354
2024-04-05,98.66666666666669,230.33333333333331,179.0,7205.333333333333,243.0,214.57142857142856,21.74184085920495,6.686730569366496,7317.0,7593.666666666667,8161.0,225.0,335.6666666666667,281.0,152.0,215.66666666666663,167.66666666666666,226.0,276.6666666666667,262.0,95.0,142.33333333333334,129.33333333333334,7364.285714285715,13285.83068768101,7650.928571428572,101892.96031752089,232.28571428571428,6412.497354497365,258.5,5939.158119658119,176.85714285714283,507.5132275131844,191.28571428571428,796.5103785103972,114.28571428571429,271.94179894179075,127.5,579.6367521367365,-64.0,-73.0,-120.00000000000006,-113.33333333333334,-55.428571428571445,5946.952380952366,-67.21428571428572,4693.9420024419205,4,4,0,2,96,-0.433883739117558,-0.9009688679024191,1.0,6.123233995736766e-17,0.9979887423155984,-0.06339140486951038
2024-04-06,102.33333333333331,234.66666666666663,206.0,7093.666666666667,261.0,214.28571428571428,22.02002024784352,24.694265466442204,7205.333333333333,7425.333333333333,8030.0,243.0,311.3333333333333,327.0,179.0,183.3333333333333,194.3333333333333,230.33333333333331,265.3333333333333,263.0,98.66666666666669,123.66666666666669,126.66666666666669,7308.809523809525,5136.994708842502,7582.666666666666,92135.00854707147,219.04761904761904,4445.904761904773,255.78571428571428,5910.762515262512,171.61904761904762,225.23809523805141,192.0952380952381,764.5030525030705,108.04761904761905,136.08994708993632,125.30952380952381,638.1617826617664,-55.0,-64.0,-128.00000000000003,-132.6666666666667,-47.42857142857143,5189.619047619028,-63.6904761904762,4517.751526251443,5,4,1,2,97,-0.9749279121818236,-0.2225209339563146,1.0,6.123233995736766e-17,0.9967506498213929,-0.08054900421874167
2024-04-07,106.0,239.0,233.0,6982.0,279.0,223.42857142857144,22.28539483923852,33.28603373219006,7093.666666666667,7257.0,7899.0,261.0,287.0,373.0,206.0,151.0,221.0,234.66666666666663,254.0,264.0,102.33333333333331,105.0,124.0,7261.428571428572,7969.3227511684445,7515.785714285715,90318.93345549866,211.85714285714286,3259.4761904762036,251.07142857142858,5498.806471306465,174.85714285714286,387.1428571428143,192.92857142857142,778.242368742386,105.0,90.03703703702497,123.57142857142857,675.3748473748309,-46.0,-55.0,-136.0,-152.0,-37.0,3990.333333333307,-58.142857142857146,4124.439560439473,6,4,1,2,98,-0.7818314824680299,0.6234898018587334,1.0,6.123233995736766e-17,0.9952176027737294,-0.09768276782171598
2024-04-08,102.0,230.0,167.0,6988.0,199.0,232.0,-24.992007839004494,-8.007992160995478,6982.0,7271.0,7899.0,279.0,172.0,229.0,233.0,171.0,224.0,239.0,235.0,242.0,106.0,109.0,128.0,7222.142857142857,19178.846560690483,7450.285714285715,96319.7411478086,210.71428571428572,3068.238095238108,244.35714285714286,4366.6746031745915,186.57142857142858,695.6190476190077,193.78571428571428,840.3522588522756,105.14285714285714,90.17989417988218,122.28571428571429,697.3308913308745,-32.0,-46.0,-1.0,-5.0,-24.142857142857142,2177.4761904761585,-50.57142857142857,3396.4175824174918,0,4,0,2,99,0.0,1.0,1.0,6.123233995736766e-17,0.9933900548258936,-0.11478762552212701
2024-04-09,118.0,231.0,217.0,7043.0,130.0,238.23809523809524,-44.6268973503646,-63.61119788773064,6988.0,7340.0,7919.0,199.0,132.0,208.0,167.0,175.0,200.0,230.0,230.0,276.0,102.0,101.0,187.0,7181.714285714285,26011.27513211722,7385.214285714285,92710.7796093493,214.57142857142858,2823.952380952394,242.21428571428572,4501.839438339424,186.0,718.6666666666265,189.71428571428572,807.4676434676634,104.14285714285714,88.17989417988179,120.42857142857143,722.7594627594456,87.0,-32.0,43.0,-8.0,-28.571428571428573,2075.6190476190177,-52.5,3259.192307692218,1,4,0,2,100,0.7818314824680298,0.6234898018587336,1.0,6.123233995736766e-17,0.9912685467787256,-0.13185851571739118
2024-04-10,117.0,244.0,142.0,6999.0,227.0,242.14285714285717,-17.219894549244145,2.0770374063870065,7043.0,7346.0,7893.0,130.0,163.0,215.0,217.0,190.0,185.0,231.0,230.0,287.0,118.0,124.0,129.0,7139.285714285715,22942.275132115275,7322.642857142857,75585.46092803274,214.28571428571428,2879.5714285714407,236.64285714285714,5346.982295482278,192.0,816.6666666666282,190.92857142857142,855.0115995116186,106.57142857142857,111.65608465607325,115.5,356.1495726495544,-85.0,87.0,27.0,-30.0,-22.285714285714285,3401.9047619047287,-45.714285714285715,4554.219780219688,2,4,0,2,101,0.9749279121818236,-0.22252093395631434,1.0,6.123233995736766e-17,0.9888537064205885,-0.1488903868564548
2024-04-11,183.0,221.0,220.0,6912.0,285.0,243.7142857142857,20.791543792326248,20.494170493388054,6999.0,7317.0,7762.0,227.0,225.0,360.0,142.0,152.0,248.0,244.0,226.0,288.0,117.0,95.0,161.0,7089.714285714285,16233.608465446336,7258.785714285715,54227.70268627668,223.42857142857142,2370.6190476190595,237.5,5317.3119658119485,185.14285714285714,1177.8095238094836,187.85714285714286,1026.3028083028296,105.57142857142857,77.98941798940618,114.64285714285714,341.51221001219153,-65.0,-85.0,-73.0,-112.0,-38.285714285714285,3353.9047619047365,-49.642857142857146,4637.324175824085,3,4,0,2,102,0.43388373911755823,-0.900968867902419,1.0,6.123233995736766e-17,0.986146248341595,-0.16587819893463143
2024-04-12,164.66666666666666,229.0,227.66666666666663,6818.0,286.6666666666667,242.57142857142853,21.74184085920495,22.35339723603321,6912.0,7205.333333333333,7593.666666666667,285.0,243.0,335.6666666666667,220.0,179.0,215.66666666666663,221.0,230.33333333333331,276.6666666666667,183.0,98.66666666666669,142.33333333333334,7031.857142857143,8982.179894015111,7198.071428571428,40029.90048847657,232.0,2916.3333333333444,232.14285714285714,4305.63614163612,194.85714285714286,1087.1428571428198,185.85714285714286,823.225885225908,118.14285714285714,874.1798941798875,116.21428571428571,532.9847374847193,-59.00000000000006,-65.0,-64.0,-120.00000000000006,-37.142857142857146,3270.476190476165,-46.285714285714285,4344.219780219688,4,4,0,2,103,-0.433883739117558,-0.9009688679024191,1.0,6.123233995736766e-17,0.9831469737221499,-0.1828169249850199
2024-04-13,146.33333333333334,237.0,235.33333333333331,6724.0,288.3333333333333,247.28571428571425,22.02002024784352,19.027598799775543,6818.0,7093.666666666667,7425.333333333333,286.6666666666667,261.0,311.3333333333333,227.66666666666663,206.0,183.3333333333333,229.0,234.66666666666663,265.3333333333333,164.66666666666666,102.33333333333331,123.66666666666669,6976.523809523809,8016.92063475334,7142.666666666666,35797.82905990702,238.23809523809524,3348.841269841281,228.64285714285714,3696.72588522586,201.8095238095238,1168.253968253933,186.71428571428572,888.5445665445885,127.57142857142857,1067.9894179894152,117.80952380952381,658.3540903540725,-53.0,-59.00000000000006,-55.0,-128.00000000000003,-36.42857142857144,3229.2857142856883,-41.92857142857144,3918.225274725179,5,4,1,2,104,-0.9749279121818236,-0.2225209339563146,1.0,6.123233995736766e-17,0.9798567700958665,-0.1997015525660636
2024-04-14,128.0,245.0,243.0,6630.0,290.0,247.28571428571425,22.28539483923852,20.42889087504723,6724.0,6982.0,7257.0,288.3333333333333,279.0,287.0,235.33333333333331,233.0,151.0,237.0,239.0,254.0,146.33333333333334,106.0,105.0,6923.714285714285,13104.238095068387,7092.571428571428,40432.28083036047,242.14285714285714,3662.957671957682,227.0,3441.914529914503,206.0,1332.1481481481142,190.42857142857142,1054.6398046398238,133.85714285714286,974.4021164021159,119.42857142857143,715.4774114773941,-47.0,-53.0,-46.0,-136.0,-36.14285714285715,3217.476190476164,-36.57142857142858,3326.8791208790217,6,4,1,2,105,-0.7818314824680299,0.6234898018587334,1.0,6.123233995736766e-17,0.9762766110869321,-0.21652708524481437
2024-04-15,144.0,303.0,176.0,6681.0,191.0,243.7142857142857,-24.992007839004494,-27.72227787528117,6630.0,6988.0,7271.0,290.0,199.0,172.0,243.0,167.0,171.0,245.0,230.0,235.0,128.0,102.0,109.0,6873.428571428572,23965.952380780363,7047.785714285715,52651.890720471856,243.71428571428572,3815.3862433862537,227.21428571428572,3470.2496947496684,207.42857142857142,1436.433862433829,197.0,1101.1452991453132,137.0,839.2592592592599,121.07142857142857,702.2081807081637,-15.0,-47.0,-32.0,-1.0,-36.28571428571429,3220.9047619047356,-30.214285714285722,2531.2582417581393,0,4,0,2,106,0.0,1.0,1.0,6.123233995736766e-17,0.9724075561219968,-0.23328854407545518
2024-04-16,219.0,392.0,205.0,6685.0,163.0,238.9523809523809,-44.6268973503646,-31.325483602016305,6681.0,7043.0,7340.0,191.0,130.0,132.0,176.0,217.0,175.0,303.0,231.0,230.0,144.0,118.0,101.0,6829.571428571428,25705.619047444998,7005.642857142857,57255.18742377002,242.57142857142858,3943.767195767206,228.57142857142858,3334.639804639779,208.71428571428572,1326.719576719544,197.35714285714286,1082.9310134310272,143.0,601.2592592592622,123.57142857142857,724.7081807081643,42.0,-15.0,87.0,43.0,-33.85714285714287,3286.476190476163,-31.214285714285722,2482.335164835063,1,4,0,2,107,0.7818314824680298,0.6234898018587336,1.0,6.123233995736766e-17,0.9682507501166718,-0.2499809690726521
2024-04-17,182.0,371.0,274.0,6725.0,227.0,233.0,-17.219894549244145,11.219894549244144,6685.0,6999.0,7346.0,163.0,227.0,163.0,205.0,142.0,190.0,392.0,244.0,230.0,219.0,117.0,124.0,6778.428571428572,18545.619047442593,6958.857142857143,54206.91819300243,247.28571428571428,2861.0529100529197,230.78571428571428,2942.711233211209,207.0,1314.1481481481146,199.5,1044.0299145299266,157.42857142857142,1216.878306878316,132.0,1309.521367521353,47.0,42.0,-85.0,27.0,-40.28571428571429,1762.9047619047371,-31.285714285714295,2470.9890109889093,2,4,0,2,108,0.9749279121818236,-0.22252093395631434,1.0,6.123233995736766e-17,0.9638074231367307,-0.26659942067929354
2024-04-18,144.0,322.0,258.0,6728.0,260.0,225.85714285714283,20.791543792326248,13.35131335053092,6725.0,6912.0,7317.0,227.0,285.0,225.0,274.0,220.0,152.0,371.0,221.0,226.0,182.0,183.0,95.0,6739.285714285715,9125.238095059818,6914.5,44765.67094025676,247.28571428571428,2861.0529100529197,235.35714285714286,2567.85409035407,225.85714285714286,943.291005290981,205.5,1425.2606837606907,166.71428571428572,944.4973544973676,136.14285714285714,1478.4224664224532,-2.0,47.0,-65.0,-73.0,-21.428571428571438,2284.6190476190145,-29.857142857142865,2678.901098900996,3,4,0,2,109,0.43388373911755823,-0.900968867902419,1.0,6.123233995736766e-17,0.9590788900341131,-0.28313898122818354
2024-04-19,165.33333333333334,341.3333333333333,286.3333333333333,6733.666666666667,253.33333333333331,229.1428571428571,21.74184085920495,2.448635331271284,6728.0,6818.0,7205.333333333333,260.0,286.6666666666667,243.0,258.0,227.66666666666663,179.0,322.0,229.0,230.33333333333331,144.0,164.66666666666666,98.66666666666669,6713.0,3368.666666487188,6872.428571428572,33073.050061137365,243.71428571428572,2636.0529100529197,237.85714285714286,2599.5848595848415,231.28571428571428,1075.3862433862218,213.07142857142858,1355.3705738705744,161.14285714285714,950.0687830687936,139.64285714285714,1339.768620268608,33.0,-2.0,-59.00000000000006,-64.0,-12.428571428571436,1936.6190476190102,-24.785714285714295,2567.719780219675,4,4,0,2,110,-0.433883739117558,-0.9009688679024191,1.0,6.123233995736766e-17,0.9540665500578387,-0.2995947563972602
2024-04-20,186.66666666666663,360.6666666666667,314.6666666666667,6739.333333333333,246.66666666666663,225.0,22.02002024784352,-0.3533535811768331,6733.666666666667,6724.0,7093.666666666667,253.33333333333331,288.3333333333333,261.0,286.3333333333333,235.33333333333331,206.0,341.3333333333333,237.0,234.66666666666663,165.33333333333334,146.33333333333334,102.33333333333331,6700.952380952381,1433.0158728358622,6838.738095238096,24806.789377377896,238.95238095238093,2317.5343915344015,238.5952380952381,2615.3876678876504,239.66666666666669,1496.2962962962783,220.7380952380952,1615.6440781440722,161.23809523809524,950.9153439153544,144.4047619047619,1236.9603174603067,68.00000000000006,33.0,-53.0,-55.0,0.7142857142857143,1717.5714285713839,-17.857142857142865,2654.593406593298,5,4,1,2,111,-0.9749279121818236,-0.2225209339563146,1.0,6.123233995736766e-17,0.9487718864399473,-0.31596187665790293
2024-04-21,208.0,380.0,343.0,6745.0,240.0,214.57142857142853,22.28539483923852,3.1431765893329526,6739.333333333333,6630.0,6982.0,246.66666666666663,290.0,279.0,314.6666666666667,243.0,233.0,360.6666666666667,245.0,239.0,186.66666666666663,128.0,106.0,6703.142857142857,1584.4021162221964,6813.428571428572,19877.921856011275,233.0,1879.7037037037144,237.57142857142858,2580.65689865688,251.0,2280.8148148148025,228.5,2212.713675213663,167.0,982.9259259259388,150.42857142857142,1199.1184371184274,103.0,68.00000000000006,-47.0,-46.0,18.000000000000007,1642.6666666666144,-9.071428571428571,3032.3791208790085,6,4,1,2,112,-0.7818314824680299,0.6234898018587334,1.0,6.123233995736766e-17,0.9431964659565866,-0.33223549871590435
2024-04-22,176.0,424.0,251.0,6799.0,214.0,208.42857142857144,-24.992007839004494,30.56343641043308,6745.0,6681.0,6988.0,240.0,191.0,199.0,343.0,176.0,167.0,380.0,303.0,230.0,208.0,144.0,102.0,6719.571428571428,669.8783066990885,6796.5,17743.619658209678,225.85714285714286,1286.8465608465724,234.78571428571428,2440.728327228306,265.2857142857143,3442.719576719572,236.35714285714286,3153.153235653217,178.42857142857142,857.2116402116584,157.71428571428572,1245.0744810744736,37.0,103.0,-15.0,-32.0,39.42857142857144,1606.952380952318,1.5714285714285714,3771.6483516482335,0,4,0,2,113,0.0,1.0,1.0,6.123233995736766e-17,0.9373419384643772,-0.3484108069446808
2024-04-23,252.0,427.0,307.0,6967.0,134.0,204.8095238095238,-44.6268973503646,-26.182626459159195,6799.0,6685.0,7043.0,214.0,163.0,130.0,251.0,205.0,217.0,424.0,392.0,231.0,176.0,219.0,118.0,6736.428571428572,1141.8783066998246,6783.0,14726.888888979389,229.14285714285714,1095.1798941799054,235.85714285714286,2374.217338217318,276.0,2014.1481481481496,242.35714285714286,2760.8455433455197,183.0,636.2592592592794,163.0,1001.9316239316179,173.0,37.0,42.0,87.0,46.85714285714287,1049.809523809457,6.5,3755.346153846033,1,4,0,2,114,0.7818314824680298,0.6234898018587336,1.0,6.123233995736766e-17,0.9312100364121947,-0.3644830148102912
2024-04-24,253.0,411.0,307.0,7128.0,154.0,203.7142857142857,-17.219894549244145,-32.49439116504155,6967.0,6725.0,6999.0,134.0,227.0,227.0,307.0,274.0,142.0,427.0,371.0,244.0,252.0,182.0,117.0,6776.714285714285,7668.164020987296,6777.571428571428,12099.460317551011,225.0,1854.7037037037153,236.14285714285714,2310.2173382173182,290.57142857142856,1086.4338624338714,248.78571428571428,2988.318070818042,187.71428571428572,1187.8306878307096,172.57142857142858,1356.8107448107417,153.0,173.0,47.0,-85.0,65.57142857142858,3289.2857142856387,12.642857142857142,5348.708791208667,2,4,0,2,115,0.9749279121818236,-0.22252093395631434,1.0,6.123233995736766e-17,0.9248025743285089,-0.38044736628785164
2024-04-25,145.0,357.0,333.0,7209.0,217.0,205.14285714285717,20.791543792326248,-8.934400935183387,7128.0,6728.0,6912.0,154.0,260.0,285.0,307.0,258.0,220.0,411.0,322.0,221.0,253.0,144.0,183.0,6834.285714285715,23922.497354323055,6786.785714285715,17682.608669199024,214.57142857142858,2567.322751322765,230.92857142857142,2793.541514041489,295.2857142857143,1059.7195767195874,260.57142857142856,2222.2466422466036,197.85714285714286,1772.7354497354754,182.28571428571428,1515.228327228327,116.0,153.0,-2.0,-65.0,80.71428571428571,4238.238095238013,29.642857142857142,5819.4780219778895,3,4,0,2,116,0.43388373911755823,-0.900968867902419,1.0,6.123233995736766e-17,0.9181214482844364,-0.39629913726891813
2024-04-26,149.33333333333334,354.3333333333333,343.6666666666667,7238.666666666667,228.0,201.28571428571428,21.74184085920495,4.972444855080774,7209.0,6733.666666666667,6818.0,217.0,253.33333333333331,286.6666666666667,333.0,286.3333333333333,227.66666666666663,357.0,341.3333333333333,229.0,145.0,165.33333333333334,164.66666666666666,6903.0,39932.92592575451,6808.0,29704.581196670802,208.42857142857142,2180.3227513227657,226.07142857142858,2558.156898656868,306.0,931.1481481481636,268.64285714285717,2428.999389499345,198.0,1754.9259259259516,179.57142857142858,1614.195360195359,115.66666666666669,116.0,33.0,-59.00000000000006,97.57142857142857,2973.9523809522893,42.57142857142857,5524.109890109751,4,4,0,2,117,-0.433883739117558,-0.9009688679024191,1.0,6.123233995736766e-17,0.9111686353326631,-0.41203363695942635
2024-04-27,153.66666666666666,351.6666666666667,354.3333333333333,7268.333333333333,239.0,201.42857142857144,22.02002024784352,15.551408323585065,7238.666666666667,6739.333333333333,6724.0,228.0,246.66666666666663,288.3333333333333,343.6666666666667,314.6666666666667,235.33333333333331,354.3333333333333,360.6666666666667,237.0,149.33333333333334,186.66666666666663,146.33333333333334,6975.142857142857,47860.62433845607,6838.047619047619,42991.79242988099,204.8095238095238,1892.809523809539,221.88095238095235,2257.087301587267,314.1904761904762,1024.8835978836162,276.92857142857144,2658.8748473747964,195.71428571428572,1965.719576719601,178.47619047619045,1666.1489621489604,115.33333333333331,115.66666666666669,68.00000000000006,-53.0,109.3809523809524,2170.9047619046646,55.04761904761905,4973.8778998777525,5,4,1,2,118,-0.9749279121818236,-0.2225209339563146,1.0,6.123233995736766e-17,0.9039461929224011,-0.42764620926777464
2024-04-28,158.0,349.0,365.0,7298.0,250.0,206.57142857142856,22.28539483923852,21.143176589332924,7268.333333333333,6745.0,6630.0,239.0,240.0,290.0,354.3333333333333,343.0,243.0,351.6666666666667,380.0,245.0,153.66666666666666,208.0,128.0,7050.714285714285,46256.830687665555,6876.928571428572,54605.23382182097,203.71428571428572,1794.238095238111,218.35714285714286,1926.5720390720007,319.85714285714283,1255.9576719576926,285.42857142857144,2908.862026861969,191.0,2220.814814814837,179.0,1633.7264957264945,115.0,115.33333333333331,103.0,-47.0,116.14285714285714,1838.0687830686836,67.07142857142857,4199.729548229394,6,4,1,2,119,-0.7818314824680299,0.6234898018587334,1.0,6.123233995736766e-17,0.8964562582905575,-0.44313223418263453
2024-04-29,140.0,292.0,255.0,7373.0,187.0,203.28571428571428,-24.992007839004494,8.706293553290216,7298.0,6799.0,6681.0,250.0,214.0,191.0,365.0,251.0,176.0,349.0,424.0,303.0,158.0,176.0,144.0,7129.714285714285,33590.49735433548,6924.642857142857,61101.717338302806,205.14285714285714,1929.4761904762063,215.5,1599.9786324785912,323.0,1494.8148148148366,294.14285714285717,3175.6532356531707,183.85714285714286,2294.6243386243577,181.14285714285714,1462.627594627594,68.0,115.0,37.0,-15.0,117.85714285714286,1806.068783068683,78.64285714285714,3231.2899877898276,0,4,0,2,120,0.0,1.0,1.0,6.123233995736766e-17,0.8887010478292915,-0.45848712914008766
2024-04-30,220.0,443.0,194.0,7431.0,135.0,205.0,-44.6268973503646,-25.3731026496354,7373.0,6967.0,6685.0,187.0,134.0,163.0,255.0,307.0,205.0,292.0,427.0,392.0,140.0,252.0,219.0,7211.714285714285,17381.830687672173,6974.071428571428,69367.69536027912,201.28571428571428,1953.9047619047785,215.21428571428572,1616.198412698371,323.57142857142856,1401.100529100551,299.7857142857143,2185.5488400487707,178.71428571428572,2574.052910052927,180.85714285714286,1486.627594627594,59.0,68.0,173.0,42.0,122.28571428571429,1107.8306878305857,84.57142857142857,2527.614163614,1,4,0,2,121,0.7818314824680298,0.6234898018587336,1.0,6.123233995736766e-17,0.8806828564301475,-0.47370635037968
2024-05-01,197.0,437.0,295.0,7508.0,190.0,211.7142857142857,-17.219894549244145,-4.494391165041577,7431.0,7128.0,6725.0,135.0,154.0,227.0,194.0,307.0,274.0,443.0,411.0,371.0,220.0,253.0,182.0,7278.0,10289.259259103512,7027.357142857143,75942.33272291464,201.42857142857142,1931.619047619064,213.21428571428572,1897.1214896214458,307.42857142857144,3849.4338624338784,299.0,2354.598290598222,174.14285714285714,1938.6243386243532,180.92857142857142,1492.5671550671543,105.0,59.0,153.0,47.0,106.0,1037.2592592591639,85.78571428571429,2436.9163614161976,2,5,0,2,122,0.9749279121818236,-0.22252093395631434,0.8660254037844387,-0.4999999999999998,0.8724040568049612,-0.48878539428899265
2024-05-02,206.0,411.0,293.0,7577.0,194.0,223.42857142857144,20.791543792326248,-50.22011522089767,7508.0,7209.0,6728.0,190.0,217.0,260.0,295.0,333.0,258.0,437.0,357.0,322.0,197.0,145.0,144.0,7332.285714285715,11917.830687677213,7083.285714285715,83311.99755807764,206.57142857142858,1547.6190476190632,210.57142857142858,1916.4346764346299,305.7142857142857,3871.719576719592,300.5,2305.32905982899,166.14285714285714,914.6243386243495,182.0,1511.1111111111106,99.0,105.0,116.0,-2.0,99.14285714285714,614.402116402024,89.92857142857143,2331.1141636139973,3,5,0,2,123,0.43388373911755823,-0.900968867902419,0.8660254037844387,-0.4999999999999998,0.8638670987837349,-0.503719798736334
2024-05-03,187.33333333333331,379.0,271.3333333333333,7533.666666666667,240.0,226.0,21.74184085920495,-7.74184085920492,7577.0,7238.666666666667,6733.666666666667,194.0,228.0,253.33333333333331,293.0,343.6666666666667,286.3333333333333,411.0,354.3333333333333,341.3333333333333,206.0,149.33333333333334,165.33333333333334,7384.857142857143,16141.068782917522,7143.928571428572,88392.00305258113,203.28571428571428,1543.2380952381116,205.85714285714286,1725.6874236873723,300.0,3736.481481481495,303.0,2163.9829059828344,174.85714285714286,1016.2910052910203,186.42857142857142,1423.221001221002,31.333333333333314,99.0,115.66666666666669,33.0,96.71428571428571,560.1640211639298,97.14285714285714,1631.3284493282792,4,5,0,2,124,-0.433883739117558,-0.9009688679024191,0.8660254037844387,-0.4999999999999998,0.8550745085896932,-0.518505144391157
2024-05-04,168.66666666666669,347.0,249.66666666666663,7490.333333333333,286.0,230.0,22.02002024784352,33.97997975215651,7533.666666666667,7268.333333333333,6739.333333333333,240.0,239.0,246.66666666666663,271.3333333333333,354.3333333333333,314.6666666666667,379.0,351.6666666666667,360.6666666666667,187.33333333333331,153.66666666666666,186.66666666666663,7427.0,14197.81481466537,7201.071428571428,83612.51587309208,205.0,1662.6666666666827,204.9047619047619,1640.998778998727,289.6666666666667,3431.0740740740825,301.92857142857144,2218.5158730158023,180.28571428571425,899.2751322751498,188.0,1386.393162393164,-36.33333333333337,31.333333333333314,115.33333333333331,68.00000000000006,84.66666666666666,1043.4074074073212,97.02380952380952,1647.9737484735783,5,5,1,2,125,-0.9749279121818236,-0.2225209339563146,0.8660254037844387,-0.4999999999999998,0.8460288880917339,-0.533137056031809
2024-05-05,150.0,315.0,228.0,7447.0,332.0,231.7142857142857,22.28539483923852,78.00031944647579,7490.333333333333,7298.0,6745.0,286.0,250.0,240.0,249.66666666666663,365.0,343.0,347.0,349.0,380.0,168.66666666666669,158.0,208.0,7458.714285714285,9497.05290990478,7254.714285714285,70549.7924298668,211.71428571428572,2510.904761904777,207.71428571428572,2004.2197802197313,274.7142857142857,2739.941798941801,297.2857142857143,2392.920634920569,182.42857142857142,798.3227513227697,186.71428571428572,1413.228327228328,-104.0,-36.33333333333337,115.0,103.0,62.99999999999999,2779.148148148072,89.57142857142857,2891.3748473746828,6,5,1,2,126,-0.7818314824680299,0.6234898018587334,0.8660254037844387,-0.4999999999999998,0.8367329140344921,-0.5476112038402312
2024-05-06,173.0,337.0,211.0,7449.0,205.0,238.85714285714283,-24.992007839004494,-8.86513501813834,7447.0,7373.0,6799.0,332.0,187.0,214.0,228.0,255.0,251.0,315.0,292.0,424.0,150.0,140.0,176.0,7480.0,4686.481481334233,7304.857142857143,50700.93528700791,223.42857142857142,4517.952380952395,214.28571428571428,3065.7582417582,255.14285714285714,1298.1798941798859,289.07142857142856,2528.772283272225,181.28571428571428,872.6084656084835,182.57142857142858,1463.5799755799749,6.0,-104.0,68.0,37.0,31.714285714285705,5834.719576719513,74.78571428571429,5524.3693528691965,0,5,0,2,127,0.0,1.0,0.8660254037844387,-0.4999999999999998,0.8271893372462497,-0.5619233046832195
2024-05-07,176.0,334.0,246.0,7566.0,163.0,239.47619047619045,-44.6268973503646,-31.84929312582585,7449.0,7431.0,6967.0,205.0,135.0,134.0,211.0,194.0,307.0,337.0,443.0,427.0,173.0,220.0,252.0,7490.857142857143,2800.957671810886,7351.285714285715,30293.792429863384,226.0,4345.666666666681,213.64285714285714,3071.939560439518,248.85714285714286,1576.8465608465492,286.2142857142857,2877.343711843656,186.0,574.0370370370571,182.35714285714286,1467.2557997557992,83.0,6.0,59.0,173.0,22.85714285714285,5633.957671957612,72.57142857142857,5773.221001220847,1,5,0,2,128,0.7818314824680298,0.6234898018587336,0.8660254037844387,-0.4999999999999998,0.8174009818249189,-0.5760691233798758
2024-05-08,167.0,374.0,205.0,7583.0,202.0,233.57142857142856,-17.219894549244145,-14.35153402218441,7566.0,7508.0,7128.0,163.0,190.0,154.0,246.0,295.0,307.0,334.0,437.0,411.0,176.0,197.0,253.0,7510.142857142857,2710.9576718117046,7394.071428571428,20509.028693598128,230.0,3608.3333333333467,215.71428571428572,2776.6813186812788,256.2857142857143,1012.2751322751246,281.85714285714283,2948.0634920634398,179.71428571428572,351.941798941816,176.92857142857142,1065.5415140415114,3.0,83.0,105.0,153.0,26.285714285714278,6005.386243386182,66.14285714285714,4961.242979242829,2,5,0,2,129,0.9749279121818236,-0.22252093395631434,0.8660254037844387,-0.4999999999999998,0.8073707443023492,-0.5900444739548627
2024-05-09,138.0,285.0,268.0,7570.0,244.0,221.1428571428571,20.791543792326248,2.0655990648166416,7583.0,7577.0,7209.0,202.0,194.0,217.0,205.0,293.0,333.0,374.0,411.0,357.0,167.0,206.0,145.0,7520.857142857143,3460.9576718121734,7426.571428571428,16671.528693596985,231.71428571428572,3468.9047619047756,219.14285714285714,2485.5164835164474,243.42857142857142,1007.9894179894033,274.57142857142856,3296.656898656852,175.42857142857142,307.6560846560996,170.78571428571428,587.3437118437073,24.0,3.0,99.0,116.0,11.714285714285706,4815.386243386188,55.42857142857143,4563.990231990088,3,5,0,2,130,0.43388373911755823,-0.900968867902419,0.8660254037844387,-0.4999999999999998,0.7971015927871943,-0.6038452208771035
2024-05-10,138.0,290.3333333333333,266.3333333333333,7534.666666666667,244.33333333333331,214.28571428571425,21.74184085920495,8.305778188414145,7570.0,7533.666666666667,7238.666666666667,244.0,240.0,228.0,268.0,271.3333333333333,343.6666666666667,285.0,379.0,354.3333333333333,138.0,187.33333333333331,149.33333333333334,7519.857142857143,3336.95767181213,7452.357142857143,13896.58913315653,238.85714285714286,3197.476190476203,221.07142857142858,2528.686813186779,239.85714285714286,684.1798941798775,269.92857142857144,3014.156898656855,165.71428571428572,275.27513227514237,170.28571428571428,618.612942612938,22.0,24.0,31.333333333333314,115.66666666666669,0.9999999999999919,3436.814814814763,48.857142857142854,4311.242979242839,4,5,0,2,131,-0.433883739117558,-0.9009688679024191,0.8660254037844387,-0.4999999999999998,0.7865965660866021,-0.6174672802835514
2024-05-11,138.0,295.6666666666667,264.6666666666667,7499.333333333333,244.66666666666663,217.57142857142856,22.02002024784352,5.075217847394583,7534.666666666667,7490.333333333333,7268.333333333333,244.33333333333331,286.0,239.0,266.3333333333333,249.66666666666663,354.3333333333333,290.3333333333333,347.0,351.6666666666667,138.0,168.66666666666669,153.66666666666666,7520.0,3341.7037035581666,7473.5,10423.739316306019,239.47619047619045,3201.809523809536,222.23809523809524,2565.152625152593,239.14285714285714,635.2910052909883,264.40476190476187,2564.037240537201,158.66666666666669,267.44444444445116,169.47619047619045,664.3199023198974,20.000000000000057,22.0,-36.33333333333337,115.33333333333331,-0.33333333333333875,3354.8888888888378,42.166666666666664,3975.175213675078,5,5,1,2,132,-0.9749279121818236,-0.2225209339563146,0.8660254037844387,-0.4999999999999998,0.7758587728069828,-0.6309066211876704
2024-05-12,138.0,301.0,263.0,7464.0,245.0,226.57142857142856,22.28539483923852,-3.856823410667104,7499.333333333333,7447.0,7298.0,244.66666666666663,332.0,250.0,264.6666666666667,228.0,365.0,295.6666666666667,315.0,349.0,138.0,150.0,158.0,7521.285714285715,3264.2751321296505,7490.0,6943.931623997764,233.57142857142858,2804.87830687832,222.64285714285714,2582.0592185591863,241.28571428571428,720.0529100528944,257.99999999999994,1897.7777777777435,154.28571428571428,299.57142857143305,168.35714285714286,719.9566544566492,18.0,20.000000000000057,-104.0,115.0,7.714285714285722,3132.2380952380404,35.357142857142854,3551.238705738574,6,5,1,2,133,-0.7818314824680299,0.6234898018587334,0.8660254037844387,-0.4999999999999998,0.7648913904341225,-0.6441592666722685
2024-05-13,112.0,331.0,167.0,7499.0,157.0,225.14285714285717,-24.992007839004494,-43.150849303852645,7464.0,7449.0,7373.0,245.0,205.0,187.0,263.0,211.0,255.0,301.0,337.0,292.0,138.0,173.0,140.0,7523.714285714285,2884.6084654630854,7501.857142857143,4008.8327228984654,221.14285714285714,1031.7354497354643,222.28571428571428,2562.800976800944,246.28571428571428,740.0529100528969,250.71428571428572,961.8437118436839,152.57142857142858,337.28571428571803,166.92857142857142,780.3962148962092,10.0,18.0,6.0,68.0,25.14285714285715,715.4761904761275,28.428571428571427,3034.7936507935233,0,5,0,2,134,0.0,1.0,0.8660254037844387,-0.4999999999999998,0.753697664392914,-0.6572212950663319
2024-05-14,246.0,419.0,218.0,7546.0,186.0,226.7142857142857,-44.6268973503646,3.912611636078907,7499.0,7566.0,7431.0,157.0,163.0,135.0,167.0,246.0,194.0,331.0,334.0,443.0,112.0,176.0,220.0,7530.857142857143,1996.5132273681404,7510.857142857143,2644.986569052006,214.28571428571428,1619.1640211640363,220.14285714285714,2789.9438339437993,240.0,1534.1481481481321,244.42857142857142,1456.9645909645683,143.85714285714286,453.4761904761906,164.92857142857142,952.3962148962087,32.0,10.0,83.0,59.0,25.714285714285722,692.2380952380319,24.285714285714285,2921.9804639803397,1,5,0,2,135,0.7818314824680298,0.6234898018587336,0.8660254037844387,-0.4999999999999998,0.742280907086982,-0.6700888411055113
2024-05-15,115.0,285.0,341.0,7589.0,265.0,231.28571428571428,-17.219894549244145,50.93418026352987,7546.0,7583.0,7508.0,186.0,202.0,190.0,218.0,205.0,295.0,419.0,374.0,437.0,246.0,167.0,197.0,7528.0,1819.3703702251648,7519.071428571428,2176.772283337438,217.57142857142858,1301.5449735449886,223.78571428571428,2307.6855921855617,236.0,1590.1481481481298,246.14285714285714,1311.9096459096218,153.85714285714286,1903.4761904761945,166.78571428571428,1220.9676434676378,76.0,32.0,3.0,105.0,18.428571428571438,89.95238095232098,22.357142857142858,2829.8540903539665,2,5,0,2,136,0.9749279121818236,-0.22252093395631434,0.8660254037844387,-0.4999999999999998,0.7306444969184916,-0.6827580970759147
2024-05-16,206.0,340.0,214.0,7565.0,234.0,238.85714285714283,20.791543792326248,-25.64868664946908,7589.0,7570.0,7577.0,265.0,244.0,194.0,341.0,268.0,293.0,285.0,285.0,411.0,115.0,138.0,206.0,7528.857142857143,1934.513227368055,7524.857142857143,2507.4481075130575,226.57142857142858,1541.5449735449872,229.14285714285714,2319.6361416361174,255.42857142857142,2827.1005291005204,249.42857142857142,1808.810744810718,146.42857142857142,2061.952380952382,160.92857142857142,1320.0885225885154,-20.0,76.0,24.0,99.0,28.857142857142865,475.809523809459,20.285714285714285,2521.2112332111105,3,5,0,2,137,0.43388373911755823,-0.900968867902419,0.8660254037844387,-0.4999999999999998,0.7187918772884232,-0.6952253139408722
2024-05-17,185.0,325.0,235.33333333333331,7495.333333333333,255.33333333333331,243.8571428571428,21.74184085920495,-10.26565038301441,7565.0,7534.666666666667,7533.666666666667,234.0,244.33333333333331,240.0,214.0,266.3333333333333,271.3333333333333,340.0,290.3333333333333,379.0,206.0,138.0,187.33333333333331,7528.142857142857,1869.5132273680222,7524.0,2421.470085535067,225.14285714285714,1497.7354497354636,232.0,2217.6581196580987,247.71428571428572,3017.386243386231,243.78571428571428,1725.0360195359974,156.14285714285714,2531.476190476196,160.92857142857142,1320.0885225885154,-20.0,-20.0,22.0,31.333333333333314,22.57142857142858,823.6190476189855,11.785714285714286,2091.6343101341927,4,5,0,2,138,-0.433883739117558,-0.9009688679024191,0.8660254037844387,-0.4999999999999998,0.7067265555776158,-0.7074868024503348
2024-05-18,164.0,310.0,256.6666666666667,7425.666666666667,276.6666666666667,238.0,22.02002024784352,16.646646418823195,7495.333333333333,7499.333333333333,7490.333333333333,255.33333333333331,244.66666666666663,286.0,235.33333333333331,264.6666666666667,249.66666666666663,325.0,295.6666666666667,347.0,185.0,138.0,168.66666666666669,7522.52380952381,2004.9947088492736,7521.261904761904,2469.4218559869328,226.71428571428572,1585.386243386257,233.0952380952381,2253.3235653235456,243.28571428571428,2962.275132275118,241.21428571428572,1665.0360195359997,162.85714285714286,2562.8095238095316,160.76190476190476,1310.9987789987717,-20.0,-20.0,20.000000000000057,-36.33333333333337,16.57142857142858,1083.6190476189884,8.11904761904762,2125.4804639803488,5,5,1,2,139,-0.9749279121818236,-0.2225209339563146,0.8660254037844387,-0.4999999999999998,0.6944521021088763,-0.719538934232584
2024-05-19,143.0,295.0,278.0,7356.0,298.0,229.8571428571429,22.28539483923852,45.85746230361862,7425.666666666667,7464.0,7447.0,276.6666666666667,245.0,332.0,256.6666666666667,263.0,228.0,310.0,301.0,315.0,164.0,138.0,150.0,7512.0,3349.703703557833,7516.642857142857,3075.819902385132,231.28571428571428,1923.1640211640345,232.42857142857142,2183.5799755799553,242.14285714285714,2914.402116402102,241.71428571428572,1677.6385836385634,166.57142857142858,2443.9523809523903,160.42857142857142,1306.8791208791133,-20.0,-20.0,18.0,-104.0,10.857142857142858,1266.4761904761338,9.28571428571429,2032.8351648350488,6,5,1,2,140,-0.7818314824680299,0.6234898018587334,0.8660254037844387,-0.4999999999999998,0.6819721490904629,-0.7313781428679254
2024-05-20,111.0,268.0,217.0,7368.0,192.0,228.8571428571429,-24.992007839004494,-11.865135018138368,7356.0,7499.0,7449.0,298.0,157.0,205.0,278.0,167.0,211.0,295.0,331.0,337.0,143.0,112.0,173.0,7496.571428571428,6743.989417842924,7510.142857142857,4642.319902385358,238.85714285714286,2566.735449735462,230.0,1745.3162393162165,244.28571428571428,3050.8306878306744,245.28571428571428,1750.7155067154838,167.28571428571428,2399.904761904772,159.92857142857142,1321.6098901098824,25.0,-20.0,10.0,6.0,5.428571428571429,1382.28571428566,15.28571428571429,1072.8351648350451,0,5,0,2,141,0.0,1.0,0.8660254037844387,-0.4999999999999998,0.6692903895412567,-0.7430009249440493
2024-05-21,196.0,348.0,176.0,7404.0,145.0,222.66666666666663,-44.6268973503646,-33.039769316302056,7368.0,7546.0,7566.0,192.0,186.0,163.0,217.0,218.0,246.0,268.0,419.0,334.0,111.0,246.0,176.0,7477.857142857143,9089.513227365956,7504.357142857143,5872.896825462489,243.85714285714286,1786.7354497354615,229.07142857142858,1807.387667887644,251.42857142857142,2119.8783068782973,245.71428571428572,1721.6385836385602,167.14285714285714,2418.4761904762004,155.5,1471.4999999999911,31.0,25.0,32.0,83.0,7.571428571428571,1437.2857142856592,16.642857142857146,1071.4780219779013,1,5,0,2,142,0.7818314824680298,0.6234898018587336,0.8660254037844387,-0.4999999999999998,0.6564105761979381,-0.7544038410927472
2024-05-22,168.0,349.0,272.0,7474.0,208.0,211.28571428571425,-17.219894549244145,13.934180263529896,7404.0,7589.0,7583.0,145.0,265.0,202.0,176.0,341.0,205.0,348.0,285.0,374.0,196.0,115.0,167.0,7457.571428571428,8744.65608450796,7492.785714285715,6211.138583704668,238.0,2817.5925925926044,227.78571428571428,2013.4975579975326,245.42857142857142,2839.878306878294,240.71428571428572,2068.561660561641,160.0,1461.3333333333405,156.92857142857142,1563.1483516483431,64.0,31.0,76.0,3.0,7.428571428571429,1429.2857142856592,12.928571428571432,733.7637362636181,2,5,0,2,143,0.9749279121818236,-0.22252093395631434,0.8660254037844387,-0.4999999999999998,0.6433365204044917,-0.765583517007675
2024-05-23,193.0,272.0,314.0,7494.0,227.0,194.7142857142857,20.791543792326248,11.494170493388058,7474.0,7565.0,7570.0,208.0,234.0,244.0,272.0,214.0,268.0,349.0,340.0,285.0,168.0,206.0,138.0,7441.142857142857,5595.846560697733,7485.0,5546.957265023627,229.85714285714286,2768.7354497354627,228.21428571428572,1992.266788766764,235.57142857142858,1321.8783068782886,245.5,2021.0726495726265,167.57142857142858,1067.6190476190575,157.0,1564.769230769222,87.0,64.0,-20.0,24.0,5.714285714285714,1175.571428571374,17.28571428571429,906.3736263735053,3,5,0,2,144,0.43388373911755823,-0.900968867902419,0.8660254037844387,-0.4999999999999998,0.6300720909843687,-0.7765366444428655
2024-05-24,183.75,290.0,298.5,7461.75,212.0,191.14285714285717,21.74184085920495,-0.8846980020620876,7494.0,7495.333333333333,7534.666666666667,227.0,255.33333333333331,244.33333333333331,314.0,235.33333333333331,266.3333333333333,272.0,325.0,290.3333333333333,193.0,185.0,138.0,7431.0,3384.703703554445,7479.571428571428,4965.682539749094,228.85714285714286,2766.068783068796,227.0,1971.6239316239055,249.85714285714286,2031.4021164021067,248.78571428571428,2331.4462759462504,165.71428571428572,925.2380952381044,160.92857142857142,1620.0714285714207,86.5,87.0,-20.0,22.0,21.0,1893.9999999999388,21.78571428571429,1254.9505494504256,4,5,0,2,145,-0.433883739117558,-0.9009688679024191,0.8660254037844387,-0.4999999999999998,0.6166212130956382,-0.7872599821916922
2024-05-25,174.5,308.0,283.0,7429.5,197.0,192.0,22.02002024784352,-17.02002024784352,7461.75,7425.666666666667,7499.333333333333,212.0,276.6666666666667,244.66666666666663,298.5,256.6666666666667,264.6666666666667,290.0,310.0,295.6666666666667,183.75,164.0,138.0,7426.202380952381,2825.6478173108535,7474.3630952380945,4727.401289749276,222.66666666666669,2651.888888888903,224.69047619047618,1960.0763125762837,258.88095238095235,2295.5992063492017,251.08333333333331,2492.191239316212,165.53571428571428,917.4255952381044,164.19642857142858,1608.1940247252678,86.0,86.5,-20.0,20.000000000000057,36.214285714285715,2058.8214285713607,26.392857142857146,1554.2376373625107,5,5,1,2,146,-0.9749279121818236,-0.2225209339563146,0.8660254037844387,-0.4999999999999998,0.6029878670694714,-0.7977503570459932
2024-05-26,165.25,326.0,267.5,7397.25,182.0,182.42857142857144,22.28539483923852,-22.713966267809937,7429.5,7356.0,7464.0,197.0,298.0,245.0,283.0,278.0,263.0,308.0,295.0,301.0,174.5,143.0,138.0,7426.75,2827.0624998505605,7469.375,4807.466613314779,211.28571428571428,2124.5714285714434,221.28571428571428,1975.8778998778673,262.64285714285717,2375.226190476188,252.39285714285714,2554.5111416361133,167.03571428571428,927.800595238105,166.80357142857142,1556.2517170329606,85.5,86.0,-20.0,18.0,51.357142857142854,1677.7261904761162,31.107142857142858,1800.468406593277,6,5,1,2,147,-0.7818314824680299,0.6234898018587334,0.8660254037844387,-0.4999999999999998,0.5891760872322963,-0.8080046647350754
2024-05-27,156.0,344.0,252.0,7365.0,167.0,177.1428571428571,-24.992007839004494,14.849150696147383,7397.25,7368.0,7499.0,182.0,192.0,157.0,267.5,217.0,167.0,326.0,268.0,331.0,165.25,111.0,112.0,7432.642857142857,2097.3303569936793,7464.607142857143,5180.918192985278,194.71428571428572,693.9047619047791,216.78571428571428,2029.5317460317083,261.14285714285717,2337.226190476187,252.71428571428572,2563.3009768009483,170.21428571428572,820.2589285714395,168.75,1488.5384615384557,85.0,85.5,25.0,10.0,66.42857142857143,758.3690476189668,35.92857142857143,1989.8021978020652,0,5,0,2,148,0.0,1.0,0.8660254037844387,-0.4999999999999998,0.5751899607119775,-0.8180198708443174
2024-05-28,153.0,348.0,239.0,7418.0,151.0,179.52380952380952,-44.6268973503646,16.103087826555083,7365.0,7404.0,7546.0,167.0,145.0,186.0,252.0,176.0,218.0,344.0,348.0,419.0,156.0,196.0,246.0,7432.214285714285,2163.2589284222295,7455.035714285715,5754.467643535072,191.14285714285714,805.8095238095415,217.5,1944.6965811965442,266.14285714285717,1997.2261904761901,258.7857142857143,1958.4932844932516,176.64285714285714,221.33035714287095,171.89285714285714,1242.6703296703247,88.0,85.0,31.0,32.0,75.0,444.08333333324873,41.285714285714285,2092.412087911952,1,5,0,2,149,0.7818314824680298,0.6234898018587336,0.8660254037844387,-0.4999999999999998,0.5610336262283677,-0.8277930117131022
2024-05-29,182.0,462.0,158.0,7491.0,141.0,189.57142857142853,-17.219894549244145,-31.35153402218438,7418.0,7474.0,7589.0,151.0,208.0,265.0,239.0,272.0,341.0,348.0,349.0,285.0,153.0,168.0,115.0,7434.214285714285,2059.592261755653,7445.892857142857,5133.456654524408,192.0,718.6666666666843,215.0,2201.811965811926,275.14285714285717,671.2261904761959,260.2857142857143,1858.2240537240198,170.5,208.02083333334463,165.25,800.1538461538391,17.0,88.0,64.0,76.0,83.14285714285714,72.22619047610247,45.285714285714285,2236.4120879119496,2,5,0,2,150,0.9749279121818236,-0.22252093395631434,0.8660254037844387,-0.4999999999999998,0.5467112728685939,-0.8373211953118121
2024-05-30,167.0,406.0,339.0,7563.0,190.0,207.28571428571428,20.791543792326248,-38.07725807804053,7491.0,7494.0,7565.0,141.0,227.0,234.0,158.0,314.0,214.0,462.0,272.0,340.0,182.0,193.0,206.0,7436.642857142857,2326.3303569938585,7438.892857142857,3661.841269909265,182.42857142857142,1002.6190476190664,206.14285714285714,2346.2515262514767,258.85714285714283,2647.226190476186,247.21428571428572,1977.877899877875,172.5,224.3541666666788,170.03571428571428,602.8351648351593,149.0,17.0,87.0,-20.0,76.42857142857143,687.7023809522957,41.07142857142857,2206.2637362636005,3,5,0,2,151,0.43388373911755823,-0.900968867902419,0.8660254037844387,-0.4999999999999998,0.5322271388474397,-0.8466016020976267
2024-05-31,164.33333333333334,380.6666666666667,333.3333333333333,7557.333333333333,228.66666666666663,215.42857142857144,21.74184085920495,-8.503745621109708,7563.0,7461.75,7495.333333333333,190.0,212.0,255.33333333333331,339.0,298.5,235.33333333333331,406.0,290.0,325.0,167.0,183.75,185.0,7446.5,4325.687499851466,7438.75,3623.3247863927836,177.14285714285714,648.4761904762098,203.0,2295.965811965759,262.42857142857144,3196.035714285712,256.14285714285717,2455.2130647130334,168.78571428571428,143.25892857143924,167.25,495.6923076923013,104.66666666666669,149.0,86.5,-20.0,85.28571428571429,1455.3214285713395,53.142857142857146,2658.4780219778786,4,5,0,2,152,-0.433883739117558,-0.9009688679024191,0.8660254037844387,-0.4999999999999998,0.5175855102531889,-0.8556314858488706
2024-06-01,161.66666666666666,355.3333333333333,327.6666666666667,7551.666666666667,267.3333333333333,222.8571428571429,22.02002024784352,22.45617022834693,7557.333333333333,7429.5,7425.666666666667,228.66666666666663,197.0,276.6666666666667,333.3333333333333,283.0,256.6666666666667,380.6666666666667,308.0,310.0,164.33333333333334,174.5,164.0,7460.154761904762,6116.737103026683,7443.178571428572,4437.614163682,179.5238095238095,881.809523809542,201.09523809523807,2132.058608058553,267.4047619047619,3788.202380952381,263.14285714285717,2827.469474969439,166.0119047619048,100.26488095239063,165.77380952380955,469.7643467643401,60.33333333333337,104.66666666666669,86.0,-20.0,87.8809523809524,1509.8214285713386,62.04761904761905,2365.7625152623664,5,6,1,2,153,-0.9749279121818236,-0.2225209339563146,0.49999999999999994,-0.8660254037844387,0.5027907197793043,-0.8644081744776648
2024-06-02,159.0,330.0,322.0,7546.0,306.0,231.0,22.28539483923852,52.71460516076148,7551.666666666667,7397.25,7356.0,267.3333333333333,182.0,298.0,327.6666666666667,267.5,278.0,355.3333333333333,326.0,295.0,161.66666666666666,165.25,143.0,7477.607142857143,7000.506282921672,7452.178571428572,5232.1526252201475,189.57142857142858,1998.211640211657,200.42857142857142,2029.7680097679533,273.7857142857143,4305.414021164025,268.2142857142857,3116.800976800938,164.17857142857142,87.48247354498261,165.60714285714286,470.78998778998107,16.0,60.33333333333337,85.5,-20.0,84.21428571428571,1620.0251322750437,67.78571428571429,1812.6984126982604,6,6,1,2,154,-0.7818314824680299,0.6234898018587334,0.49999999999999994,-0.8660254037844387,0.4878471454423119,-0.8729290708206411
2024-06-03,109.0,244.0,257.0,7596.0,224.0,237.85714285714283,-24.992007839004494,11.13486498186166,7546.0,7365.0,7368.0,306.0,167.0,192.0,322.0,252.0,217.0,330.0,344.0,268.0,159.0,156.0,111.0,7498.857142857143,6177.0687829226445,7465.75,4999.350427417465,207.28571428571428,3881.8306878307035,201.0,2154.427350427294,281.57142857142856,4615.544973544983,271.35714285714283,3321.328449328408,163.28571428571428,90.83068783069659,166.75,433.42735042734387,33.0,16.0,85.0,25.0,74.28571428571429,2280.2751322750482,70.35714285714286,1419.072039071885,0,6,0,2,155,0.0,1.0,0.49999999999999994,-0.8660254037844387,0.47275920928627757,-0.881191653407483
2024-06-04,260.0,356.0,176.0,7565.0,203.0,242.7142857142857,-44.6268973503646,4.912611636078907,7596.0,7418.0,7404.0,224.0,151.0,145.0,257.0,239.0,176.0,244.0,348.0,348.0,109.0,153.0,196.0,7531.857142857143,3493.0687829241756,7482.035714285715,5283.724053790508,215.42857142857142,3580.5449735449893,203.28571428571428,2183.262515262462,282.2857142857143,4569.830687830698,274.2142857142857,3101.108669108626,156.57142857142858,520.5449735449799,166.60714285714286,450.8669108669041,-27.0,33.0,88.0,31.0,66.85714285714286,2480.84656084648,70.92857142857143,1367.819291819137,1,6,0,2,156,0.7818314824680298,0.6234898018587336,0.49999999999999994,-0.8660254037844387,0.4575313760742512,-0.8891934772070711
2024-06-05,173.0,345.0,291.0,7691.0,198.0,245.57142857142856,-17.219894549244145,-30.35153402218441,7565.0,7491.0,7474.0,203.0,141.0,208.0,176.0,158.0,272.0,356.0,462.0,349.0,260.0,182.0,168.0,7552.857142857143,1001.0687829251432,7493.535714285715,5202.339438405483,222.85714285714286,2850.0687830687984,207.42857142857142,1903.4603174602692,273.2857142857143,6045.830687830693,274.2142857142857,3101.108669108626,171.85714285714286,2028.7354497354618,171.17857142857142,1032.8449328449271,93.0,-27.0,17.0,64.0,50.42857142857144,3559.656084656011,66.78571428571429,1964.3907203905683,2,6,0,2,157,0.9749279121818236,-0.22252093395631434,0.49999999999999994,-0.8660254037844387,0.44216815196707204,-0.8969321743510065
2024-06-06,179.0,326.0,282.0,7741.0,238.0,246.4285714285714,20.791543792326248,-29.22011522089764,7691.0,7563.0,7494.0,198.0,190.0,227.0,291.0,339.0,314.0,345.0,406.0,272.0,173.0,167.0,193.0,7581.428571428572,2591.5449734026615,7509.035714285715,7913.64713071262,231.0,1758.9259259259413,206.71428571428572,1909.7240537240043,292.2857142857143,3461.8306878307035,275.57142857142856,3120.4218559218116,170.57142857142858,2009.8783068783187,171.53571428571428,1032.1855921855865,44.0,93.0,149.0,87.0,61.28571428571429,3537.94179894172,68.85714285714286,2012.0335775334242,3,6,0,2,158,0.43388373911755823,-0.900968867902419,0.49999999999999994,-0.8660254037844387,0.42667408318992467,-0.9044054548343001
2024-06-07,158.0,313.6666666666667,243.33333333333331,7644.333333333333,262.6666666666667,244.7142857142857,21.74184085920495,-3.7894599068239287,7741.0,7557.333333333333,7461.75,238.0,228.66666666666663,212.0,282.0,333.3333333333333,298.5,326.0,380.6666666666667,290.0,179.0,164.33333333333334,183.75,7606.857142857143,6024.402116261015,7526.678571428572,11700.07570214056,237.85714285714286,1432.0687830687984,207.5,1952.6965811965326,284.14285714285717,3038.4021164021274,273.2857142857143,3004.3778998778575,172.28571428571428,2016.1640211640336,170.53571428571428,999.954822954817,-19.33333333333337,44.0,104.66666666666669,86.5,46.28571428571429,2042.9417989417268,65.78571428571429,2024.0830280828766,4,6,0,2,159,-0.433883739117558,-0.9009688679024191,0.49999999999999994,-0.8660254037844387,0.4110537546870351,-0.9116111071930239
2024-06-08,137.0,301.3333333333333,204.66666666666669,7547.666666666667,287.3333333333333,238.0,22.02002024784352,27.3133130854898,7644.333333333333,7551.666666666667,7429.5,262.6666666666667,267.3333333333333,197.0,243.33333333333331,327.6666666666667,283.0,313.6666666666667,355.3333333333333,308.0,158.0,161.66666666666666,174.5,7619.285714285715,5669.497354356848,7539.720238095238,12257.4397512854,242.71428571428572,1493.052910052925,211.11904761904762,2171.1385836385393,271.2857142857143,2719.830687830691,269.34523809523813,3007.762667887628,171.38095238095235,2038.6825396825518,168.69642857142858,994.9675289987728,-82.66666666666663,-19.33333333333337,60.33333333333337,86.0,28.571428571428573,1826.433862433798,58.22619047619048,2486.8615689864228,5,6,1,2,160,-0.9749279121818236,-0.2225209339563146,0.49999999999999994,-0.8660254037844387,0.3953117887649151,-0.9185469991587165
2024-06-09,116.0,289.0,166.0,7451.0,312.0,239.99999999999997,22.28539483923852,49.714605160761536,7547.666666666667,7546.0,7397.25,287.3333333333333,306.0,182.0,204.66666666666669,322.0,267.5,301.3333333333333,330.0,326.0,137.0,159.0,165.25,7618.714285714285,5761.941798801253,7548.160714285715,11251.075282420641,245.57142857142858,1714.3227513227664,217.57142857142858,2557.7851037850664,253.71428571428572,2569.4973544973454,263.75,3281.4989316238957,167.85714285714286,2205.4761904762013,166.01785714285714,1061.9318147130577,-146.0,-82.66666666666663,16.0,85.5,8.142857142857142,3233.7354497353917,46.17857142857143,3798.198565323425,6,6,1,2,161,-0.7818314824680299,0.6234898018587334,0.49999999999999994,-0.8660254037844387,0.37945284372454435,-0.925211078289358
2024-06-10,184.0,334.0,229.0,7439.0,212.0,243.0,-24.992007839004494,-6.007992160995478,7451.0,7596.0,7365.0,312.0,224.0,167.0,166.0,257.0,252.0,289.0,244.0,344.0,116.0,109.0,156.0,7605.142857142857,9353.846560705344,7552.0,10209.521367585343,246.42857142857142,1840.3227513227666,226.85714285714286,3053.4993894993627,231.42857142857142,2495.2116402116158,256.5,3958.816239316209,161.71428571428572,2596.571428571437,162.5,1241.0042735042657,17.0,-146.0,33.0,85.0,-15.0,6558.592592592544,29.642857142857146,6225.76862026849,0,6,0,2,162,0.0,1.0,0.49999999999999994,-0.8660254037844387,0.36348161248290634,-0.9316013725767187
2024-06-11,186.0,352.0,224.0,7493.0,156.0,244.1428571428571,-44.6268973503646,-43.51595979249251,7439.0,7565.0,7418.0,212.0,203.0,151.0,229.0,176.0,239.0,334.0,356.0,348.0,184.0,260.0,153.0,7582.714285714285,13353.608465466174,7557.285714285715,8471.741147804943,244.71428571428572,1950.6084656084806,230.07142857142858,2783.746642246619,227.42857142857142,2368.5449735449465,254.85714285714286,4012.5250305250015,172.42857142857142,2082.285714285727,164.5,1269.0042735042662,68.0,17.0,-27.0,88.0,-17.285714285714285,6339.164021163974,24.78571428571429,5976.933455433328,1,6,0,2,163,0.7818314824680298,0.6234898018587336,0.49999999999999994,-0.8660254037844387,0.3474028211842774,-0.9377159910299093
2024-06-12,152.0,266.0,274.0,7548.0,212.0,243.4285714285714,-17.219894549244145,-14.208676879327244,7493.0,7691.0,7491.0,156.0,198.0,141.0,224.0,291.0,158.0,352.0,345.0,462.0,186.0,173.0,182.0,7572.428571428572,14519.322751179958,7562.642857142857,7266.384004947627,238.0,2919.7037037037185,230.42857142857142,2724.708180708158,234.28571428571428,1874.8306878306657,253.78571428571428,4065.189865689838,161.85714285714286,704.4761904761984,166.85714285714286,1288.4053724053656,62.0,68.0,93.0,17.0,-3.7142857142857144,7320.830687830635,23.35714285714286,5810.999389499264,2,6,0,2,164,0.9749279121818236,-0.22252093395631434,0.49999999999999994,-0.8660254037844387,0.3312212278016865,-0.9435531242349544
2024-06-13,167.0,293.0,230.0,7544.0,259.0,240.85714285714283,20.791543792326248,-2.648686649469081,7548.0,7741.0,7563.0,212.0,238.0,190.0,274.0,282.0,339.0,266.0,326.0,406.0,152.0,179.0,167.0,7552.0,11788.703703559919,7566.714285714285,6870.202686266177,240.0,2761.0370370370515,235.5,2107.9444444444275,231.85714285714286,1594.7354497354256,262.07142857142856,3316.926129426095,158.85714285714286,689.4761904761971,164.71428571428572,1282.8009768009697,-29.0,62.0,44.0,149.0,-8.142857142857142,6458.735449735399,26.571428571428577,5911.63125763113,3,6,0,2,165,0.43388373911755823,-0.900968867902419,0.49999999999999994,-0.8660254037844387,0.31494162072895193,-0.9491110448902284
2024-06-14,179.33333333333334,300.3333333333333,231.0,7465.0,270.6666666666667,242.57142857142856,21.74184085920495,6.353397236033182,7544.0,7644.333333333333,7557.333333333333,259.0,262.6666666666667,228.66666666666663,230.0,243.33333333333331,333.3333333333333,293.0,313.6666666666667,380.6666666666667,167.0,158.0,164.33333333333334,7523.857142857143,4921.846560701396,7565.357142857143,6906.845543409077,243.0,2810.0370370370515,240.42857142857142,1965.015873015861,224.42857142857142,1111.878306878278,254.28571428571428,2875.536019535991,157.14285714285714,629.4761904761963,164.71428571428572,1282.8009768009697,-39.666666666666686,-29.0,-19.33333333333337,104.66666666666669,-18.571428571428573,5951.2116402115935,13.857142857142861,4822.114774114654,4,6,0,2,166,-0.433883739117558,-0.9009688679024191,0.49999999999999994,-0.8660254037844387,0.2985688173637202,-0.9543881083175908
2024-06-15,191.66666666666663,307.6666666666667,232.0,7386.0,282.3333333333333,250.85714285714283,22.02002024784352,9.456170228346965,7465.0,7547.666666666667,7551.666666666667,270.6666666666667,287.3333333333333,267.3333333333333,231.0,204.66666666666669,327.6666666666667,300.3333333333333,301.3333333333333,355.3333333333333,179.33333333333334,137.0,161.66666666666666,7498.2380952380945,2314.39682525044,7558.7619047619055,7629.785103848843,244.14285714285714,2871.624338624353,243.42857142857142,2015.0158730158641,222.66666666666666,1055.888888888859,246.97619047619045,2379.050671550649,160.19047619047618,700.5873015873088,165.78571428571428,1297.9932844932773,-50.333333333333314,-39.666666666666686,-82.66666666666663,60.33333333333337,-21.476190476190474,6015.439153439108,3.547619047619049,4293.6855921854785,5,6,1,2,167,-0.9749279121818236,-0.2225209339563146,0.49999999999999994,-0.8660254037844387,0.2821076626819194,-0.9593827529490743
2024-06-16,204.0,315.0,233.0,7307.0,294.0,248.85714285714283,22.28539483923852,22.857462303618647,7386.0,7451.0,7546.0,282.3333333333333,312.0,306.0,232.0,166.0,322.0,307.6666666666667,289.0,330.0,191.66666666666663,116.0,159.0,7475.142857142857,3384.476190328666,7546.928571428572,9771.01159957571,243.42857142857142,2803.211640211655,244.5,2086.252136752129,226.57142857142858,998.6190476190204,240.14285714285714,1845.1746031745859,168.0,704.9259259259362,167.92857142857142,1343.2680097680027,-61.0,-50.333333333333314,-146.0,16.0,-16.857142857142858,5505.291005290958,-4.357142857142857,4201.666056165946,6,6,1,2,168,-0.7818314824680299,0.6234898018587334,0.49999999999999994,-0.8660254037844387,0.26556302780405594,-0.9640935007889755
2024-06-17,159.0,310.0,272.0,7318.0,224.0,245.4285714285714,-24.992007839004494,3.5634364104331056,7307.0,7439.0,7596.0,294.0,212.0,224.0,233.0,229.0,257.0,315.0,334.0,244.0,204.0,184.0,109.0,7454.571428571428,7505.619047470519,7529.857142857143,13885.225885290532,240.85714285714286,2438.068783068797,243.64285714285714,1982.9993894993806,236.14285714285714,287.1428571428367,233.78571428571428,1290.147130647118,180.57142857142858,285.87830687832314,171.14285714285714,1426.097680097674,48.0,-61.0,17.0,33.0,-4.714285714285714,2878.386243386191,-9.857142857142858,4384.012210012104,0,6,0,2,169,0.0,1.0,0.49999999999999994,-0.8660254037844387,0.24893980855376657,-0.9685189578512204
2024-06-18,160.0,297.0,253.0,7340.0,214.0,243.14285714285717,-44.6268973503646,15.484040207507462,7318.0,7493.0,7565.0,224.0,156.0,203.0,272.0,224.0,176.0,310.0,352.0,356.0,159.0,186.0,260.0,7437.285714285715,10225.238095088736,7510.0,16576.632478697757,242.57142857142858,2343.211640211655,243.64285714285714,1982.9993894993806,242.28571428571428,448.90476190474556,234.85714285714286,1359.7899877899742,177.0,346.592592592607,174.71428571428572,1126.6471306471253,39.0,48.0,68.0,-27.0,-0.2857142857142857,3240.052910052856,-8.785714285714286,4498.984737484631,1,6,0,2,170,0.7818314824680298,0.6234898018587336,0.49999999999999994,-0.8660254037844387,0.23224292400907015,-0.9726578145718654
2024-06-19,204.0,321.0,246.0,7433.0,198.0,242.0,-17.219894549244145,-26.78010545075585,7340.0,7548.0,7691.0,214.0,212.0,198.0,253.0,274.0,291.0,297.0,266.0,345.0,160.0,152.0,173.0,7415.428571428572,10727.952380801991,7493.928571428572,18288.857753423545,250.85714285714286,1150.0687830687982,244.42857142857142,1922.8620268620189,246.42857142857142,392.28571428570075,240.35714285714286,1086.0592185592009,173.28571428571428,365.1640211640337,167.57142857142858,528.8449328449254,48.0,39.0,62.0,93.0,-4.428571428571429,2700.1005291004767,-4.071428571428571,4625.182539682431,2,6,0,2,171,0.9749279121818236,-0.22252093395631434,0.49999999999999994,-0.8660254037844387,0.21547731504673012,-0.976508846196619
2024-06-20,145.0,247.0,243.0,7431.0,235.0,242.0,20.791543792326248,-27.79154379232622,7433.0,7544.0,7741.0,198.0,259.0,238.0,246.0,230.0,282.0,321.0,293.0,326.0,204.0,167.0,179.0,7399.0,7535.333333182185,7475.5,15221.209401775779,248.85714285714286,1359.4021164021312,244.42857142857142,1922.8620268620189,242.42857142857142,246.95238095236456,237.14285714285714,880.0976800976648,180.71428571428572,382.49735449737074,169.78571428571428,623.3778998778931,8.0,48.0,-29.0,44.0,-6.428571428571429,2418.1005291004776,-7.285714285714286,4097.792429792323,3,6,0,2,172,0.43388373911755823,-0.900968867902419,0.49999999999999994,-0.8660254037844387,0.19864794288017112,-0.9800709131432666
2024-06-21,130.66666666666666,240.33333333333331,229.0,7369.666666666667,254.66666666666663,238.85714285714283,21.74184085920495,-5.932317049681124,7431.0,7465.0,7644.333333333333,235.0,270.6666666666667,262.6666666666667,243.0,231.0,243.33333333333331,247.0,300.3333333333333,313.6666666666667,145.0,179.33333333333334,158.0,7382.857142857143,3897.8095236576246,7453.357142857143,9423.187423754483,245.42857142857142,1360.5449735449877,244.21428571428572,1926.4719169719087,244.28571428571428,217.23809523808015,234.35714285714286,719.5976800976671,177.57142857142858,552.2116402116549,167.35714285714286,657.7515262515188,-25.66666666666663,8.0,-39.666666666666686,-19.33333333333337,-1.1428571428571428,2335.2910052909515,-9.857142857142858,3906.3199023197967,4,6,0,2,173,-0.433883739117558,-0.9009688679024191,0.49999999999999994,-0.8660254037844387,0.18175978759137534,-0.9833429613388902
2024-06-22,116.33333333333331,233.66666666666663,215.0,7308.333333333333,274.3333333333333,237.14285714285717,22.02002024784352,15.170455942632657,7369.666666666667,7386.0,7547.666666666667,254.66666666666663,282.3333333333333,287.3333333333333,229.0,232.0,204.66666666666669,240.33333333333331,307.6666666666667,301.3333333333333,130.66666666666666,191.66666666666663,137.0,7369.2380952380945,2585.841269688739,7433.738095238096,6741.917582485234,243.14285714285714,1262.513227513241,243.64285714285714,1908.332722832714,244.0,226.6666666666514,233.33333333333331,714.4786324786202,170.61904761904765,861.9788359788472,165.40476190476193,750.4645909645831,-59.333333333333314,-25.66666666666663,-50.333333333333314,-82.66666666666663,0.8571428571428653,2183.5132275131723,-10.309523809523805,3918.4181929180877,5,6,1,2,174,-0.9749279121818236,-0.2225209339563146,0.49999999999999994,-0.8660254037844387,0.16481784665719793,-0.9863240225317866
2024-06-23,102.0,227.0,201.0,7247.0,294.0,235.57142857142856,22.28539483923852,36.143176589332896,7308.333333333333,7307.0,7451.0,274.3333333333333,294.0,312.0,215.0,233.0,166.0,233.66666666666663,315.0,289.0,116.33333333333331,204.0,116.0,7358.142857142857,3013.6243384713075,7416.642857142857,6638.46947503764,241.99999999999997,1167.1481481481617,242.71428571428572,1833.023199023189,241.57142857142858,335.95238095236397,234.07142857142858,676.5329670329544,159.85714285714286,1144.1798941799004,163.92857142857142,871.2851037850955,-93.0,-59.333333333333314,-61.0,-146.0,-0.42857142857142044,2348.65608465603,-8.642857142857139,3697.563492063386,6,6,1,2,175,-0.7818314824680299,0.6234898018587334,0.49999999999999994,-0.8660254037844387,0.14782713347053048,-0.9890132145779883
2024-06-24,116.0,175.0,172.0,7239.0,202.0,240.28571428571428,-24.992007839004494,-13.293706446709784,7247.0,7318.0,7439.0,294.0,224.0,212.0,201.0,272.0,229.0,227.0,310.0,334.0,102.0,159.0,184.0,7349.571428571428,4550.767195613782,7402.071428571428,8532.755189323805,242.0,1167.1481481481617,241.42857142857142,1664.2979242979127,237.0,573.6666666666466,236.57142857142858,397.4945054944911,145.28571428571428,1129.6084656084645,162.92857142857142,988.5158730158647,-30.0,-93.0,48.0,17.0,-4.999999999999992,3141.037037036984,-4.857142857142853,2778.21733821723,0,6,0,2,176,0.0,1.0,0.49999999999999994,-0.8660254037844387,0.13079267585675922,-0.9914097417023038
2024-06-25,172.0,263.0,191.0,7239.0,202.0,242.42857142857144,-44.6268973503646,4.1983259217931845,7239.0,7340.0,7493.0,202.0,214.0,156.0,172.0,253.0,224.0,175.0,297.0,352.0,116.0,160.0,186.0,7338.285714285715,6273.71957656567,7387.785714285715,10253.63431020338,238.85714285714286,1368.291005291018,240.71428571428572,1716.7155067154943,222.71428571428572,835.5714285713993,232.5,695.9615384615269,139.14285714285714,1197.1798941798902,158.07142857142858,1098.3620268620173,-11.0,-30.0,39.0,68.0,-16.142857142857135,2632.1798941798465,-8.21428571428571,2777.95909645899,1,6,0,2,177,0.7818314824680298,0.6234898018587336,0.49999999999999994,-0.8660254037844387,0.11371951458594969,-0.9935128947338007
2024-06-26,132.0,235.0,197.0,7268.0,187.0,242.0,-17.219894549244145,-37.780105450755855,7239.0,7433.0,7548.0,202.0,198.0,212.0,191.0,246.0,274.0,263.0,321.0,266.0,172.0,204.0,152.0,7323.857142857143,7673.291005136467,7369.642857142857,10750.469475039135,237.14285714285714,1488.2910052910177,244.0,1268.3418803418708,213.85714285714286,758.8095238094888,230.14285714285714,816.9010989010889,140.85714285714286,1301.1798941798909,157.07142857142858,1052.2081807081709,10.0,-11.0,48.0,62.0,-23.285714285714278,2070.2751322750883,-13.857142857142852,2297.4481074480045,2,6,0,2,178,0.9749279121818236,-0.22252093395631434,0.49999999999999994,-0.8660254037844387,0.0966127018812031,-0.9953220513156602
2024-06-27,174.0,208.0,256.0,7248.0,268.0,239.0,20.791543792326248,8.20845620767378,7268.0,7431.0,7544.0,187.0,235.0,259.0,197.0,243.0,230.0,235.0,247.0,293.0,132.0,145.0,167.0,7300.285714285715,5559.719576563987,7349.642857142857,8667.392551962872,235.57142857142858,1649.1005291005413,242.21428571428572,1436.0616605616492,206.85714285714286,576.8095238094842,224.64285714285714,720.8626373626311,130.57142857142858,526.3227513227436,155.64285714285714,1096.3840048839945,-12.0,10.0,8.0,-29.0,-28.714285714285705,1373.608465608424,-17.571428571428566,1883.7338217337212,3,6,0,2,179,0.43388373911755823,-0.900968867902419,0.49999999999999994,-0.8660254037844387,0.07947729992362097,-0.9968366760893436
2024-06-28,157.0,215.33333333333331,226.33333333333331,7123.333333333333,269.6666666666667,242.8571428571429,21.74184085920495,5.067682950318876,7248.0,7369.666666666667,7465.0,268.0,254.66666666666663,270.6666666666667,256.0,229.0,231.0,208.0,240.33333333333331,300.3333333333333,174.0,130.66666666666666,179.33333333333334,7274.142857142857,2370.2910051342237,7328.5,6074.952991524004,240.28571428571428,1798.3862433862566,242.85714285714286,1465.0891330891225,208.71428571428572,757.5714285713902,226.5,790.5769230769157,134.71428571428572,785.941798941793,156.14285714285714,1112.1147741147638,-43.33333333333337,-12.0,-25.66666666666663,-39.666666666666686,-31.571428571428562,1185.9894179893777,-16.357142857142854,1874.4865689864675,4,6,0,2,180,-0.433883739117558,-0.9009688679024191,0.49999999999999994,-0.8660254037844387,0.062318379354325076,-0.998056320853012
2024-06-29,140.0,222.66666666666663,196.66666666666663,6998.666666666667,271.3333333333333,240.28571428571428,22.02002024784352,9.027598799775518,7123.333333333333,7308.333333333333,7386.0,269.6666666666667,274.3333333333333,282.3333333333333,226.33333333333331,215.0,232.0,215.33333333333331,233.66666666666663,307.6666666666667,157.0,116.33333333333331,191.66666666666663,7238.952380952382,3195.312169153811,7304.095238095238,7238.246642318462,242.42857142857142,1902.4338624338764,242.78571428571428,1460.8821733821628,208.33333333333334,740.5555555555169,226.16666666666669,788.9017094017022,138.47619047619045,849.4761904761862,154.54761904761904,1068.0616605616497,-74.66666666666669,-43.33333333333337,-59.333333333333314,-50.333333333333314,-34.095238095238095,1195.8042328041936,-16.619047619047617,1888.5958485957474,5,6,1,2,181,-0.9749279121818236,-0.2225209339563146,0.49999999999999994,-0.8660254037844387,0.04514101777397193,-0.9989806246941579
2024-06-30,123.0,230.0,167.0,6874.0,273.0,242.78571428571428,22.28539483923852,7.928890875047202,6998.666666666667,7247.0,7307.0,271.3333333333333,294.0,294.0,196.66666666666663,201.0,233.0,222.66666666666663,227.0,315.0,140.0,102.0,204.0,7194.714285714285,9732.71957655926,7276.428571428572,13073.785103857786,242.0,1871.8148148148287,242.0,1402.5982905982792,205.71428571428572,747.8306878306475,223.64285714285714,846.3669108669055,141.85714285714286,754.8095238095208,150.85714285714286,963.687423687412,-106.0,-74.66666666666669,-93.0,-61.0,-36.28571428571429,1358.3862433862057,-18.357142857142858,2057.1019536018534,6,6,1,2,182,-0.7818314824680299,0.6234898018587334,0.49999999999999994,-0.8660254037844387,0.02795029824021032,-0.999609314096404
2024-07-01,123.0,233.0,159.0,6825.0,229.0,236.64285714285717,-24.992007839004494,17.349150696147355,6874.0,7239.0,7318.0,273.0,202.0,224.0,167.0,172.0,272.0,230.0,175.0,310.0,123.0,116.0,159.0,7141.428571428572,23107.43386227121,7245.5,24429.329059902728,239.0,1570.8148148148282,240.5,1266.0982905982778,200.85714285714286,966.4021164020729,218.92857142857142,1062.498778998777,144.85714285714286,538.809523809522,145.07142857142858,770.0885225885092,-70.0,-106.0,-30.0,48.0,-38.14285714285715,1628.2910052909683,-21.571428571428573,2496.964590964493,0,7,0,3,183,0.0,1.0,1.2246467991473532e-16,-1.0,0.01075130776352193,-0.9999422030204416
2024-07-02,141.0,232.0,188.0,6823.0,184.0,229.6904761904762,-44.6268973503646,-1.063578840111603,6825.0,7239.0,7340.0,229.0,202.0,214.0,159.0,191.0,253.0,233.0,263.0,297.0,123.0,172.0,160.0,7082.285714285715,34127.71957655426,7210.285714285715,36291.12576320054,242.85714285714286,1341.957671957686,240.85714285714286,1255.1916971916846,199.0,1115.5925925925478,210.85714285714286,1051.9438339438377,145.85714285714286,478.4761904761892,142.5,785.5170940170799,4.0,-70.0,-11.0,39.0,-43.85714285714287,1748.2910052909708,-30.0,2228.547008546916,1,7,0,3,184,0.7818314824680298,0.6234898018587336,1.2246467991473532e-16,-1.0,-0.00645086419810515,-0.9999791929590823
2024-07-03,149.5,229.0,189.5,6806.5,204.5,221.9285714285714,-17.219894549244145,-0.2086768793272426,6823.0,7268.0,7433.0,184.0,187.0,198.0,188.0,197.0,246.0,232.0,235.0,321.0,141.0,132.0,204.0,7022.857142857143,37118.95767178969,7173.357142857143,45065.92246649844,240.28571428571428,1633.3862433862566,238.71428571428572,1443.4334554334407,198.57142857142858,1124.878306878262,206.21428571428572,932.300976800984,141.42857142857142,345.6190476190445,141.14285714285714,760.1489621489477,-15.0,4.0,10.0,48.0,-41.71428571428572,1944.719576719541,-32.5,1944.508547008456,2,7,0,3,185,0.9749279121818236,-0.22252093395631434,1.2246467991473532e-16,-1.0,-0.023651127245231586,-0.9997202729664083
2024-07-04,158.0,226.0,191.0,6790.0,225.0,213.35714285714283,20.791543792326248,-9.14868664946908,6806.5,7248.0,7431.0,204.5,268.0,235.0,189.5,256.0,243.0,229.0,208.0,247.0,149.5,174.0,145.0,6956.928571428572,29833.850528929655,7128.607142857143,48076.22054342296,242.78571428571428,1366.3029100529238,239.17857142857142,1405.7370268620127,197.5,1136.842592592547,202.17857142857142,814.4891636141739,143.92857142857142,334.36904761904566,137.25,445.27670940169367,-34.0,-15.0,-12.0,8.0,-45.28571428571429,1603.0529100528759,-37.0,1447.7777777776896,3,7,0,3,186,0.43388373911755823,-0.900968867902419,1.2246467991473532e-16,-1.0,-0.04084439154329611,-0.9991655196610109
2024-07-05,137.33333333333334,204.0,205.0,6726.333333333333,221.0,198.2142857142857,21.74184085920495,1.0438734265093288,6790.0,7123.333333333333,7369.666666666667,225.0,269.6666666666667,254.66666666666663,191.0,226.33333333333331,229.0,226.0,215.33333333333331,240.33333333333331,158.0,157.0,130.66666666666666,6891.5,15363.231481307688,7082.821428571428,47604.27548847935,236.64285714285714,1269.0410052910179,238.46428571428572,1419.3084554334405,188.21428571428572,472.9140211639701,198.46428571428572,681.0605921856052,141.64285714285714,210.55952380952087,138.17857142857142,472.84813797312256,-16.0,-34.0,-43.33333333333337,-25.66666666666663,-48.42857142857144,1428.1005291004965,-40.0,1283.0085470084607,4,7,0,3,187,-0.433883739117558,-0.9009688679024191,1.2246467991473532e-16,-1.0,-0.05802556932878035,-0.9983150972033183
2024-07-06,116.66666666666666,182.0,219.0,6662.666666666667,217.0,190.49999999999997,22.02002024784352,4.479979752156538,6726.333333333333,6998.666666666667,7308.333333333333,221.0,271.3333333333333,274.3333333333333,205.0,196.66666666666663,215.0,204.0,222.66666666666663,233.66666666666663,137.33333333333334,140.0,116.33333333333331,6834.785714285715,7199.525132098824,7036.869047619047,48776.65033585562,229.69047619047618,1071.6706349206459,236.05952380952382,1416.3487484737311,185.16666666666666,266.86111111105856,196.75,609.4561965812107,138.83333333333334,165.13888888888485,138.6547619047619,468.3182234432082,2.0,-16.0,-74.66666666666669,-59.333333333333314,-44.523809523809526,1581.2539682539336,-39.30952380952381,1310.9993894993027,5,7,1,3,188,-0.9749279121818236,-0.2225209339563146,1.2246467991473532e-16,-1.0,-0.07518957641475855,-0.9971692572470178
2024-07-07,96.0,160.0,233.0,6599.0,213.0,186.57142857142856,22.28539483923852,4.143176589332924,6662.666666666667,6874.0,7247.0,217.0,273.0,294.0,219.0,167.0,201.0,182.0,230.0,227.0,116.66666666666666,123.0,102.0,6786.785714285715,4972.858465429911,6990.75,51588.72970093643,221.92857142857142,739.2023809523903,231.96428571428572,1313.5477716727505,188.35714285714286,423.72619047613995,197.03571428571428,621.829822954837,135.5,233.84259259258727,138.67857142857142,467.18147130645605,20.0,2.0,-106.0,-93.0,-33.57142857142857,1650.6190476190077,-34.92857142857143,1390.7551892550998,6,7,1,3,189,-0.7818314824680299,0.6234898018587334,1.2246467991473532e-16,-1.0,-0.09233133369539122,-0.9957283388645872
2024-07-08,141.0,173.0,129.0,6617.0,123.0,182.57142857142856,-24.992007839004494,-34.57942073242406,6599.0,6825.0,7239.0,213.0,229.0,202.0,233.0,159.0,172.0,160.0,233.0,175.0,96.0,123.0,116.0,6747.5,7781.787036856705,6944.464285714285,56035.71871192691,213.35714285714286,232.0595238095311,226.17857142857142,1009.130189255162,197.78571428571428,576.154761904717,199.32142857142858,714.4891636141759,131.64285714285714,450.4854497354429,138.25,503.61004273502726,6.0,20.0,-70.0,-30.0,-15.571428571428571,876.6190476189994,-26.85714285714286,1293.2771672770732,0,7,0,3,190,0.0,1.0,1.2246467991473532e-16,-1.0,-0.10944576864891556,-0.993992768446958
2024-07-09,116.0,181.0,182.0,6651.0,130.0,181.04761904761904,-44.6268973503646,-6.420721697254436,6617.0,6823.0,7239.0,123.0,184.0,202.0,129.0,188.0,191.0,173.0,232.0,263.0,141.0,141.0,172.0,6717.785714285715,8589.025132093488,6900.035714285715,55485.48794269759,198.21428571428572,1284.4880952380988,220.53571428571428,1748.7785409035075,193.5,1092.583333333286,196.25,1027.302350427365,134.21428571428572,444.91402116401537,140.03571428571428,462.675976800962,52.0,6.0,4.0,-11.0,-4.714285714285714,322.90476190470855,-24.28571428571429,1368.4420024419067,1,7,0,3,191,0.7818314824680298,0.6234898018587336,1.2246467991473532e-16,-1.0,-0.12652781683868314,-0.9919630595773397
2024-07-10,150.0,157.0,201.0,6649.0,177.0,182.0,-17.219894549244145,12.219894549244144,6651.0,6806.5,7268.0,130.0,204.5,187.0,182.0,189.5,197.0,181.0,229.0,235.0,116.0,149.5,132.0,6693.214285714285,6783.025132092415,6858.035714285715,49518.25717346817,190.5,1956.916666666668,215.39285714285714,2324.3829365078977,192.64285714285714,1108.7261904761426,195.60714285714286,1040.3572954823105,130.64285714285714,477.6521164021092,136.03571428571428,411.2913614163451,24.0,52.0,-15.0,10.0,2.142857142857143,791.4761904761339,-19.78571428571429,1780.711233211135,2,7,0,3,192,0.9749279121818236,-0.22252093395631434,1.2246467991473532e-16,-1.0,-0.1435724234118113,-0.9896398128792412
2024-07-11,80.0,176.0,125.0,6640.0,197.0,185.42857142857144,20.791543792326248,-9.220115220897664,6649.0,6790.0,7248.0,177.0,225.0,268.0,201.0,191.0,256.0,157.0,226.0,208.0,150.0,158.0,174.0,6670.714285714285,4379.27513209145,6813.821428571428,37845.68574489818,186.57142857142858,1936.6190476190484,214.67857142857142,2375.207112332073,194.28571428571428,1115.5714285713818,195.89285714285714,1042.3572954823103,130.71428571428572,480.8306878306806,137.32142857142858,423.2583943833786,-72.0,24.0,-34.0,-12.0,7.714285714285714,785.9047619047025,-18.78571428571429,1858.8650793649806,3,7,0,3,193,0.43388373911755823,-0.900968867902419,1.2246467991473532e-16,-1.0,-0.16057454459499376,-0.9870237158387383
2024-07-12,92.0,180.0,138.0,6529.333333333333,210.33333333333331,192.28571428571428,21.74184085920495,-3.694221811585884,6640.0,6726.333333333333,7123.333333333333,197.0,221.0,269.6666666666667,125.0,205.0,226.33333333333331,176.0,204.0,215.33333333333331,80.0,137.33333333333334,157.0,6649.285714285715,1629.2751320905325,6770.392857142857,23637.86156907544,182.57142857142858,1689.9523809523807,209.60714285714286,2152.84447496943,184.85714285714286,1810.1428571428048,186.53571428571428,1056.7528998779214,119.57142857142857,640.544973544962,130.60714285714286,523.9726800976616,-72.33333333333331,-72.0,-16.0,-43.33333333333337,2.2857142857142856,1520.5714285713718,-23.071428571428577,2053.370573870478,4,7,0,3,194,-0.433883739117558,-0.9009688679024191,1.2246467991473532e-16,-1.0,-0.17752914918703497,-0.984115542601034
2024-07-13,104.0,184.0,151.0,6418.666666666667,223.66666666666663,198.42857142857144,22.02002024784352,3.218074990251722,6529.333333333333,6662.666666666667,6998.666666666667,210.33333333333331,217.0,271.3333333333333,138.0,219.0,196.66666666666663,180.0,182.0,222.66666666666663,92.0,116.66666666666666,140.0,6621.142857142857,2113.957671771903,6727.964285714285,16587.10332731862,181.04761904761907,1569.5714285714278,205.36904761904765,1856.0691391940895,175.28571428571428,2001.571428571371,180.22619047619045,1073.2547313797577,113.0952380952381,665.7301587301446,125.96428571428571,561.8298229548025,-72.66666666666663,-72.33333333333331,2.0,-74.66666666666669,-5.761904761904759,2317.2857142856606,-25.142857142857142,2203.841269841175,5,7,1,3,195,-0.9749279121818236,-0.2225209339563146,1.2246467991473532e-16,-1.0,-0.19443122004766195,-0.9809161537413774
2024-07-14,116.0,188.0,164.0,6308.0,237.0,199.8571428571429,22.28539483923852,14.857462303618618,6418.666666666667,6599.0,6874.0,223.66666666666663,213.0,273.0,151.0,233.0,167.0,184.0,160.0,230.0,104.0,96.0,123.0,6586.285714285715,7241.83068764339,6686.535714285715,16460.693070909674,182.0,1655.8148148148139,201.96428571428572,1534.6246947496415,165.57142857142858,1671.285714285651,176.96428571428572,1106.7101648351938,111.28571428571429,673.5714285714138,123.39285714285714,576.6649877899662,-73.0,-72.66666666666663,20.0,-106.0,-16.42857142857142,2920.5449735449242,-24.999999999999996,2188.888888888793,6,7,1,3,196,-0.7818314824680299,0.6234898018587334,1.2246467991473532e-16,-1.0,-0.2112757555821793,-0.9774264960104055
2024-07-15,105.0,185.0,158.0,6283.0,171.0,201.1071428571429,-24.992007839004494,-5.115135018138368,6308.0,6617.0,6825.0,237.0,123.0,229.0,164.0,129.0,159.0,188.0,173.0,233.0,116.0,141.0,123.0,6544.714285714285,18105.83068764159,6646.107142857143,23019.45131266926,185.42857142857142,1986.1005291005292,199.39285714285714,1233.7675518924962,155.71428571428572,800.5714285713598,176.75,1111.9519230769524,114.14285714285714,628.8095238095101,122.89285714285714,580.588064713043,-13.0,-73.0,6.0,-70.0,-29.714285714285705,3026.8306878306453,-22.64285714285714,1855.4438339437368,0,7,0,3,197,0.0,1.0,1.2246467991473532e-16,-1.0,-0.2280577712215198,-0.9736476020539838
2024-07-16,136.0,246.0,123.0,6239.0,173.0,203.13095238095235,-44.6268973503646,14.49594496941225,6283.0,6651.0,6823.0,171.0,130.0,184.0,158.0,182.0,188.0,185.0,181.0,232.0,105.0,116.0,141.0,6497.0,25994.59259240145,6607.392857142857,29085.682081901316,192.28571428571428,1316.3862433862453,195.25,1209.8664529913929,159.85714285714286,662.4761904761241,176.67857142857142,1114.7541208791502,109.0,491.66666666665105,121.60714285714286,603.4342185591962,-50.0,-13.0,52.0,4.0,-32.42857142857142,2852.211640211599,-18.571428571428566,1672.2295482294487,1,7,0,3,198,0.7818314824680298,0.6234898018587336,1.2246467991473532e-16,-1.0,-0.24477230089725957,-0.9695805901076308
2024-07-17,128.0,228.0,177.0,6228.0,187.0,205.9285714285714,-17.219894549244145,-1.7086768793272429,6239.0,6649.0,6806.5,173.0,177.0,204.5,123.0,201.0,189.5,246.0,157.0,229.0,136.0,150.0,149.5,6438.142857142857,29094.402116208465,6565.678571428572,34075.352411573025,198.42857142857142,687.7671957671996,194.46428571428572,1237.5477716727107,151.42857142857142,724.2857142856429,172.03571428571428,1303.325549450582,111.85714285714286,595.4761904761759,121.25,590.302350427328,-10.0,-50.0,24.0,-15.0,-46.99999999999999,1467.9259259258922,-22.428571428571423,1692.9987789986817,2,7,0,3,199,0.9749279121818236,-0.22252093395631434,1.2246467991473532e-16,-1.0,-0.2614143985111562,-0.965226663665613
2024-07-18,118.5,220.0,184.0,6185.5,205.75,209.5,20.791543792326248,-24.54154379232622,6228.0,6640.0,6790.0,187.0,197.0,225.0,177.0,125.0,191.0,228.0,176.0,226.0,128.0,80.0,158.0,6378.0,24824.25925906298,6524.357142857143,36546.691697288705,199.85714285714286,630.624338624343,193.21428571428572,1232.4035409034789,148.0,409.99999999992673,171.14285714285714,1280.9010989011322,108.71428571428571,384.9047619047462,119.71428571428571,529.8778998778766,-21.75,-10.0,-72.0,-34.0,-51.85714285714285,828.4021164020851,-22.071428571428566,1700.4987789986817,3,7,0,3,200,0.43388373911755823,-0.900968867902419,1.2246467991473532e-16,-1.0,-0.2779791393987801,-0.9605871111248129
2024-07-19,109.0,212.0,191.0,6143.0,224.5,218.5,21.74184085920495,-15.74184085920492,6185.5,6529.333333333333,6726.333333333333,205.75,210.33333333333331,221.0,184.0,138.0,205.0,220.0,180.0,204.0,118.5,92.0,137.33333333333334,6313.071428571428,14641.294973345808,6481.178571428572,37943.35241157586,201.10714285714286,633.2285052910099,191.83928571428572,1164.737675518862,156.42857142857142,454.9523809523123,170.64285714285714,1263.0164835165172,114.21428571428571,228.1547619047484,116.89285714285714,408.66498778996333,-33.5,-21.75,-72.33333333333331,-16.0,-44.67857142857142,851.7324735449384,-21.196428571428566,1688.7367597679117,4,7,0,3,201,-0.433883739117558,-0.9009688679024191,1.2246467991473532e-16,-1.0,-0.2944616217868012,-0.9556633054034704
2024-07-20,99.5,204.0,198.0,6100.5,243.25,218.07142857142853,22.02002024784352,3.1585511807279545,6143.0,6418.666666666667,6662.666666666667,224.5,223.66666666666663,217.0,191.0,151.0,219.0,212.0,184.0,182.0,109.0,104.0,116.66666666666666,6257.880952380952,8113.4880950364895,6439.5119047619055,40247.83959106449,203.13095238095235,705.4672619047673,192.08928571428572,1181.3145985957854,164.0,530.6666666666024,169.64285714285714,1203.0164835165178,116.64285714285714,143.55952380951132,114.8690476190476,376.90674603172073,-45.25,-33.5,-72.66666666666663,2.0,-39.13095238095237,709.1894841269464,-22.446428571428566,1696.6213751525281,5,7,1,3,202,-0.9749279121818236,-0.2225209339563146,1.2246467991473532e-16,-1.0,-0.3108569682435036,-0.9504567035349151
2024-07-21,90.0,196.0,205.0,6058.0,262.0,216.6428571428571,22.28539483923852,23.07174801790437,6100.5,6308.0,6599.0,243.25,237.0,213.0,198.0,164.0,233.0,204.0,188.0,160.0,99.5,116.0,96.0,6212.428571428572,5522.7023807487385,6399.357142857143,43521.48229558361,205.92857142857142,894.3065476190541,193.96428571428572,1331.1343101342488,170.71428571428572,642.5714285713683,168.14285714285714,1075.0549450549804,116.0,165.41666666665392,113.64285714285714,393.20879120876543,-57.0,-45.25,-73.0,20.0,-35.214285714285715,510.0922619047226,-25.821428571428566,1678.3833943832992,6,7,1,3,203,-0.7818314824680299,0.6234898018587334,1.2246467991473532e-16,-1.0,-0.3271603271220951,-0.9449688462364056
2024-07-22,102.0,189.0,155.0,6002.0,234.0,214.9642857142857,-24.992007839004494,44.0277221247188,6058.0,6283.0,6617.0,262.0,171.0,123.0,205.0,158.0,129.0,196.0,185.0,173.0,90.0,105.0,141.0,6176.714285714285,6486.988095032892,6360.714285714285,47810.839438442155,209.5,1242.5208333333408,197.46428571428572,1646.1343101342522,176.57142857142858,790.9523809523243,166.14285714285714,851.6703296703664,112.28571428571429,261.98809523808103,113.21428571428571,412.06593406590815,-79.0,-57.0,-13.0,6.0,-32.92857142857143,345.1398809523405,-31.321428571428566,1559.0757020756103,0,7,0,3,204,0.0,1.0,1.2246467991473532e-16,-1.0,-0.34336687399638804,-0.939201357453208
2024-07-23,120.0,257.0,126.0,5965.0,170.0,211.22619047619045,-44.6268973503646,3.400706874174148,6002.0,6239.0,6651.0,234.0,173.0,130.0,155.0,123.0,182.0,189.0,246.0,181.0,102.0,136.0,116.0,6136.571428571428,7811.702380745439,6316.785714285715,50578.339438443756,218.5,1001.020833333343,205.39285714285714,1254.58485958481,176.14285714285714,810.8095238094669,168.0,751.3846153846506,111.85714285714286,270.55952380950947,110.42857142857143,353.99450549447835,-44.0,-79.0,-50.0,52.0,-42.357142857142854,528.997023809488,-37.392857142857146,1587.0976800975923,1,7,0,3,205,0.7818314824680298,0.6234898018587336,1.2246467991473532e-16,-1.0,-0.3594718130884232,-0.9331559438780432
2024-07-24,137.0,272.0,166.0,5927.0,177.0,205.42857142857144,-17.219894549244145,-11.2086768793273,5965.0,6228.0,6649.0,170.0,187.0,177.0,126.0,177.0,201.0,257.0,228.0,157.0,120.0,128.0,150.0,6097.428571428572,9181.70238074373,6267.785714285715,48919.87789998398,218.07142857142858,1047.8065476190575,208.25,904.9145299144833,176.57142857142858,758.9523809523242,164.0,854.7692307692689,109.57142857142857,178.36904761903236,110.71428571428571,358.5659340659071,-11.0,-44.0,-10.0,24.0,-41.5,518.8541666666305,-44.25,925.1196581195744,2,7,0,3,206,0.9749279121818236,-0.22252093395631434,1.2246467991473532e-16,-1.0,-0.3754703786876202,-0.9268343944460494
2024-07-25,93.0,198.0,208.0,5954.0,194.0,197.57142857142856,20.791543792326248,-24.362972363754803,5927.0,6185.5,6640.0,177.0,205.75,197.0,166.0,184.0,125.0,272.0,220.0,176.0,137.0,118.5,80.0,6054.428571428572,9024.03571407515,6216.214285714285,43810.33943844737,216.64285714285714,1165.6636904762,208.25,904.9145299144833,175.0,774.6666666666088,161.5,743.0384615385017,110.85714285714286,245.22619047617567,109.78571428571429,292.0659340659067,14.0,-11.0,-21.75,-72.0,-41.642857142857146,508.49702380948776,-46.75,645.1196581195759,3,7,0,3,207,0.43388373911755823,-0.900968867902419,1.2246467991473532e-16,-1.0,-0.3913578365610259,-0.9202385798054075
2024-07-26,112.66666666666669,228.66666666666663,205.0,5883.666666666667,198.33333333333331,187.4285714285714,21.74184085920495,-10.837078954442994,5954.0,6143.0,6529.333333333333,194.0,224.5,210.33333333333331,208.0,191.0,138.0,198.0,212.0,180.0,93.0,109.0,92.0,6021.357142857143,6565.726190264163,6167.214285714285,32698.647130756854,214.96428571428572,1228.0505952381043,208.03571428571428,910.7496947496479,178.42857142857142,928.9523809523254,167.42857142857142,769.0329670330029,107.21428571428571,273.15476190474584,110.71428571428571,244.56593406590707,6.666666666666686,14.0,-33.5,-72.33333333333331,-36.535714285714285,928.1339285713899,-40.607142857142854,839.3284493283633,4,7,0,3,208,-0.433883739117558,-0.9009688679024191,1.2246467991473532e-16,-1.0,-0.4071294853542516,-0.9133704517637858
2024-07-27,132.33333333333334,259.3333333333333,202.0,5813.333333333333,202.66666666666663,176.28571428571425,22.02002024784352,4.360932133108889,5883.666666666667,6100.5,6418.666666666667,198.33333333333331,243.25,223.66666666666663,205.0,198.0,151.0,228.66666666666663,204.0,184.0,112.66666666666669,99.5,104.0,5984.309523809524,5658.059523595847,6121.0952380952385,26505.686813298227,211.22619047619045,1242.6914682539766,207.17857142857142,916.793650793603,180.42857142857142,1015.6190476189935,172.21428571428572,786.3351648351974,107.73809523809523,277.25793650792065,112.19047619047619,215.5720390720127,-0.6666666666666288,6.666666666666686,-45.25,-72.66666666666663,-30.797619047619044,1199.2589285713873,-34.96428571428571,899.5189255188361,5,7,1,3,209,-0.9749279121818236,-0.2225209339563146,1.2246467991473532e-16,-1.0,-0.4227806579826773,-0.9062320427107697
2024-07-28,152.0,290.0,199.0,5743.0,207.0,173.0,22.28539483923852,11.71460516076148,5813.333333333333,6058.0,6308.0,202.66666666666663,262.0,237.0,202.0,205.0,164.0,259.3333333333333,196.0,188.0,132.33333333333334,90.0,116.0,5943.285714285715,6316.719576504111,6077.857142857143,24966.85409046706,205.42857142857142,1044.767195767203,205.67857142857142,895.0244200243708,181.0,1041.3333333332794,175.85714285714286,805.6703296703597,112.42857142857144,341.10052910051496,114.21428571428571,237.21123321120768,-8.0,-0.6666666666666288,-57.0,-73.0,-24.42857142857142,1268.4338624338181,-29.821428571428566,852.1782661781739,6,7,1,3,210,-0.7818314824680299,0.6234898018587334,1.2246467991473532e-16,-1.0,-0.4383067230125192,-0.898825465016444
2024-07-29,114.0,210.0,219.0,5819.0,163.0,169.42857142857142,-24.992007839004494,18.56343641043308,5743.0,6002.0,6283.0,207.0,234.0,171.0,199.0,155.0,158.0,290.0,189.0,185.0,152.0,102.0,105.0,5898.285714285715,8446.719576502159,6037.5,27763.914530028935,197.57142857142858,439.7671957672018,203.53571428571428,814.7496947496434,180.14285714285714,998.4761904761359,178.35714285714286,829.324175824204,121.28571428571429,426.7195767195658,116.78571428571429,339.6727716727472,56.0,-8.0,-79.0,-13.0,-17.42857142857142,1079.4338624338143,-25.178571428571423,722.178266178171,0,7,0,3,211,0.0,1.0,1.2246467991473532e-16,-1.0,-0.45370308603134424,-0.8911529104063088
2024-07-30,125.0,203.0,208.0,5930.0,92.0,165.28571428571428,-44.6268973503646,-28.65881693534968,5819.0,5965.0,6239.0,163.0,170.0,173.0,219.0,126.0,123.0,210.0,257.0,246.0,114.0,120.0,136.0,5872.142857142857,6904.2910050724495,6004.357142857143,25617.27716739274,187.42857142857142,297.7671957672001,202.96428571428572,859.3650793650274,189.28571428571428,1047.238095238047,182.71428571428572,904.0659340659591,123.0,370.1481481481378,117.42857142857143,329.13980463978044,116.0,56.0,-44.0,-50.0,1.8571428571428652,912.2910052909468,-20.249999999999996,1191.5299145298163,1,7,0,3,212,0.7818314824680298,0.6234898018587336,1.2246467991473532e-16,-1.0,-0.46896519100763184,-0.8832166493127127
2024-07-31,140.0,261.0,163.0,5963.0,154.0,160.57142857142856,-17.219894549244145,10.64846597781559,5930.0,5927.0,6228.0,92.0,177.0,187.0,208.0,166.0,177.0,203.0,272.0,228.0,125.0,137.0,128.0,5867.142857142857,5995.957671738902,5982.285714285715,21282.788156404527,176.28571428571428,1620.052910052913,197.17857142857142,1701.4090354089776,201.0,277.99999999995947,188.78571428571428,639.2582417582624,123.71428571428571,368.71957671956665,116.64285714285714,306.3540903540658,9.0,116.0,-11.0,-10.0,24.714285714285722,2123.7195767195058,-8.392857142857139,2400.0463980462923,2,7,0,3,213,0.9749279121818236,-0.22252093395631434,1.2246467991473532e-16,-1.0,-0.48408852163897587,-0.8750190302029955
2024-08-01,227.0,298.0,212.0,6016.0,169.0,155.28571428571428,20.791543792326248,-7.077258078040526,5963.0,5954.0,6185.5,154.0,194.0,205.75,163.0,208.0,184.0,261.0,198.0,220.0,140.0,93.0,118.5,5872.285714285715,6899.3862431677,5963.357142857143,16281.277167394222,173.0,1690.1481481481505,194.82142857142858,1830.870573870514,200.57142857142858,314.2857142856736,187.78571428571428,678.6428571428786,124.14285714285714,383.2910052909953,117.5,337.60683760681343,43.0,9.0,14.0,-21.75,27.57142857142858,1942.7671957671234,-7.035714285714282,2421.1343101342036,3,8,0,3,214,0.43388373911755823,-0.900968867902419,-0.4999999999999997,-0.8660254037844388,-0.4990686026885319,-0.8665624788845385
2024-08-02,172.33333333333331,254.3333333333333,189.0,5991.666666666667,169.33333333333334,153.4285714285714,21.74184085920495,-5.837078954442994,6016.0,5883.666666666667,6143.0,169.0,198.33333333333331,224.5,212.0,205.0,191.0,298.0,228.66666666666663,212.0,227.0,112.66666666666669,109.0,5881.142857142857,9137.291005072839,5951.25,12540.635683878176,169.42857142857142,1604.4338624338645,192.19642857142858,1865.5508623320495,201.14285714285714,326.47619047615007,189.78571428571428,718.3351648351849,143.28571428571428,1557.3862433862396,125.25,1195.1741452991248,19.666666666666657,43.0,6.666666666666686,-33.5,31.714285714285722,1931.719576719502,-2.4107142857142816,2574.0261370572775,4,8,0,3,215,-0.433883739117558,-0.9009688679024191,-0.4999999999999997,-0.8660254037844388,-0.5139010013093103,-0.8578494977869301
2024-08-03,117.66666666666666,210.66666666666663,166.0,5967.333333333333,169.66666666666666,160.7142857142857,22.02002024784352,-13.067639295462527,5991.666666666667,5813.333333333333,6100.5,169.33333333333334,202.66666666666663,243.25,189.0,202.0,198.0,254.3333333333333,259.3333333333333,204.0,172.33333333333331,132.33333333333334,99.5,5896.571428571428,10894.433862216365,5940.440476190476,9712.14362038649,165.28571428571428,1445.164021164023,188.25595238095235,1808.7675900487734,198.85714285714286,342.4761904761486,189.64285714285714,718.2472527472729,151.80952380952382,1456.9947089947082,129.77380952380955,1323.3487484737298,-3.666666666666657,19.666666666666657,-0.6666666666666288,-45.25,33.57142857142858,1847.322751322676,1.3869047619047652,2521.638469169607,5,8,1,3,216,-0.9749279121818236,-0.2225209339563146,-0.4999999999999997,-0.8660254037844388,-0.5285813283559292,-0.8488826652214553
2024-08-04,63.0,167.0,143.0,5943.0,170.0,163.57142857142856,22.28539483923852,-15.856823410667076,5967.333333333333,5743.0,6058.0,169.66666666666666,207.0,262.0,166.0,199.0,205.0,210.66666666666663,290.0,196.0,117.66666666666666,152.0,90.0,5918.571428571428,10009.544973328395,5930.928571428572,7699.644078262281,160.57142857142858,1189.5449735449754,183.0,1572.9572649571928,193.71428571428572,489.9047619047167,187.35714285714286,750.2472527472746,149.71428571428572,1582.9417989417977,131.07142857142858,1262.3107448107269,-27.0,-3.666666666666657,-8.0,-57.0,33.142857142857146,1882.846560846486,4.357142857142861,2346.7942612941474,6,8,1,3,217,-0.7818314824680299,0.6234898018587334,-0.4999999999999997,-0.8660254037844388,-0.5431052396834317,-0.8396646346181327
2024-08-05,172.0,259.0,138.0,5950.0,150.0,164.28571428571428,-24.992007839004494,10.706293553290216,5943.0,5819.0,6002.0,170.0,163.0,234.0,143.0,219.0,155.0,167.0,210.0,189.0,63.0,114.0,102.0,5947.142857142857,4019.0687828534215,5922.714285714285,6396.100122218601,155.28571428571428,812.4973544973559,176.42857142857142,1059.3748473747683,185.71428571428572,839.2380952380448,182.92857142857142,856.5329670329921,137.0,2646.7037037036976,129.14285714285714,1484.98656898655,-12.0,-27.0,56.0,-79.0,30.428571428571427,2194.9894179893445,6.500000000000004,2127.893162393047,0,8,0,3,218,0.0,1.0,-0.4999999999999997,-0.8660254037844388,-0.5574684374327892,-0.8301981337405212
2024-08-06,163.0,283.0,200.0,5998.0,143.0,168.52380952380952,-44.6268973503646,19.103087826555083,5950.0,5930.0,5965.0,150.0,92.0,170.0,138.0,208.0,126.0,259.0,203.0,257.0,172.0,125.0,120.0,5965.857142857143,875.0687828542319,5919.0,5954.957265075872,153.42857142857142,803.2116402116413,170.42857142857142,819.3748473747618,174.14285714285714,877.8095238094658,181.71428571428572,950.2197802198062,145.28571428571428,2682.6084656084627,134.14285714285714,1542.67887667886,57.0,-12.0,116.0,-44.0,20.714285714285715,2275.94179894173,11.28571428571429,1567.2283272282089,1,8,0,3,219,0.7818314824680298,0.6234898018587336,-0.4999999999999997,-0.8660254037844388,-0.5716666713027052,-0.8204859638785327
2024-08-07,135.0,273.0,207.0,6038.0,174.0,176.28571428571428,-17.219894549244145,14.934180263529868,5998.0,5963.0,5927.0,143.0,154.0,177.0,200.0,163.0,166.0,283.0,261.0,272.0,163.0,140.0,137.0,5975.571428571428,722.878306664186,5921.357142857143,6266.281440899961,160.71428571428572,130.49735449735638,168.5,873.2264957264082,173.0,796.6666666666079,187.0,707.0769230769451,150.71428571428572,2631.941798941798,137.21428571428572,1581.1898656898506,33.0,57.0,9.0,-11.0,12.285714285714286,899.2751322750682,18.500000000000004,1436.8162393161163,2,8,0,3,220,0.9749279121818236,-0.22252093395631434,-0.4999999999999997,-0.8660254037844388,-0.5856957398073508,-0.8105309990194823
2024-08-08,119.0,230.0,213.0,6084.0,174.0,187.57142857142856,20.791543792326248,-34.36297236375481,6038.0,6016.0,5954.0,174.0,169.0,194.0,207.0,212.0,208.0,273.0,298.0,198.0,135.0,227.0,93.0,5986.285714285715,1212.1640209503848,5929.285714285715,7242.715506833754,163.57142857142858,142.87830687830888,168.28571428571428,869.9462759461883,179.28571428571428,926.5714285713739,189.92857142857142,694.6868131868331,150.0,2653.370370370369,137.07142857142858,1581.5415140414989,39.0,33.0,43.0,14.0,15.714285714285714,955.2751322750665,21.642857142857146,1375.409645909521,3,8,0,3,221,0.43388373911755823,-0.900968867902419,-0.4999999999999997,-0.8660254037844388,-0.5995514915196489,-0.8003361849976323
2024-08-09,111.0,223.66666666666663,188.66666666666663,6020.666666666667,199.0,187.28571428571425,21.74184085920495,-10.027555144919198,6084.0,5991.666666666667,5883.666666666667,174.0,169.33333333333334,198.33333333333331,213.0,189.0,205.0,230.0,254.3333333333333,228.66666666666663,119.0,172.33333333333331,112.66666666666669,5996.0,2546.259259046076,5938.571428571428,8944.144078262003,164.28571428571428,155.4973544973565,166.85714285714286,819.3968253967362,179.42857142857142,937.619047618993,190.28571428571428,710.373626373646,134.57142857142858,1547.6560846560772,138.92857142857142,1453.5415140414998,-10.333333333333371,39.0,19.666666666666657,6.666666666666686,15.142857142857142,921.1798941798288,23.428571428571434,1390.6568986567727,4,8,0,3,222,-0.433883739117558,-0.9009688679024191,-0.4999999999999997,-0.8660254037844388,-0.6132298262997502,-0.7899045386224707
2024-08-10,103.0,217.33333333333331,164.33333333333331,5957.333333333333,224.0,184.42857142857144,22.02002024784352,17.551408323585036,6020.666666666667,5967.333333333333,5813.333333333333,199.0,169.66666666666666,202.66666666666663,188.66666666666663,166.0,202.0,223.66666666666663,210.66666666666663,259.3333333333333,111.0,117.66666666666666,132.33333333333334,6000.142857142857,2624.5132273002405,5948.357142857143,9127.563492181078,168.52380952380955,331.1428571428592,166.90476190476193,822.6568986568096,179.38095238095235,936.5714285713738,189.11904761904765,692.4548229548434,125.80952380952382,1313.031746031735,138.8095238095238,1460.4737484737343,-59.666666666666686,-10.333333333333371,-3.666666666666657,-0.6666666666666288,10.857142857142852,1004.5132275131647,22.214285714285715,1455.1385836384588,5,8,1,3,223,-0.9749279121818236,-0.2225209339563146,-0.4999999999999997,-0.8660254037844388,-0.6267266965083301,-0.7792391467859886
2024-08-11,95.0,211.0,140.0,5894.0,249.0,185.0,22.28539483923852,41.71460516076151,5957.333333333333,5943.0,5743.0,224.0,170.0,207.0,164.33333333333331,143.0,199.0,217.33333333333331,167.0,290.0,103.0,63.0,152.0,5998.714285714285,2748.1640209509665,5958.642857142857,7617.409646026853,176.28571428571428,773.5714285714308,168.42857142857142,972.5372405371533,179.14285714285714,944.4021164020616,186.42857142857142,719.1526251526474,123.71428571428571,1383.5714285714168,136.71428571428572,1551.1599511599359,-109.0,-59.666666666666686,-27.0,-8.0,2.857142857142849,1723.6243386242804,17.999999999999996,1911.4700854699634,6,8,1,3,224,-0.7818314824680299,0.6234898018587334,-0.4999999999999997,-0.8660254037844388,-0.6400381082043503,-0.7683431655492202
2024-08-12,109.0,219.0,155.0,5903.0,148.0,191.57142857142856,-24.992007839004494,-18.57942073242406,5894.0,5950.0,5819.0,249.0,150.0,163.0,140.0,138.0,219.0,211.0,259.0,210.0,95.0,172.0,114.0,5991.714285714285,4001.1640209506345,5969.428571428572,4236.503052619865,187.57142857142858,1499.6190476190504,171.42857142857142,1347.7680097679256,178.71428571428572,981.8306878306329,182.21428571428572,853.6855921856175,128.28571428571428,882.2380952380854,132.64285714285714,1649.1874236874064,7.0,-109.0,-12.0,56.0,-8.857142857142865,3500.2910052909533,10.785714285714281,3044.112942612825,0,8,0,3,225,0.0,1.0,-0.4999999999999997,-0.8660254037844388,-0.65316012232693,-0.7572198192083127
2024-08-13,162.0,239.0,189.0,5981.0,123.0,192.57142857142853,-44.6268973503646,-24.94453122106393,5903.0,5998.0,5930.0,148.0,143.0,92.0,155.0,200.0,208.0,219.0,283.0,203.0,109.0,163.0,125.0,5985.0,4970.2592590455415,5975.428571428572,2796.503052619638,187.28571428571428,1525.2380952380981,170.35714285714286,1383.2899877899024,181.14285714285714,792.4021164020629,177.64285714285714,784.0592185592473,119.28571428571429,531.2380952380823,132.28571428571428,1665.3137973137798,66.0,7.0,57.0,116.0,-6.142857142857151,3531.957671957618,7.285714285714282,2874.7667887666735,1,8,0,3,226,0.7818314824680298,0.6234898018587336,-0.4999999999999997,-0.8660254037844388,-0.666088855860977,-0.7458723993404063
2024-08-14,109.0,226.0,191.0,5987.0,178.0,188.0,-17.219894549244145,7.219894549244174,5981.0,6038.0,5963.0,123.0,174.0,154.0,189.0,207.0,163.0,239.0,273.0,261.0,162.0,135.0,140.0,5982.571428571428,4937.878306664469,5979.071428571428,2625.849206465656,184.42857142857142,1877.6190476190504,172.57142857142858,1078.229548229465,179.57142857142858,740.5449735449192,176.28571428571428,721.1086691086987,119.14285714285714,516.8095238095108,134.92857142857142,1721.626984126968,13.0,66.0,33.0,9.0,-4.857142857142866,3732.957671957618,3.7142857142857104,2217.0744810743677,2,8,0,3,227,0.9749279121818236,-0.22252093395631434,-0.4999999999999997,-0.8660254037844388,-0.6788204829862355,-0.734304263829602
2024-08-15,124.0,241.0,156.0,5895.0,220.0,177.85714285714283,20.791543792326248,21.35131335053092,5987.0,6084.0,6016.0,178.0,174.0,169.0,191.0,213.0,212.0,226.0,230.0,298.0,109.0,119.0,227.0,5975.285714285715,4367.164020949825,5980.785714285715,2607.6514042677913,185.0,1866.0000000000027,174.28571428571428,1050.8009768008956,177.28571428571428,630.8306878306322,178.28571428571428,719.8778998779281,115.42857142857143,475.9523809523667,132.71428571428572,1766.083028083011,-64.0,13.0,39.0,43.0,-7.714285714285722,3537.7195767195244,3.999999999999996,2221.470085469972,3,8,0,3,228,0.43388373911755823,-0.900968867902419,-0.4999999999999997,-0.8660254037844388,-0.6913512362094071,-0.722518835873311
2024-08-16,111.33333333333331,242.0,182.33333333333331,5870.333333333333,206.0,179.28571428571428,21.74184085920495,4.972444855080774,5895.0,6020.666666666667,5991.666666666667,220.0,199.0,169.33333333333334,156.0,188.66666666666663,189.0,241.0,223.66666666666663,254.3333333333333,124.0,111.0,172.33333333333331,5948.285714285715,2621.1640209484704,5972.142857142857,2997.9096460263463,191.57142857142858,1999.6190476190504,177.92857142857142,1195.1141636140858,169.14285714285714,416.4021164020564,174.28571428571428,653.4163614163924,116.14285714285714,485.47619047617644,125.35714285714286,1029.8028083027878,-23.666666666666686,-64.0,-10.333333333333371,19.666666666666657,-22.428571428571438,3449.433862433818,-3.642857142857147,2397.255799755691,4,8,0,3,229,-0.433883739117558,-0.9009688679024191,-0.4999999999999997,-0.8660254037844388,-0.7036774074790128,-0.7105196029692745
2024-08-17,98.66666666666666,243.0,208.66666666666669,5845.666666666667,192.0,177.71428571428572,22.02002024784352,-7.734305962129241,5870.333333333333,5957.333333333333,5967.333333333333,206.0,224.0,169.66666666666666,182.33333333333331,164.33333333333331,166.0,242.0,217.33333333333331,210.66666666666663,111.33333333333331,103.0,117.66666666666666,5926.809523809525,2222.661375444744,5963.47619047619,3685.020757137773,192.57142857142858,2023.9523809523837,180.54761904761907,1242.6599511598758,168.2380952380952,380.91534391528353,173.80952380952382,641.4993894994207,116.19047619047618,484.9206349206209,121.0,854.7350427350204,16.666666666666686,-23.666666666666686,-59.666666666666686,-3.666666666666657,-24.33333333333334,3421.0740740740307,-6.738095238095243,2375.9859584858514,5,8,1,3,230,-0.9749279121818236,-0.2225209339563146,-0.4999999999999997,-0.8660254037844388,-0.7157953492826642,-0.6983101158835584
2024-08-18,86.0,244.0,235.0,5821.0,178.0,174.57142857142856,22.28539483923852,-18.85682341066708,5845.666666666667,5894.0,5943.0,192.0,249.0,170.0,208.66666666666669,140.0,143.0,243.0,211.0,167.0,98.66666666666666,95.0,63.0,5910.857142857143,2867.846560629123,5954.785714285715,4670.164224781552,188.0,1835.0000000000027,182.14285714285714,1240.9010989010253,174.57142857142858,603.9894179893611,176.85714285714286,720.2686202686496,115.57142857142856,506.6560846560705,119.64285714285714,890.2643467643239,57.0,16.666666666666686,-109.0,-27.0,-13.428571428571429,3354.433862433814,-5.28571428571429,2415.1257631256553,6,8,1,3,231,-0.7818314824680299,0.6234898018587334,-0.4999999999999997,-0.8660254037844388,-0.7277014757264236,-0.6858939875998223
2024-08-19,176.0,254.0,162.0,5865.0,158.0,167.57142857142856,-24.992007839004494,15.420579267575938,5821.0,5903.0,5950.0,178.0,148.0,150.0,235.0,155.0,138.0,244.0,219.0,259.0,86.0,109.0,172.0,5900.428571428572,4039.3227511047867,5946.071428571428,5954.51587313352,177.85714285714286,1111.4761904761933,182.71428571428572,1230.5274725273996,188.14285714285714,798.5132275131773,183.42857142857142,845.6312576312826,114.28571428571429,579.9417989417843,121.28571428571429,727.6214896214676,4.0,57.0,7.0,-12.0,10.285714285714286,2002.7195767195155,0.7142857142857102,2638.510378510267,0,8,0,3,232,0.0,1.0,-0.4999999999999997,-0.8660254037844388,-0.7393922635959241,-0.673274892250183
2024-08-20,136.0,274.0,245.0,5995.0,112.0,160.45714285714283,-44.6268973503646,-3.830245506778226,5865.0,5981.0,5998.0,158.0,123.0,143.0,162.0,189.0,200.0,254.0,239.0,283.0,176.0,162.0,163.0,5895.0,4213.037036818796,5940.0,6419.213675331549,179.28571428571428,1026.238095238098,183.28571428571428,1194.8351648350924,189.14285714285714,728.1798941798444,185.14285714285714,719.0378510378749,123.85714285714286,1103.1798941798831,121.57142857142857,759.973137973116,133.0,4.0,66.0,57.0,9.857142857142858,2007.2910052909444,1.857142857142853,2625.4993894992776,1,8,0,3,233,0.7818314824680298,0.6234898018587336,-0.4999999999999997,-0.8660254037844388,-0.7508642533989489,-0.6604565640279754
2024-08-21,134.0,245.0,167.0,6028.0,156.0,153.2285714285714,-17.219894549244145,19.991323120672742,5995.0,5987.0,6038.0,112.0,178.0,174.0,245.0,191.0,207.0,274.0,226.0,273.0,136.0,109.0,135.0,5897.0,4642.370370152231,5939.785714285715,6393.087301705182,177.71428571428572,1249.9047619047647,181.07142857142858,1455.6098901098153,197.14285714285714,1173.5132275131816,188.35714285714286,966.5378510378729,120.14285714285714,869.1798941798819,119.64285714285714,639.9566544566316,11.0,133.0,13.0,33.0,19.428571428571427,3902.4338624337965,7.285714285714282,3682.818070817956,2,8,0,3,234,0.9749279121818236,-0.22252093395631434,-0.4999999999999997,-0.8660254037844388,-0.7621140503891487,-0.6474427960827475
2024-08-22,182.0,307.0,205.0,6054.0,171.0,145.88571428571427,20.791543792326248,4.32274192195948,6028.0,5895.0,6084.0,156.0,220.0,174.0,167.0,156.0,213.0,245.0,241.0,230.0,134.0,124.0,119.0,5902.857142857143,6112.513227295381,5939.071428571428,6249.131257749163,174.57142857142858,1316.9523809523837,179.78571428571428,1498.3351648350886,193.71428571428572,1304.9417989417514,185.5,966.0982905983145,123.71428571428571,865.6084656084545,119.57142857142857,637.6654456654228,34.0,11.0,-64.0,39.0,19.142857142857142,3907.2910052909397,5.71428571428571,3630.3565323564185,3,8,0,3,235,0.43388373911755823,-0.900968867902419,-0.4999999999999997,-0.8660254037844388,-0.7731383255706026,-0.6342374393978054
2024-08-23,175.4,302.6,208.4,6073.6,156.2,139.28571428571428,21.74184085920495,-4.827555144919238,6054.0,5870.333333333333,6020.666666666667,171.0,206.0,199.0,205.0,182.33333333333331,188.66666666666663,307.0,242.0,223.66666666666663,182.0,111.33333333333331,111.0,5925.571428571428,9307.65608443939,5936.928571428572,5644.515873133859,167.57142857142858,917.9523809523839,179.57142857142858,1501.6483516482751,200.71428571428572,1031.9417989417545,184.92857142857142,936.8235653235896,132.0,1351.7037037036953,124.07142857142857,915.6269841269633,52.20000000000002,34.0,-23.666666666666686,-10.333333333333371,33.142857142857146,2563.291005290933,5.357142857142853,3606.5378510377373,4,8,0,3,236,-0.433883739117558,-0.9009688679024191,-0.4999999999999997,-0.8660254037844388,-0.7839338166829201,-0.620844401650647
2024-08-24,168.8,298.2,211.8,6093.2,141.4,137.14285714285714,22.02002024784352,-17.762877390700652,6073.6,5845.666666666667,5957.333333333333,156.2,192.0,224.0,208.4,208.66666666666669,164.33333333333331,302.6,243.0,217.33333333333331,175.4,98.66666666666666,103.0,5954.609523809523,11467.445079149902,5940.7095238095235,6526.582979360826,160.45714285714283,634.329523809527,176.5142857142857,1504.564395604316,204.43809523809523,969.2990476190049,186.33809523809524,975.9866422466655,141.15238095238095,1496.7180952380897,128.67142857142858,1082.359291819273,70.4,52.20000000000002,16.666666666666686,-59.666666666666686,43.98095238095238,1948.8914285713502,9.823809523809524,3734.902979242863,5,8,1,3,237,-0.9749279121818236,-0.2225209339563146,-0.4999999999999997,-0.8660254037844388,-0.7944973291665992,-0.6072676460566135
2024-08-25,162.2,293.8,215.2,6112.8,126.6,134.0,22.28539483923852,-29.685394839238526,6093.2,5821.0,5894.0,141.4,178.0,249.0,211.8,235.0,140.0,298.2,244.0,211.0,168.8,86.0,95.0,5989.971428571429,11231.69904740576,5950.414285714286,8192.616874354348,153.22857142857143,468.0723809523847,170.6142857142857,1388.4705494504642,204.8857142857143,975.1180952380528,189.72857142857146,976.2300610500816,151.17142857142858,1206.165714285712,133.37142857142857,1131.7454456654289,88.6,70.4,57.0,-109.0,51.65714285714286,1872.1295238094417,19.114285714285717,3552.76200244188,6,8,1,3,238,-0.7818314824680299,0.6234898018587334,-0.4999999999999997,-0.8660254037844388,-0.8048257371083452,-0.593511190196115
2024-08-26,155.6,289.4,218.6,6132.4,111.8,133.71428571428572,-24.992007839004494,3.0777221247187683,6112.8,5865.0,5903.0,126.6,158.0,148.0,215.2,162.0,155.0,293.8,254.0,219.0,162.2,176.0,109.0,6031.657142857142,6960.302856931848,5966.042857142857,9713.156654573539,145.88571428571427,421.0780952380994,161.87142857142857,982.5329670328737,202.05714285714288,832.3695238094798,195.1,804.8401709401871,162.05714285714288,380.30285714285816,138.17142857142858,1057.603907203892,106.8,88.6,4.0,7.0,56.17142857142858,2071.059047618963,33.228571428571435,2447.070573870443,0,8,0,3,239,0.0,1.0,-0.4999999999999997,-0.8660254037844388,-0.8149159841660791,-0.5795791048257612
2024-08-27,149.0,285.0,222.0,6152.0,97.0,134.1142857142857,-44.6268973503646,7.512611636078901,6132.4,5995.0,5981.0,111.8,112.0,123.0,218.6,245.0,189.0,289.4,274.0,239.0,155.6,136.0,162.0,6069.857142857143,2320.2761902672487,5982.428571428572,11247.11159962786,139.28571428571428,539.4380952380994,159.28571428571428,1153.3890109889153,210.14285714285714,534.2761904761503,199.64285714285714,701.4028083028207,159.14285714285714,344.94285714285735,141.5,1003.5786324786185,125.0,106.8,133.0,66.0,70.85714285714286,1793.0095238094318,40.357142857142854,2755.7925518924167,1,8,0,3,240,0.7818314824680298,0.6234898018587336,-0.4999999999999997,-0.8660254037844388,-0.8247650844733614,-0.5654755126737576
2024-08-28,170.0,285.0,178.0,6227.0,134.0,135.2,-17.219894549244145,16.019894549244157,6152.0,6028.0,5987.0,97.0,156.0,178.0,222.0,167.0,191.0,285.0,245.0,226.0,149.0,134.0,109.0,6092.285714285715,1924.0380950303825,5994.642857142857,13298.17203918785,137.14285714285714,708.0095238095281,157.42857142857142,1346.8175824174848,206.85714285714286,342.60952380948214,202.0,725.155555555566,161.0,268.80000000000086,140.57142857142858,974.6500610500467,44.0,125.0,11.0,13.0,69.71428571428571,1636.4380952380036,44.57142857142857,3237.193650793513,2,8,0,3,241,0.9749279121818236,-0.22252093395631434,-0.4999999999999997,-0.8660254037844388,-0.8343701235229538,-0.5512045872199277
2024-08-29,145.0,295.0,188.0,6250.0,169.0,136.97142857142856,20.791543792326248,11.237027636245193,6227.0,6054.0,5895.0,134.0,171.0,220.0,178.0,205.0,156.0,285.0,307.0,241.0,170.0,182.0,124.0,6120.714285714285,3317.038095031927,6011.785714285715,17130.259951275137,134.0,638.8666666666709,154.28571428571428,1345.8505494504489,208.42857142857142,213.7523809523402,201.07142857142858,759.2269841269953,166.14285714285714,129.94285714285974,144.92857142857142,944.1500610500484,19.0,44.0,34.0,-64.0,74.42857142857143,1146.1523809522869,46.785714285714285,3155.2650793649404,3,8,0,3,242,0.43388373911755823,-0.900968867902419,-0.4999999999999997,-0.8660254037844388,-0.8437282590292712,-0.5367705514607103
2024-08-30,142.0,288.75,190.5,6235.5,159.0,139.42857142857142,21.74184085920495,-2.170412287776365,6250.0,6073.6,5870.333333333333,169.0,156.2,206.0,188.0,208.4,182.33333333333331,295.0,302.6,242.0,145.0,175.4,111.33333333333331,6148.714285714285,4446.371428366762,6037.142857142857,19753.74896226323,133.71428571428572,614.7714285714327,150.64285714285714,1016.0318681317642,206.0,274.46666666662463,203.35714285714286,610.4797313797405,160.85714285714286,129.94285714285795,146.42857142857142,908.0346764346643,31.5,19.0,52.20000000000002,-23.666666666666686,72.28571428571429,1380.4380952380025,52.714285714285715,2232.6881562880144,4,8,0,3,243,-0.433883739117558,-0.9009688679024191,-0.4999999999999997,-0.8660254037844388,-0.8528367217694595,-0.522177676659508
2024-08-31,139.0,282.5,193.0,6221.0,149.0,141.57142857142856,22.02002024784352,-14.591448819272074,6235.5,6093.2,5845.666666666667,159.0,141.4,192.0,190.5,211.8,208.66666666666669,288.75,298.2,243.0,142.0,168.8,98.66666666666666,6171.842857142858,4137.219523606118,6063.226190476191,19907.239346877635,134.1142857142857,636.8780952380994,147.28571428571428,773.5428571427502,203.44285714285712,305.91952380948044,203.94047619047618,588.8290903540991,156.08571428571426,127.39809523809447,148.61904761904762,809.6317460317346,44.0,31.5,70.4,16.666666666666686,69.32857142857142,1580.24238095229,56.65476190476191,1801.8122405370957,5,8,1,3,244,-0.9749279121818236,-0.2225209339563146,-0.4999999999999997,-0.8660254037844388,-0.8616928164028522,-0.5074302810827518
2024-09-01,136.0,276.25,195.5,6206.5,139.0,138.71428571428572,22.28539483923852,-21.999680553524243,6221.0,6112.8,5821.0,149.0,126.6,178.0,193.0,215.2,235.0,282.5,293.8,244.0,139.0,162.2,86.0,6190.099999999999,3120.2966664642295,6090.035714285715,17407.079395716682,135.20000000000002,663.5866666666708,144.21428571428572,609.8120879119782,200.75714285714284,304.03952380947896,202.82142857142858,594.9695054945151,151.82857142857142,127.96571428571202,151.5,615.8692307692203,56.5,44.0,88.6,57.0,65.55714285714285,1670.379523809435,58.607142857142854,1687.0222527471067,6,9,1,3,245,-0.7818314824680299,0.6234898018587334,-0.8660254037844385,-0.5000000000000004,-0.8702939222685674,-0.49253272872205434
2024-09-02,133.0,270.0,198.0,6192.0,129.0,131.85714285714286,-24.992007839004494,22.134864981861632,6206.5,6132.4,5865.0,139.0,111.8,158.0,195.5,218.6,162.0,276.25,289.4,254.0,136.0,155.6,176.0,6203.4857142857145,1960.2014283696956,6117.571428571428,12066.209890221118,136.97142857142856,650.0057142857182,141.42857142857142,515.7406593405473,197.94285714285712,264.63952380947745,200.0,510.8692307692427,148.08571428571426,135.45142857142508,155.07142857142858,290.59450549449633,69.0,56.5,106.8,4.0,60.97142857142857,1571.022380952295,58.57142857142857,1687.1637362635904,0,9,0,3,246,0.0,1.0,-0.8660254037844385,-0.5000000000000004,-0.8786374941610001,-0.4774894280028391
2024-09-03,131.0,263.0,177.0,6272.0,112.0,131.19047619047618,-44.6268973503646,25.436421159888425,6192.0,6152.0,5995.0,129.0,97.0,112.0,198.0,222.0,245.0,270.0,285.0,274.0,133.0,149.0,136.0,6212.0,1055.4166664653746,6140.928571428572,6997.709890220221,139.42857142857142,547.9523809523848,139.35714285714286,501.878021977908,195.0,183.41666666661865,202.57142857142858,392.9791208791306,144.85714285714286,151.8095238095193,152.0,284.2153846153742,65.0,69.0,125.0,133.0,55.57142857142857,1197.702380952298,63.214285714285715,1443.2351648350161,1,9,0,3,247,0.7818314824680298,0.6234898018587336,-0.8660254037844385,-0.5000000000000004,-0.886721063082993,-0.46230483047981086
2024-09-04,121.0,231.0,219.0,6375.0,114.0,136.71428571428572,-17.219894549244145,-5.494391165041577,6272.0,6227.0,6028.0,112.0,134.0,156.0,177.0,178.0,167.0,263.0,285.0,245.0,131.0,170.0,134.0,6229.142857142857,712.5595236091408,6160.714285714285,6259.550549560144,141.57142857142858,367.9523809523848,139.35714285714286,501.878021977908,188.57142857142858,67.70238095232922,197.71428571428572,279.3967032967173,142.28571428571428,173.23809523808995,151.64285714285714,298.30879120878063,105.0,65.0,44.0,11.0,47.0,323.41666666658847,58.357142857142854,1043.4549450547993,2,9,0,3,248,0.9749279121818236,-0.22252093395631434,-0.8660254037844385,-0.5000000000000004,-0.8945422369764496,-0.4469834295196741
2024-09-05,126.0,230.0,175.0,6448.0,121.0,148.42857142857144,20.791543792326248,-48.220115220897696,6375.0,6250.0,6054.0,114.0,169.0,171.0,219.0,188.0,205.0,231.0,295.0,307.0,121.0,145.0,182.0,6250.285714285715,3735.988095038863,6185.5,7775.292307800988,138.71428571428572,475.57142857143236,136.35714285714286,520.3395604394437,194.42857142857142,163.36904761899916,201.42857142857142,226.82527472528545,135.28571428571428,63.57142857142122,150.71428571428572,345.66593406592307,54.0,105.0,19.0,34.0,55.714285714285715,793.9880952380123,65.07142857142857,989.7406593405096,3,9,0,3,249,0.43388373911755823,-0.900968867902419,-0.8660254037844385,-0.5000000000000004,-0.9020987014301837,-0.43152975897147144
2024-09-06,125.0,238.33333333333331,171.33333333333334,6402.666666666667,154.33333333333334,150.14285714285714,21.74184085920495,-17.551364668728745,6448.0,6235.5,6073.6,121.0,159.0,156.2,175.0,190.5,208.4,230.0,288.75,302.6,126.0,142.0,175.4,6278.571428571428,9317.702380754657,6213.642857142857,10892.65494516259,131.85714285714286,320.14285714286115,132.78571428571428,432.4274725273525,192.57142857142858,215.3690476189981,199.28571428571428,274.6274725274851,132.57142857142858,53.61904761903946,146.71428571428572,300.1274725274596,17.0,54.0,31.5,52.20000000000002,60.714285714285715,540.6547619046763,66.5,922.7076923075417,4,9,0,3,250,-0.433883739117558,-0.9009688679024191,-0.8660254037844385,-0.5000000000000004,-0.9093882203647925,-0.4159483918249421
2024-09-07,124.0,246.66666666666663,167.66666666666666,6357.333333333333,187.66666666666669,155.28571428571428,22.02002024784352,10.36093213310889,6402.666666666667,6221.0,6093.2,154.33333333333334,149.0,141.4,171.33333333333334,193.0,211.8,238.33333333333331,282.5,298.2,125.0,139.0,168.8,6302.452380952381,10909.76587281943,6237.147619047619,11537.52918203598,131.1904761904762,281.0317460317501,132.65238095238095,425.9522588521387,189.83333333333334,281.08333333328216,196.63809523809525,320.79108669110144,130.14285714285714,41.47619047618162,143.1142857142857,259.1428571428425,-20.00000000000003,17.0,44.0,70.4,58.642857142857146,711.8928571427726,63.98571428571428,1088.6505494504004,5,9,1,3,251,-0.9749279121818236,-0.2225209339563146,-0.8660254037844385,-0.5000000000000004,-0.9164086366943458,-0.4002439388573056
2024-09-08,123.0,255.0,164.0,6312.0,221.0,162.14285714285714,22.28539483923852,36.57174801790434,6357.333333333333,6206.5,6112.8,187.66666666666669,139.0,126.6,167.66666666666666,195.5,215.2,246.66666666666663,276.25,293.8,124.0,136.0,162.2,6321.928571428572,9863.461640016232,6256.0142857142855,10671.404053830145,136.71428571428572,724.1640211640256,135.95714285714286,641.1176800975633,186.21428571428572,346.0251322750791,193.48571428571427,356.9707203907377,128.0,29.33333333332385,139.9142857142857,225.46901098899485,-57.0,-20.00000000000003,56.5,88.6,49.5,1609.4166666665878,57.528571428571425,1583.168351648207,6,9,1,3,252,-0.7818314824680299,0.6234898018587334,-0.8660254037844385,-0.5000000000000004,-0.9231578729647039,-0.38442104726885545
2024-09-09,144.0,275.0,190.0,6353.0,141.0,176.28571428571428,-24.992007839004494,-10.293706446709784,6312.0,6192.0,6132.4,221.0,129.0,111.8,164.0,198.0,218.6,255.0,270.0,289.4,123.0,133.0,155.6,6337.0,7394.259259064642,6270.242857142856,9116.768449434017,148.42857142857142,1747.2116402116444,142.7,1141.7488888887783,181.71428571428572,390.27513227507643,189.82857142857142,373.17467643469683,126.14285714285714,18.809523809513767,137.1142857142857,200.82901098899373,49.0,-57.0,69.0,106.8,33.285714285714285,3184.904761904692,47.128571428571426,2401.4083516482137,0,9,0,3,253,0.0,1.0,-0.8660254037844385,-0.5000000000000004,-0.9296339319682695,-0.3684843993077793
2024-09-10,131.0,251.0,180.0,6396.0,148.0,194.09523809523807,-44.6268973503646,-1.4683407448734729,6353.0,6272.0,6152.0,141.0,112.0,97.0,190.0,177.0,222.0,275.0,263.0,285.0,144.0,131.0,149.0,6360.0,3315.592592399185,6286.0,7914.61965822463,150.14285714285714,1690.0687830687873,144.78571428571428,1063.8394383393297,180.57142857142858,355.9894179893615,187.78571428571428,305.00610500612714,127.71428571428571,61.238095238085684,136.28571428571428,177.45054945053187,32.0,49.0,65.0,125.0,30.428571428571427,3003.9523809523125,43.0,2109.4230769229416,1,9,0,3,254,0.7818314824680298,0.6234898018587336,-0.8660254037844385,-0.5000000000000004,-0.9358348973349941,-0.35243871088460327
2024-09-11,93.0,248.0,175.0,6410.0,162.0,202.2142857142857,-17.219894549244145,-22.99439116504155,6396.0,6375.0,6227.0,148.0,114.0,134.0,180.0,219.0,178.0,251.0,231.0,285.0,131.0,121.0,170.0,6377.714285714285,1874.8306876382096,6303.428571428572,7137.037240641569,155.28571428571428,1417.4973544973584,148.42857142857142,874.6910866909814,181.0,353.7037037036475,184.78571428571428,209.92918192920664,127.71428571428571,61.238095238085684,135.0,165.38461538459725,13.0,32.0,105.0,44.0,25.714285714285715,2779.2380952380295,36.357142857142854,1553.9780219778909,2,9,0,3,255,0.9749279121818236,-0.22252093395631434,-0.8660254037844385,-0.5000000000000004,-0.9417589340994617,-0.33628873017668287
2024-09-12,184.0,280.0,210.0,6360.0,220.0,200.64285714285717,20.791543792326248,-1.4344009351833868,6410.0,6448.0,6250.0,162.0,121.0,169.0,175.0,175.0,188.0,248.0,230.0,295.0,93.0,126.0,145.0,6382.714285714285,2018.1640209718032,6316.5,7377.350427454254,162.14285714285714,1086.0687830687866,150.42857142857142,868.5372405371371,174.71428571428572,72.94179894173895,184.57142857142858,213.7039072039321,123.71428571428571,235.9047619047511,129.5,174.26923076921028,-10.0,13.0,54.0,19.0,12.571428571428568,1556.9523809523223,34.142857142857146,1586.1703296701999,3,9,0,3,256,0.43388373911755823,-0.900968867902419,-0.8660254037844385,-0.5000000000000004,-0.9474042892438845,-0.32003923622313857
2024-09-13,81.0,200.0,212.0,6326.0,279.0,203.9285714285714,21.74184085920495,53.32958771222366,6360.0,6402.666666666667,6235.5,220.0,154.33333333333334,159.0,210.0,171.33333333333334,190.5,280.0,238.33333333333331,288.75,184.0,125.0,142.0,6370.142857142857,1209.4021162092488,6324.357142857143,7116.2515263550495,176.28571428571428,1128.4973544973573,154.07142857142858,1200.0372405371406,179.71428571428572,251.2751322750752,186.14285714285714,259.87973137975496,132.0,760.6666666666587,132.28571428571428,375.9120879120686,-67.0,-10.0,17.0,31.5,3.4285714285714244,1258.2857142856606,32.07142857142857,1713.8021978020695,4,9,0,3,257,-0.433883739117558,-0.9009688679024191,-0.8660254037844385,-0.5000000000000004,-0.9527692922168511,-0.30369503751065885
2024-09-14,89.5,210.0,189.5,6280.0,244.5,205.6428571428571,22.02002024784352,16.83712260929937,6326.0,6357.333333333333,6221.0,279.0,187.66666666666669,149.0,212.0,167.66666666666666,193.0,200.0,246.66666666666663,282.5,81.0,124.0,139.0,6359.190476190476,1217.9206347271986,6330.821428571428,6464.104548332826,194.0952380952381,2436.5079365079387,162.64285714285714,2319.597680097588,185.5238095238095,373.9206349205811,187.67857142857142,307.30967643469876,125.71428571428571,1139.9047619047521,127.92857142857143,550.5329670329459,-55.0,-67.0,-20.00000000000003,44.0,-8.571428571428575,1886.2857142856672,25.035714285714285,2415.4793956042713,5,9,1,3,258,-0.9749279121818236,-0.2225209339563146,-0.8660254037844385,-0.5000000000000004,-0.9578523554276669,-0.28726097055059635
2024-09-15,98.0,220.0,167.0,6234.0,210.0,203.78571428571425,22.28539483923852,-16.07110912495277,6280.0,6312.0,6206.5,244.5,221.0,139.0,189.5,164.0,195.5,210.0,255.0,276.25,89.5,123.0,136.0,6348.142857142857,2120.1428569488544,6335.035714285715,5715.906746134861,202.21428571428572,2776.1547619047637,169.46428571428572,2770.599053723968,188.64285714285714,312.05952380947167,187.42857142857142,305.31929181931434,120.78571428571429,1329.6547619047506,124.39285714285714,641.2376373626147,-43.0,-55.0,-57.0,56.5,-13.571428571428571,2194.6190476190027,17.964285714285715,2826.7101648350454,6,9,1,3,259,-0.7818314824680299,0.6234898018587334,-0.8660254037844385,-0.5000000000000004,-0.9626519747161487,-0.2707418984477642
2024-09-16,113.0,209.0,160.0,6229.0,164.0,199.2142857142857,-24.992007839004494,-10.2222778752812,6234.0,6353.0,6192.0,210.0,141.0,129.0,167.0,190.0,198.0,220.0,275.0,270.0,98.0,144.0,133.0,6337.0,3928.999999805407,6337.0,5226.119658222699,200.64285714285714,2724.5595238095257,174.53571428571428,2797.9067460316655,189.07142857142858,288.70238095232895,185.39285714285714,327.9470390720634,117.21428571428571,1400.4880952380827,121.67857142857143,676.5233516483279,-4.0,-43.0,49.0,69.0,-11.571428571428571,2019.952380952335,10.857142857142858,2943.978021977907,0,9,0,3,260,0.0,1.0,-0.8660254037844385,-0.5000000000000004,-0.9671667297977312,-0.2541427094613622
2024-09-17,159.0,304.0,139.0,6227.0,160.0,186.6428571428571,-44.6268973503646,17.98404020750749,6229.0,6396.0,6272.0,164.0,148.0,112.0,160.0,180.0,177.0,209.0,251.0,263.0,113.0,131.0,131.0,6319.285714285715,5464.23809504255,6339.642857142857,4498.520757123688,203.92857142857142,2342.8690476190495,177.03571428571428,2640.2144383393606,184.78571428571428,407.98809523804067,182.67857142857142,357.38659951162623,112.78571428571429,1260.9880952380813,120.25,670.259615384591,-21.0,-4.0,32.0,65.0,-19.142857142857142,1351.1428571428153,5.642857142857141,2671.6318681317566,1,9,0,3,261,0.7818314824680298,0.6234898018587336,-0.8660254037844385,-0.5000000000000004,-0.97139528468375,-0.23746831555846842
2024-09-18,116.0,213.0,217.0,6245.0,149.0,179.42857142857142,-17.219894549244145,-13.208676879327273,6227.0,6410.0,6375.0,160.0,162.0,114.0,139.0,175.0,219.0,304.0,248.0,231.0,159.0,93.0,121.0,6295.142857142857,5222.809523612669,6336.428571428572,5111.460317563382,205.64285714285714,2139.7261904761926,180.46428571428572,2324.522130647056,178.92857142857142,713.5357142856561,179.96428571428572,493.727258852288,116.78571428571429,1542.9880952380827,122.25,772.5673076922842,68.0,-21.0,13.0,105.0,-26.714285714285715,848.9047619047242,-0.500000000000002,2414.5769230768155,2,9,0,3,262,0.9749279121818236,-0.22252093395631434,-0.8660254037844385,-0.5000000000000004,-0.9753363880767837,-0.2207236509605022
2024-09-19,93.0,196.0,169.0,6270.0,188.0,177.57142857142856,20.791543792326248,-10.362972363754803,6245.0,6360.0,6448.0,149.0,220.0,121.0,217.0,210.0,175.0,213.0,280.0,230.0,116.0,184.0,126.0,6271.571428571428,2794.9523807542464,6327.142857142857,5547.174603278048,203.78571428571428,2352.9880952380972,182.96428571428572,2054.1375152624432,184.92857142857142,910.53571428566,179.82142857142858,482.00198412701343,120.07142857142857,1436.2023809523696,121.89285714285714,775.3145604395369,-19.0,68.0,-10.0,54.0,-18.857142857142858,2009.142857142815,-3.142857142857145,1911.8241758240697,3,9,0,3,263,0.43388373911755823,-0.900968867902419,-0.8660254037844385,-0.5000000000000004,-0.9789888737409319,-0.20391367068311472
2024-09-20,103.33333333333331,208.66666666666663,166.33333333333334,6176.333333333333,191.0,177.71428571428572,21.74184085920495,-8.456126573490671,6270.0,6326.0,6402.666666666667,188.0,279.0,154.33333333333334,169.0,212.0,171.33333333333334,196.0,200.0,238.33333333333331,93.0,81.0,125.0,6258.714285714285,1299.2380950392499,6314.428571428572,4500.691086795051,199.21428571428572,2326.3214285714307,187.75,1736.0715811965138,179.07142857142858,808.0357142856561,179.39285714285714,489.0239621489918,107.07142857142857,680.035714285699,119.53571428571429,832.2486263736017,-24.666666666666657,-19.0,-67.0,17.0,-20.142857142857142,1994.142857142816,-8.35714285714286,1650.7087912086886,4,9,0,3,264,-0.433883739117558,-0.9009688679024191,-0.8660254037844385,-0.5000000000000004,-0.9823516608469237,-0.18704334906991657
2024-09-21,113.66666666666669,221.33333333333331,163.66666666666666,6082.666666666667,194.0,175.28571428571425,22.02002024784352,-3.305734533557768,6176.333333333333,6280.0,6357.333333333333,191.0,244.5,187.66666666666669,166.33333333333334,189.5,167.66666666666666,208.66666666666663,210.0,246.66666666666663,103.33333333333331,89.5,124.0,6237.333333333334,1142.4444442444044,6298.261904761904,5087.250915855548,186.64285714285714,1092.2261904761917,190.36904761904762,1643.5990537239886,172.54761904761907,604.7103174602553,179.03571428571428,497.0093101343401,110.26190476190477,557.2023809523666,117.98809523809523,847.5660866910615,-30.333333333333343,-24.666666666666657,-55.0,-20.00000000000003,-14.095238095238093,1588.9523809523362,-11.333333333333334,1612.1709401708395,5,9,1,3,265,-0.9749279121818236,-0.2225209339563146,-0.8660254037844385,-0.5000000000000004,-0.9854237542919524,-0.17011767832049052
2024-09-22,124.0,234.0,161.0,5989.0,197.0,178.1428571428571,22.28539483923852,-3.428251982095631,6082.666666666667,6234.0,6312.0,194.0,210.0,221.0,163.66666666666666,167.0,164.0,221.33333333333331,220.0,255.0,113.66666666666669,98.0,123.0,6209.142857142857,3898.8465606449367,6278.642857142857,7979.802808408233,179.42857142857142,482.61904761904833,190.82142857142858,1643.8310439559793,168.85714285714286,554.0687830687186,178.75,505.1485042735346,113.71428571428571,473.3862433862301,117.25,845.6356837606583,-36.0,-30.333333333333343,-43.0,-57.0,-10.571428571428571,1339.544973544927,-12.071428571428571,1633.5757020756018,6,9,1,3,266,-0.7818314824680299,0.6234898018587334,-0.8660254037844385,-0.5000000000000004,-0.9882042449941422,-0.15314166701312007
2024-09-23,92.0,203.0,173.0,6002.0,165.0,177.7142857142857,-24.992007839004494,12.2777221247188,5989.0,6229.0,6353.0,197.0,164.0,141.0,161.0,160.0,190.0,234.0,209.0,275.0,124.0,113.0,144.0,6174.142857142857,10443.846560642975,6255.571428571428,13774.280830387204,177.57142857142858,374.2857142857149,189.10714285714286,1573.5453296702633,168.0,562.925925925861,178.53571428571428,512.5990537240842,117.42857142857143,433.76719576718347,117.32142857142857,846.5917277167023,8.0,-36.0,-4.0,49.0,-9.571428571428571,1270.8783068782598,-10.571428571428571,1519.921855921755,0,9,0,3,267,0.0,1.0,-0.8660254037844385,-0.5000000000000004,-0.9906923101615609,-0.13612033862266704
2024-09-24,186.0,259.0,172.0,6023.0,143.0,176.47619047619045,-44.6268973503646,11.150706874174148,6002.0,6227.0,6396.0,165.0,160.0,148.0,173.0,139.0,180.0,203.0,304.0,251.0,92.0,159.0,131.0,6141.714285714285,13654.275132069723,6230.5,17313.20940181681,177.71428571428572,369.90476190476255,190.82142857142858,1437.0618131867486,169.85714285714286,552.4021164020526,177.32142857142858,503.2583943834261,114.42857142857143,527.7671957671827,113.60714285714286,826.3060134309866,29.0,8.0,-21.0,32.0,-7.857142857142857,1313.7354497354015,-13.5,1264.2350427349436,1,9,0,3,268,0.7818314824680298,0.6234898018587336,-0.8660254037844385,-0.5000000000000004,-0.9928872135356962,-0.11905873003404988
2024-09-25,154.0,225.0,220.0,6050.0,169.0,174.42857142857142,-17.219894549244145,11.791323120672727,6023.0,6245.0,6410.0,143.0,149.0,162.0,172.0,217.0,175.0,259.0,213.0,248.0,186.0,116.0,93.0,6112.571428571428,13799.989417782373,6203.857142857143,17753.84126994978,175.28571428571428,511.57142857142895,190.46428571428572,1471.7870879120228,174.57142857142858,368.54497354491247,176.75,504.5331196581519,118.28571428571429,1033.0529100528981,117.53571428571429,1189.5477716727464,51.0,29.0,68.0,13.0,-0.7142857142857143,1451.8306878306357,-13.714285714285714,1243.877899877801,2,9,0,3,269,0.9749279121818236,-0.22252093395631434,-0.8660254037844385,-0.5000000000000004,-0.994788305609327,-0.10196189005174576
2024-09-26,91.0,199.0,172.0,6090.0,185.0,171.57142857142856,20.791543792326248,-7.362972363754803,6050.0,6270.0,6360.0,169.0,188.0,220.0,220.0,169.0,210.0,225.0,196.0,280.0,154.0,93.0,184.0,6084.714285714285,10624.27513206656,6178.142857142857,15593.841269950857,178.14285714285714,393.47619047619105,190.96428571428572,1444.6332417581773,175.0,412.2592592591986,179.96428571428572,637.0605921856211,123.71428571428571,1210.3862433862328,121.89285714285714,1225.0752442002206,-13.0,51.0,-19.0,-10.0,-3.142857142857143,1103.735449735399,-11.0,1503.1965811964806,3,9,0,3,270,0.43388373911755823,-0.900968867902419,-0.8660254037844385,-0.5000000000000004,-0.9963950238187231,-0.08483487790576538
2024-09-27,87.66666666666667,203.66666666666663,165.66666666666666,6035.0,182.33333333333331,167.71428571428572,21.74184085920495,-7.122793240157328,6090.0,6176.333333333333,6326.0,185.0,191.0,279.0,172.0,166.33333333333334,212.0,199.0,208.66666666666663,200.0,91.0,103.33333333333331,81.0,6059.0,4135.703703493748,6158.857142857143,13246.918193028607,177.71428571428572,384.90476190476244,188.46428571428572,1375.7870879120205,175.42857142857142,407.54497354491315,177.25,564.6100427350743,123.42857142857143,1231.4338624338518,115.25,954.2510683760422,-16.666666666666657,-13.0,-24.666666666666657,-67.0,-2.2857142857142856,1077.16402116397,-11.214285714285714,1503.3778998777996,4,9,0,3,271,-0.433883739117558,-0.9009688679024191,-0.8660254037844385,-0.5000000000000004,-0.9977068927101168,-0.06768276175455162
2024-09-28,84.33333333333333,208.33333333333331,159.33333333333334,5980.0,179.66666666666666,166.85714285714283,22.02002024784352,-9.210496438319694,6035.0,6082.666666666667,6280.0,182.33333333333331,194.0,244.5,165.66666666666666,163.66666666666666,189.5,203.66666666666663,221.33333333333331,210.0,87.66666666666667,113.66666666666669,89.5,6038.809523809524,1461.5873013762887,6138.071428571428,11812.703907315225,176.47619047619045,357.2539682539687,181.55952380952382,696.8188339437592,175.33333333333331,409.62962962956925,173.94047619047618,470.24618437121933,121.19047619047619,1371.4391534391423,115.72619047619048,922.2974664224404,-20.333333333333314,-16.666666666666657,-30.333333333333343,-55.0,-1.1428571428571428,1026.6243386242868,-7.619047619047619,1252.3565323564299,5,9,1,3,272,-0.9749279121818236,-0.2225209339563146,-0.8660254037844385,-0.5000000000000004,-0.9987235240803972,-0.050510617185222886
2024-09-29,81.0,213.0,153.0,5925.0,177.0,167.42857142857142,22.28539483923852,-12.713966267809935,5980.0,5989.0,6234.0,179.66666666666666,197.0,210.0,159.33333333333334,161.0,167.0,208.33333333333331,234.0,220.0,84.33333333333333,124.0,98.0,6024.142857142857,1466.4761902643952,6116.642857142857,11690.725885338119,174.42857142857142,302.8783068783072,176.92857142857142,369.2680097679301,174.71428571428572,429.16402116396034,171.78571428571428,463.0360195360566,117.0,1567.925925925914,115.35714285714286,945.0506715506453,-24.0,-20.333333333333314,-36.0,-43.0,0.28571428571428975,943.6084656084128,-5.142857142857141,1085.4993894992854,6,9,1,3,273,-0.7818314824680299,0.6234898018587334,-0.8660254037844385,-0.5000000000000004,-0.9994446170919858,-0.033323525711631344
2024-09-30,209.0,285.0,184.0,5967.0,138.0,168.57142857142856,-24.992007839004494,-5.579420732424062,5925.0,6002.0,6229.0,177.0,165.0,164.0,153.0,173.0,160.0,213.0,203.0,209.0,81.0,92.0,113.0,6015.0,2801.333333121032,6094.571428571428,12931.819291932461,171.57142857142858,209.54497354497383,174.57142857142858,279.15262515254295,173.57142857142858,474.87830687824544,170.78571428571428,487.3437118437499,110.85714285714286,1731.7354497354363,114.14285714285714,1011.0891330891064,46.0,-24.0,8.0,-4.0,2.000000000000004,819.0370370369833,-3.785714285714284,1000.6257631256582,0,9,0,3,274,0.0,1.0,-0.8660254037844385,-0.5000000000000004,-0.9998699583618592,-0.016126573270657762
2024-10-01,184.0,314.0,217.0,6040.0,137.0,168.66666666666666,-44.6268973503646,12.960230683697944,5967.0,6023.0,6227.0,138.0,143.0,160.0,184.0,172.0,139.0,285.0,259.0,304.0,209.0,186.0,159.0,6010.0,3127.9999997874215,6075.857142857143,12416.456654570617,167.71428571428572,372.830687830688,172.71428571428572,369.7240537239695,175.14285714285714,490.06878306872255,172.5,488.66239316242957,127.57142857142857,2951.8783068782973,121.0,1652.4957264957025,80.0,46.0,29.0,-21.0,7.428571428571432,1101.3227513226946,-0.21428571428571225,1177.548840048733,1,10,0,4,275,0.7818314824680298,0.6234898018587336,-1.0,-1.8369701987210297e-16,-0.9999994220246925,0.001075151282798226
2024-10-02,107.0,215.0,230.0,6091.0,173.0,167.71428571428572,-17.219894549244145,22.505608834958423,6040.0,6050.0,6245.0,137.0,169.0,149.0,217.0,220.0,217.0,314.0,225.0,213.0,184.0,154.0,116.0,6012.428571428572,3242.952380739936,6062.5,10565.978632593158,166.85714285714286,427.40211640211646,171.07142857142858,452.49877899869296,181.57142857142858,732.2116402115835,178.07142857142858,521.2338217338526,127.28571428571429,2913.497354497345,122.78571428571429,1843.2924297924064,57.0,80.0,51.0,68.0,14.714285714285719,1839.6084656084047,7.000000000000002,1583.2136752135639,2,10,0,4,276,0.9749279121818236,-0.22252093395631434,-1.0,-1.8369701987210297e-16,-0.999832969770105,0.018276557681691223
2024-10-03,101.0,162.0,178.0,6118.0,193.0,165.7142857142857,20.791543792326248,6.494170493388058,6091.0,6090.0,6270.0,173.0,185.0,188.0,230.0,172.0,169.0,215.0,199.0,196.0,107.0,91.0,93.0,6018.285714285715,3996.5714283593165,6051.5,7936.132478747478,167.42857142857142,432.5449735449736,172.78571428571428,412.1471306470466,183.0,874.5925925925368,179.0,611.1623931624231,120.57142857142857,2810.5449735449624,122.14285714285714,1858.4737484737248,-15.0,57.0,-13.0,-19.0,15.571428571428575,1917.32275132269,6.214285714285716,1488.6257631256522,3,10,0,4,277,0.43388373911755823,-0.900968867902419,-1.0,-1.8369701987210297e-16,-0.9993706508539969,0.03547255575312556
2024-10-04,100.5,169.0,177.5,6080.5,183.0,167.85714285714283,21.74184085920495,-6.598983716347782,6118.0,6035.0,6176.333333333333,193.0,182.33333333333331,191.0,178.0,165.66666666666666,166.33333333333334,162.0,203.66666666666663,208.66666666666663,101.0,87.66666666666667,103.33333333333331,6022.285714285715,4777.9047616928765,6040.642857142857,4476.879731495202,168.57142857142858,488.5449735449735,173.14285714285714,425.636141636058,183.85714285714286,857.7354497353946,179.64285714285714,603.1019536019829,122.0,2726.2592592592487,122.71428571428571,1827.1770451770217,-5.5,-15.0,-16.666666666666657,-24.666666666666657,15.28571428571429,1936.9417989417377,6.500000000000002,1474.2521367520255,4,10,0,4,278,-0.433883739117558,-0.9009688679024191,-1.0,-1.8369701987210297e-16,-0.9986126020839734,0.052658056924614005
2024-10-05,100.0,176.0,177.0,6043.0,173.0,165.85714285714283,22.02002024784352,-14.877163104986352,6080.5,5980.0,6082.666666666667,183.0,179.66666666666666,194.0,177.5,159.33333333333334,163.66666666666666,169.0,208.33333333333331,221.33333333333331,100.5,84.33333333333333,113.66666666666669,6028.785714285715,5266.488095026575,6033.797619047619,3132.3170025577715,168.66666666666669,491.66666666666674,172.57142857142858,408.22954822946394,185.54761904761904,805.9880952380412,180.44047619047618,589.1436202686489,123.83333333333333,2602.916666666657,122.51190476190477,1836.198565323542,4.0,-5.5,-20.333333333333314,-30.333333333333343,16.880952380952383,1835.8214285713664,7.86904761904762,1408.5905067153947,5,10,1,4,279,-0.9749279121818236,-0.2225209339563146,-1.0,-1.8369701987210297e-16,-0.9975590477788613,0.06982797572987089
2024-10-06,99.5,183.0,176.5,6005.5,163.0,160.7142857142857,22.28539483923852,-19.999680553524183,6043.0,5925.0,5989.0,173.0,177.0,197.0,177.0,153.0,161.0,176.0,213.0,234.0,100.0,81.0,124.0,6037.785714285715,4808.98809502708,6030.964285714285,2946.4793957202864,167.71428571428572,473.5714285714287,171.07142857142858,370.49877899869296,188.07142857142858,696.2023809523284,181.39285714285714,567.4342185592461,126.07142857142857,2431.702380952372,121.53571428571429,1868.1375152624912,13.5,4.0,-24.0,-36.0,20.357142857142858,1618.5595238094595,10.321428571428573,1291.0019841268706,6,10,1,4,280,-0.7818314824680299,0.6234898018587334,-1.0,-1.8369701987210297e-16,-0.9962102997023297,0.0869772313136861
2024-10-07,99.0,190.0,176.0,5968.0,153.0,155.85714285714286,-24.992007839004494,22.134864981861632,6005.5,5967.0,6002.0,163.0,138.0,165.0,176.5,184.0,173.0,183.0,285.0,203.0,99.5,209.0,92.0,6049.285714285715,2708.321428361065,6032.142857142857,2859.4010990169363,165.71428571428572,458.23809523809564,168.64285714285714,317.443833943745,191.42857142857142,500.3690476189968,182.5,535.9658119658386,128.71428571428572,2202.6547619047537,119.78571428571429,1901.724053724029,23.0,13.5,46.0,8.0,25.714285714285715,1264.9880952380279,13.85714285714286,1113.264346764231,0,10,0,4,281,0.0,1.0,-1.0,-1.8369701987210297e-16,-0.9945667569706337,0.1041007489354256
2024-10-08,167.0,239.0,166.0,6013.0,123.0,154.85714285714286,-44.6268973503646,12.76975449322174,5968.0,6040.0,6023.0,153.0,137.0,143.0,176.0,217.0,172.0,190.0,314.0,259.0,99.0,184.0,186.0,6049.428571428572,2681.035714075355,6029.714285714285,3099.642857258798,167.85714285714286,351.809523809524,167.78571428571428,334.45482295473295,190.28571428571428,529.3214285713772,182.71428571428572,532.2240537240801,113.0,987.4166666666537,120.28571428571429,1875.3009768009526,43.0,23.0,80.0,29.0,22.428571428571427,1185.035714285649,14.92857142857143,1115.8192918191755,1,10,0,4,282,0.7818314824680298,0.6234898018587336,-1.0,-1.8369701987210297e-16,-0.9926289059345095,0.121193461470736
2024-10-09,115.0,216.0,169.0,6047.0,137.0,157.71428571428572,-17.219894549244145,-3.494391165041577,6013.0,6091.0,6050.0,123.0,173.0,169.0,166.0,230.0,220.0,239.0,215.0,225.0,167.0,107.0,154.0,6045.571428571428,2870.0357140751403,6029.0,3117.1153847313562,165.85714285714286,523.8095238095242,166.35714285714286,439.28998778989603,183.0,446.7499999999446,182.28571428571428,544.6855921856189,110.57142857142857,626.3690476190337,118.92857142857143,1708.9987789987545,32.0,43.0,57.0,51.0,17.142857142857142,670.5595238094614,15.92857142857143,1160.1269841268672,2,10,0,4,283,0.9749279121818236,-0.22252093395631434,-1.0,-1.8369701987210297e-16,-0.9903973200352558,0.1382503109109819
2024-10-10,84.0,158.0,193.0,6075.0,159.0,164.42857142857142,20.791543792326248,-26.220115220897664,6047.0,6118.0,6090.0,137.0,193.0,185.0,169.0,178.0,172.0,216.0,162.0,199.0,115.0,101.0,91.0,6039.285714285715,2480.321428360508,6028.785714285715,3108.065934181914,160.71428571428572,623.2380952380961,164.07142857142858,499.42185592176133,174.28571428571428,22.654761904701882,178.64285714285714,434.5592185592486,111.71428571428571,625.9880952380817,116.14285714285714,1607.2130647130393,34.0,32.0,-15.0,-13.0,13.571428571428571,427.7023809523207,14.571428571428573,1083.3962148960989,3,10,0,4,284,0.43388373911755823,-0.900968867902419,-1.0,-1.8369701987210297e-16,-0.9878726596350429,0.15526624985999563
2024-10-11,99.33333333333331,181.0,192.66666666666663,6013.0,176.0,157.7142857142857,21.74184085920495,-3.456126573490643,6075.0,6080.5,6035.0,159.0,183.0,182.33333333333331,193.0,177.5,165.66666666666666,158.0,169.0,203.66666666666663,84.0,100.5,87.66666666666667,6033.142857142857,1616.2261902649352,6027.714285714285,2982.873626489653,155.85714285714286,422.47619047619173,162.21428571428572,463.9932844931876,176.42857142857142,73.36904761898876,180.14285714285714,444.59768009770875,109.28571428571429,727.9880952380809,115.64285714285714,1637.789987789962,16.66666666666663,34.0,-5.5,-16.666666666666657,20.571428571428573,304.03571428564993,17.92857142857143,1041.8192918191737,4,10,0,4,285,-0.433883739117558,-0.9009688679024191,-1.0,-1.8369701987210297e-16,-0.9850556718215013,0.172236243027682
2024-10-12,114.66666666666669,204.0,192.33333333333331,5951.0,193.0,155.42857142857142,22.02002024784352,15.551408323585065,6013.0,6043.0,5980.0,176.0,173.0,179.66666666666666,192.66666666666663,177.0,159.33333333333334,181.0,176.0,208.33333333333331,99.33333333333331,100.0,84.33333333333333,6023.5,1201.5833331215547,6026.142857142857,2992.7857144018108,154.85714285714286,366.1428571428585,161.76190476190476,447.25518925509186,178.5952380952381,111.6468253967676,182.07142857142858,436.53724053726734,109.11904761904762,731.5992063491918,116.47619047619047,1597.2985347985095,-0.6666666666666856,16.66666666666663,4.0,-20.333333333333314,23.738095238095234,181.5912698412037,20.309523809523807,943.7728937727742,5,10,1,4,286,-0.9749279121818236,-0.2225209339563146,-1.0,-1.8369701987210297e-16,-0.981947190186646,0.18915526872004093
2024-10-13,130.0,227.0,192.0,5889.0,210.0,154.28571428571425,22.28539483923852,33.42889087504723,5951.0,6005.5,5925.0,193.0,163.0,177.0,192.33333333333331,176.5,153.0,204.0,183.0,213.0,114.66666666666669,99.5,81.0,6010.357142857143,1812.7261902636938,6024.071428571428,3258.7252748414653,157.71428571428572,544.2380952380963,162.71428571428572,496.6813186812226,180.78571428571428,137.08068783063118,184.42857142857142,398.8833943834191,111.21428571428571,717.7473544973408,118.64285714285714,1513.0207570207324,-18.0,-0.6666666666666856,13.5,-24.0,23.071428571428562,215.40608465601906,21.71428571428571,848.4291819290617,6,10,1,4,287,-0.7818314824680299,0.6234898018587334,-1.0,-1.8369701987210297e-16,-0.9785481345802031,0.20601832032517084
2024-10-14,88.0,214.0,160.0,5935.0,106.0,154.42857142857142,-24.992007839004494,-23.436563589566923,5889.0,5968.0,5967.0,210.0,153.0,138.0,192.0,176.0,184.0,227.0,190.0,285.0,130.0,99.0,209.0,5993.714285714285,3940.2380950247007,6021.5,3900.000000116308,164.42857142857142,942.619047619048,165.07142857142858,646.9945054944126,183.0,149.25925925920387,187.21428571428572,318.95482295484516,115.57142857142857,731.5449735449614,122.14285714285714,1400.7515262515028,54.0,-18.0,23.0,46.0,18.571428571428562,457.6560846560216,22.14285714285714,808.8028083026877,0,10,0,4,288,0.0,1.0,-1.0,-1.8369701987210297e-16,-0.9748595108374125,0.22282040779479959
2024-10-15,113.0,208.0,159.0,6013.0,107.0,153.8095238095238,-44.6268973503646,-2.182626459159195,5935.0,6013.0,6040.0,106.0,123.0,137.0,160.0,166.0,217.0,214.0,239.0,314.0,88.0,167.0,184.0,5989.0,4378.66666645301,6019.214285714285,4241.450549566965,157.71428571428572,1437.238095238096,162.78571428571428,853.412087911992,180.71428571428572,223.16402116396443,185.5,371.96581196583577,114.0,809.5925925925799,113.5,829.6581196580936,52.0,54.0,43.0,80.0,22.999999999999993,640.7037037036381,22.71428571428571,842.7368742367532,1,10,0,4,289,0.7818314824680298,0.6234898018587336,-1.0,-1.8369701987210297e-16,-0.9708824104813836,0.23955655912092708
2024-10-16,174.0,285.0,150.0,6036.0,129.0,152.4285714285714,-17.219894549244145,-6.208676879327243,6013.0,6047.0,6091.0,107.0,137.0,173.0,159.0,169.0,230.0,208.0,216.0,215.0,113.0,115.0,107.0,5989.0,4378.66666645301,6017.285714285715,4207.181318797822,155.42857142857142,1658.9523809523819,160.64285714285714,1036.7087912086924,179.71428571428572,264.4973544972972,181.35714285714286,331.1746031746309,106.28571428571429,272.16402116400565,108.42857142857143,419.6526251525975,21.0,52.0,32.0,57.0,24.285714285714278,712.275132275066,20.71428571428571,651.9676434675237,2,10,0,4,290,0.9749279121818236,-0.22252093395631434,-1.0,-1.8369701987210297e-16,-0.9666180104000972,0.2562218218071163
2024-10-17,104.0,230.0,206.0,6076.0,160.0,150.28571428571428,20.791543792326248,-11.077258078040526,6036.0,6075.0,6118.0,129.0,159.0,193.0,150.0,193.0,178.0,285.0,158.0,162.0,174.0,84.0,101.0,5987.428571428572,4183.285714071971,6013.357142857143,3799.516483633168,154.28571428571428,1717.2380952380963,157.5,1091.346153846051,177.0,383.92592592586703,175.64285714285714,189.63614163617456,114.71428571428571,940.8306878306752,113.21428571428571,725.5702075701813,46.0,21.0,34.0,-15.0,22.714285714285705,701.2751322750669,18.14285714285714,543.5720390719208,3,10,0,4,291,0.43388373911755823,-0.900968867902419,-1.0,-1.8369701987210297e-16,-0.9620675724981452,0.27281126433401914
2024-10-18,118.33333333333331,245.33333333333331,208.66666666666663,6023.333333333333,171.66666666666666,157.14285714285714,21.74184085920495,-7.21803133539543,6076.0,6013.0,6080.5,160.0,176.0,183.0,206.0,192.66666666666663,177.5,230.0,181.0,169.0,104.0,99.33333333333331,100.5,5987.571428571428,4212.6190474053155,6010.357142857143,3249.362637479458,154.42857142857142,1718.9523809523819,155.14285714285714,988.9010989009931,178.85714285714286,477.40211640205865,177.64285714285714,255.7899877900189,117.57142857142857,793.2116402116285,113.42857142857143,720.575702075676,36.99999999999997,46.0,16.66666666666663,-5.5,24.42857142857142,766.9894179893516,22.499999999999996,498.3247863246655,4,10,0,4,292,-0.433883739117558,-0.9009688679024191,-1.0,-1.8369701987210297e-16,-0.957232443323312,0.28931997761869527
2024-10-19,132.66666666666666,260.6666666666667,211.33333333333331,5970.666666666667,183.33333333333331,157.42857142857142,22.02002024784352,3.884741656918408,6023.333333333333,5951.0,6043.0,171.66666666666666,193.0,173.0,208.66666666666663,192.33333333333331,177.0,245.33333333333331,204.0,176.0,118.33333333333331,114.66666666666669,100.0,5989.047619047619,4315.460317246661,6006.273809523809,2865.8957571377623,153.8095238095238,1690.4761904761915,154.33333333333334,949.5042735041667,181.14285714285714,587.6243386242821,179.86904761904762,324.4879426129715,120.28571428571429,729.2751322751215,114.70238095238095,707.8212759462501,28.0,36.99999999999997,-0.6666666666666856,4.0,27.333333333333325,773.4444444443762,25.535714285714278,444.2657203905978,5,10,1,4,293,-0.9749279121818236,-0.2225209339563146,-1.0,-1.8369701987210297e-16,-0.9521140536681102,0.3057430764672831
2024-10-20,147.0,276.0,214.0,5918.0,195.0,158.71428571428572,22.28539483923852,14.000319446475755,5970.666666666667,5889.0,6005.5,183.33333333333331,210.0,163.0,211.33333333333331,192.0,176.5,260.6666666666667,227.0,183.0,132.66666666666666,130.0,99.5,5991.857142857143,4121.291005077502,6001.107142857143,2830.9213981636344,152.42857142857142,1577.5449735449745,155.07142857142858,986.8064713063652,183.85714285714286,710.068783068728,182.32142857142858,393.5318986569252,122.85714285714286,741.8465608465509,117.03571428571429,710.1546092795841,19.0,28.0,-18.0,13.5,31.428571428571423,623.2857142856436,27.249999999999993,405.8920940169704,6,10,1,4,294,-0.7818314824680299,0.6234898018587334,-1.0,-1.8369701987210297e-16,-0.9467139181463862,0.3220757010206104
2024-10-21,108.0,220.0,213.0,5966.0,154.0,157.49999999999997,-24.992007839004494,21.49200783900452,5918.0,5935.0,5968.0,195.0,106.0,153.0,214.0,160.0,176.0,276.0,214.0,190.0,147.0,88.0,99.0,5996.0,3247.1481479348663,5994.857142857143,3318.661782779302,150.28571428571428,1321.8306878306892,157.35714285714286,1098.9822954821925,187.0,838.9259259258725,185.0,460.3931623931866,125.28571428571429,823.6084656084566,120.42857142857143,743.169719169695,59.0,19.0,54.0,23.0,36.714285714285715,209.23809523802151,27.642857142857135,396.41819291806917,0,10,0,4,295,0.0,1.0,-1.0,-1.8369701987210297e-16,-0.9410336347451197,0.3383130181923076
2024-10-22,180.0,280.0,146.0,6043.0,109.0,156.54761904761904,-44.6268973503646,-2.920721697254436,5966.0,6013.0,6013.0,154.0,107.0,123.0,213.0,159.0,166.0,220.0,208.0,239.0,108.0,113.0,167.0,6000.428571428572,2754.1005288874935,5994.714285714285,3327.2112333287605,157.14285714285714,942.4021164021174,157.42857142857142,1098.3833943832915,194.57142857142858,763.2116402115912,187.64285714285714,506.94810744812935,128.14285714285714,632.1798941798861,121.07142857142857,719.2851037850797,37.0,59.0,52.0,43.0,37.42857142857143,241.6190476189735,30.214285714285705,463.2753357752105,1,10,0,4,296,0.7818314824680298,0.6234898018587336,-1.0,-1.8369701987210297e-16,-0.9350748843515574,0.3544502230989869
2024-10-23,134.0,294.0,186.0,6077.0,138.0,155.85714285714283,-17.219894549244145,-0.6372483078986875,6043.0,6036.0,6047.0,109.0,129.0,137.0,146.0,150.0,169.0,280.0,285.0,216.0,180.0,174.0,115.0,6004.714285714285,3008.3862431734474,5996.857142857143,3475.892552009982,157.42857142857142,909.5449735449744,156.42857142857142,1186.5372405371365,192.71428571428572,941.4973544973045,186.21428571428572,602.1129426129659,137.71428571428572,935.2751322751277,122.0,823.2136752136514,48.0,37.0,21.0,32.0,35.285714285714285,200.90476190468897,29.785714285714278,454.0445665444415,2,10,0,4,297,0.9749279121818236,-0.22252093395631434,-1.0,-1.8369701987210297e-16,-0.9288394302558068,0.3704825404820963
2024-10-24,151.0,298.75,179.0,6051.25,151.5,155.42857142857142,20.791543792326248,-24.720115220897664,6077.0,6076.0,6075.0,138.0,160.0,159.0,186.0,206.0,193.0,294.0,230.0,158.0,134.0,104.0,84.0,6010.571428571428,3676.100528888059,5999.0,3771.6068377241713,158.71428571428572,835.8306878306886,156.5,1183.6196581195543,197.85714285714286,614.0687830687361,187.42857142857142,577.7338217338439,132.0,680.0370370370304,123.35714285714286,828.5378510378275,27.5,48.0,46.0,34.0,39.142857142857146,176.47619047611536,30.92857142857142,477.7808302807046,3,10,0,4,298,0.43388373911755823,-0.900968867902419,-1.0,-1.8369701987210297e-16,-0.9223291176290545,0.3864052261209853
2024-10-25,168.0,303.5,172.0,6025.5,165.0,155.7142857142857,21.74184085920495,-12.456126573490645,6051.25,6023.333333333333,6013.0,151.5,171.66666666666666,176.0,179.0,208.66666666666663,192.66666666666663,298.75,245.33333333333331,181.0,151.0,118.33333333333331,99.33333333333331,6007.035714285715,3223.82374317358,5997.303571428572,3534.204708603368,157.5,842.50925925926,155.96428571428572,1184.7528998777952,194.0,644.9259259258768,186.42857142857142,579.7338217338448,138.71428571428572,556.9417989417943,128.14285714285714,743.4993894993672,7.0,27.5,36.99999999999997,16.66666666666663,36.49999999999999,183.08333333325973,30.464285714285705,477.7272588521334,4,10,0,4,299,-0.433883739117558,-0.9009688679024191,-1.0,-1.8369701987210297e-16,-0.9155458729775467,0.40221356823680365
2024-10-26,185.0,308.25,165.0,5999.75,178.5,158.14285714285714,22.02002024784352,-1.6628773907006575,6025.5,5970.666666666667,5951.0,165.0,183.33333333333331,193.0,172.0,211.33333333333331,192.33333333333331,303.5,260.6666666666667,204.0,168.0,132.66666666666666,114.66666666666669,6007.345238095238,3236.264880739737,5998.196428571428,3575.5508624494823,156.54761904761904,817.376984126985,155.17857142857142,1159.489163614058,188.7619047619048,657.7301587301066,184.95238095238096,590.407814407839,145.8095238095238,571.9206349206323,133.04761904761907,775.9462759462549,-13.5,7.0,28.0,-0.6666666666666856,32.214285714285715,306.6547619046908,29.77380952380952,504.9213980462729,5,10,1,4,300,-0.9749279121818236,-0.2225209339563146,-1.0,-1.8369701987210297e-16,-0.9084917035725082,0.41790288888678667
2024-10-27,202.0,313.0,158.0,5974.0,192.0,161.28571428571428,22.28539483923852,8.428890875047202,5999.75,5918.0,5889.0,178.5,195.0,210.0,165.0,214.0,192.0,308.25,276.0,227.0,185.0,147.0,130.0,6011.5,3001.5208331209274,6001.678571428572,3391.332112449326,155.85714285714286,777.5595238095249,154.14285714285714,1090.1361416360346,182.14285714285714,615.809523809468,183.0,612.7350427350694,153.28571428571428,733.9047619047614,138.07142857142858,930.3962148961951,-34.0,-13.5,19.0,-18.0,26.285714285714285,610.9880952380275,28.857142857142858,576.7857142855896,6,10,1,4,301,-0.7818314824680299,0.6234898018587334,-1.0,-1.8369701987210297e-16,-0.9011686968561569,0.4334685453485363
2024-10-28,110.0,272.0,193.0,6008.0,156.0,164.92857142857142,-24.992007839004494,16.063436410433077,5974.0,5966.0,5935.0,192.0,154.0,106.0,158.0,213.0,160.0,313.0,220.0,214.0,202.0,108.0,88.0,6019.5,1704.1874997880514,6007.75,2433.914530031471,155.42857142857142,739.702380952382,152.85714285714286,958.5976800975716,174.14285714285714,469.142857142797,180.57142857142858,648.2295482295775,161.14285714285714,1050.8095238095254,143.21428571428572,1211.2753357753172,37.0,-34.0,59.0,54.0,18.714285714285715,1140.988095238032,27.714285714285715,710.4120879119641,0,10,0,4,302,0.0,1.0,-1.0,-1.8369701987210297e-16,-0.8935790198239952,0.4489059314938798
2024-10-29,166.0,277.0,229.0,6106.0,126.0,166.97619047619048,-44.6268973503646,3.6507068741741193,6008.0,6043.0,6013.0,156.0,109.0,107.0,193.0,146.0,159.0,272.0,280.0,208.0,110.0,180.0,113.0,6025.5,1207.1874997883958,6012.964285714285,1997.5189256356325,155.71428571428572,739.3214285714297,156.42857142857142,776.7295482294446,171.28571428571428,267.23809523803357,182.92857142857142,621.5757020757288,161.42857142857142,1015.9523809523826,144.78571428571428,1058.9676434676253,103.0,37.0,37.0,52.0,15.571428571428571,914.7023809523195,26.5,662.3076923075691,1,10,0,4,303,0.7818314824680298,0.6234898018587336,-1.0,-1.8369701987210297e-16,-0.8857249183835637,0.4642104791518923
2024-10-30,136.0,276.0,178.0,6149.0,160.0,167.4285714285714,-17.219894549244145,9.791323120672756,6106.0,6077.0,6036.0,126.0,138.0,129.0,229.0,186.0,150.0,277.0,294.0,285.0,166.0,134.0,174.0,6034.5,2141.6874997889104,6019.607142857143,2615.8156289320355,158.14285714285714,515.8928571428582,157.78571428571428,658.0317460316443,183.14285714285714,551.8095238094687,187.92857142857142,713.8833943834156,159.42857142857142,957.2857142857152,148.57142857142858,1000.4346764346591,18.0,103.0,48.0,21.0,25.0,2008.4166666665997,30.142857142857142,1048.1703296702044,2,10,0,4,304,0.9749279121818236,-0.22252093395631434,-1.0,-1.8369701987210297e-16,-0.8776087166898392,0.4793776594606945
2024-10-31,87.0,246.0,173.0,6148.0,177.0,166.28571428571428,20.791543792326248,-10.077258078040526,6149.0,6051.25,6076.0,160.0,151.5,160.0,178.0,179.0,206.0,276.0,298.75,230.0,136.0,151.0,104.0,6044.785714285715,3902.25892836094,6027.678571428572,3812.870573986612,161.28571428571428,437.32142857143,160.0,589.38888888879,182.0,553.3333333332777,189.92857142857142,606.4987789987982,159.71428571428572,940.904761904763,145.85714285714286,954.9181929181749,-4.0,18.0,27.5,46.0,20.714285714285715,1906.9880952380308,29.928571428571427,1053.032967032842,3,10,0,4,305,0.43388373911755823,-0.900968867902419,-1.0,-1.8369701987210297e-16,-0.8692328164574792,0.49440298420761813
2024-11-01,86.0,221.0,167.66666666666666,6095.333333333333,179.33333333333334,162.85714285714286,21.74184085920495,-5.265650383014467,6148.0,6025.5,6023.333333333333,177.0,165.0,171.66666666666666,173.0,172.0,208.66666666666663,246.0,303.5,245.33333333333331,87.0,168.0,118.33333333333331,6058.607142857143,5447.955356933181,6032.821428571428,4718.409035524844,164.92857142857142,447.035714285716,161.21428571428572,610.0317460316488,181.14285714285714,564.4761904761343,187.57142857142858,602.6910866911084,150.57142857142858,1711.9523809523791,144.64285714285714,1085.033577533559,-11.666666666666686,-4.0,7.0,36.99999999999997,16.214285714285715,1977.4880952380333,26.357142857142858,1107.978021977899,4,11,0,4,306,-0.433883739117558,-0.9009688679024191,-0.8660254037844386,0.5000000000000001,-0.8605996962501181,0.5092820071573356
2024-11-02,85.0,196.0,162.33333333333334,6042.666666666667,181.66666666666663,162.85714285714286,22.02002024784352,-3.2104964383197228,6095.333333333333,5999.75,5970.666666666667,179.33333333333334,178.5,183.33333333333331,167.66666666666666,165.0,211.33333333333331,221.0,308.25,260.6666666666667,86.0,185.0,132.66666666666666,6068.583333333334,5373.965277568681,6037.964285714285,4983.595848711427,166.9761904761905,476.72619047619236,161.76190476190476,626.5586080585116,180.5238095238095,580.3650793650229,184.64285714285714,589.7002442002693,138.85714285714286,2196.142857142852,142.33333333333334,1290.5811965811777,-19.333333333333286,-11.666666666666686,-13.5,28.0,13.547619047619046,2084.5992063491462,22.880952380952376,1197.4676434675227,5,11,1,4,307,-0.9749279121818236,-0.2225209339563146,-0.8660254037844386,0.5000000000000001,-0.8517119107469189,0.5240103253675756
2024-11-03,84.0,171.0,157.0,5990.0,184.0,159.57142857142856,22.28539483923852,2.143176589332924,6042.666666666667,5974.0,5918.0,181.66666666666663,192.0,195.0,162.33333333333334,158.0,214.0,196.0,313.0,276.0,85.0,202.0,147.0,6074.714285714285,4652.386243177498,6043.107142857143,4608.431013546365,167.42857142857142,490.322751322753,161.64285714285714,621.2258852257885,180.14285714285714,595.1798941798374,181.14285714285714,559.9951159951449,124.57142857142857,2086.619047619038,138.92857142857142,1523.7637362637165,-27.0,-19.333333333333286,-34.0,19.0,12.714285714285719,2142.0529100528497,19.5,1320.222222222103,6,11,1,4,308,-0.7818314824680299,0.6234898018587334,-0.8660254037844386,0.5000000000000001,-0.8425720899866032,0.5385835804920232
2024-11-04,167.0,209.0,157.0,6007.0,132.0,159.57142857142856,-24.992007839004494,-2.5794207324240617,5990.0,6008.0,5966.0,184.0,156.0,154.0,157.0,193.0,213.0,171.0,272.0,220.0,84.0,110.0,108.0,6077.0,4151.8148146062085,6048.25,3592.914530029649,166.28571428571428,433.9417989418005,160.85714285714286,573.4181929180952,180.0,602.703703703647,177.07142857142858,503.93467643470973,107.71428571428571,1030.2380952380806,134.42857142857142,1729.032967032946,25.0,-27.0,37.0,59.0,13.714285714285719,2040.0529100528493,16.214285714285715,1474.9035409034238,0,11,0,4,309,0.0,1.0,-0.8660254037844386,0.5000000000000001,-0.8331829385891785,0.5529974600700271
2024-11-05,109.0,245.0,159.0,6045.0,126.0,158.09523809523807,-44.6268973503646,12.531659255126527,6007.0,6106.0,6043.0,132.0,126.0,109.0,157.0,229.0,146.0,209.0,277.0,280.0,167.0,166.0,180.0,6076.857142857143,4174.957671749048,6051.178571428572,3194.1782662932483,162.85714285714286,598.5132275132291,159.28571428571428,631.198412698313,174.85714285714286,631.8465608465013,173.07142857142858,418.3962148962524,115.85714285714286,1537.8095238095118,138.64285714285714,1737.7857142856944,33.0,25.0,103.0,37.0,12.000000000000004,1967.4814814814217,13.785714285714288,1333.6727716726562,1,11,0,4,310,0.7818314824680298,0.6234898018587336,-0.8660254037844386,0.5000000000000001,-0.8235472349556007,0.5672476988027229
2024-11-06,156.0,256.0,176.0,6086.0,137.0,155.14285714285714,-17.219894549244145,-0.9229625936129936,6045.0,6149.0,6077.0,126.0,160.0,138.0,159.0,178.0,186.0,245.0,276.0,294.0,109.0,136.0,134.0,6068.142857142857,4113.957671748541,6051.321428571428,3191.947497062472,162.85714285714286,598.5132275132291,160.5,520.3247863246881,164.85714285714286,68.51322751316292,174.0,376.3247863248228,107.71428571428571,1049.2380952380806,133.57142857142858,1646.109890109869,39.0,33.0,18.0,48.0,2.000000000000004,544.1481481480943,13.500000000000002,1320.529914529799,2,11,0,4,311,0.9749279121818236,-0.22252093395631434,-0.8660254037844386,0.5000000000000001,-0.8136678304455991,0.5813300798152042
2024-11-07,125.0,232.0,192.0,6084.0,177.0,150.71428571428572,20.791543792326248,5.4941704933880295,6086.0,6148.0,6051.25,137.0,177.0,151.5,176.0,173.0,179.0,256.0,246.0,298.75,156.0,87.0,151.0,6059.142857142857,2982.95767174802,6051.964285714285,3233.288156403102,159.57142857142858,695.9894179894196,160.42857142857142,523.8577533576552,164.57142857142858,60.322751322686564,173.28571428571428,365.00610500614226,110.57142857142857,1294.952380952367,135.14285714285714,1682.131868131847,15.0,39.0,-4.0,27.5,5.000000000000004,719.1481481480924,12.85714285714286,1278.546398046283,3,11,0,4,312,0.43388373911755823,-0.900968867902419,-0.8660254037844386,0.5000000000000001,-0.8035476485339116,0.5952404359043674
2024-11-08,123.25,208.75,186.0,6053.75,169.0,152.57142857142858,21.74184085920495,-5.313269430633532,6084.0,6095.333333333333,6025.5,177.0,179.33333333333334,165.0,192.0,167.66666666666666,172.0,232.0,221.0,303.5,125.0,86.0,168.0,6050.0,1672.4814812713023,6054.303571428572,3306.300862446948,159.57142857142858,695.9894179894196,162.25,535.2767094016135,167.28571428571428,165.275132275069,174.21428571428572,388.5061050061413,116.0,1202.6666666666545,133.28571428571428,1666.9890109889895,17.0,15.0,-11.666666666666686,7.0,7.714285714285718,713.7195767195194,11.964285714285717,1261.5477716726573,4,11,0,4,313,-0.433883739117558,-0.9009688679024191,-0.8660254037844386,0.5000000000000001,-0.7931896839451843,0.6089746507720486
2024-11-09,121.5,185.5,180.0,6023.5,161.0,154.2857142857143,22.02002024784352,-15.305734533557825,6053.75,6042.666666666667,5999.75,169.0,181.66666666666663,178.5,186.0,162.33333333333334,165.0,208.75,196.0,308.25,123.25,85.0,185.0,6044.059523809524,1291.1359124879002,6056.321428571428,3238.120573985315,158.0952380952381,643.1746031746048,162.53571428571428,538.1118742367787,169.9047619047619,215.61904761898583,175.21428571428572,397.7368742369095,121.32142857142857,1028.38988095237,130.08928571428572,1571.0346840659122,19.0,17.0,-19.333333333333286,-13.5,11.809523809523816,645.920634920575,12.67857142857143,1261.0532661781513,5,11,1,4,314,-0.9749279121818236,-0.2225209339563146,-0.8660254037844386,0.5000000000000001,-0.7825970017677834,0.6225286602431057
2024-11-10,119.75,162.25,174.0,5993.25,153.0,156.28571428571428,22.28539483923852,-25.5711091249528,6023.5,5990.0,5974.0,161.0,184.0,192.0,180.0,157.0,158.0,185.5,171.0,313.0,121.5,84.0,202.0,6041.321428571428,1352.5148807417106,6058.017857142857,3071.707455853368,155.14285714285714,541.8095238095259,161.28571428571428,517.0061050060079,172.42857142857142,215.61904761898722,176.28571428571428,390.2368742369083,126.53571428571429,776.8005952380859,125.55357142857143,1322.6171016483288,21.0,19.0,-27.0,-34.0,17.285714285714285,457.90476190469946,15.000000000000002,1205.6068376067215,6,11,1,4,315,-0.7818314824680299,0.6234898018587334,-0.8660254037844386,0.5000000000000001,-0.7717727365467836,0.6358984534680745
2024-11-11,118.0,139.0,168.0,5963.0,145.0,155.57142857142856,-24.992007839004494,14.420579267575938,5993.25,6007.0,6008.0,153.0,132.0,156.0,174.0,157.0,193.0,162.25,209.0,272.0,119.75,167.0,110.0,6041.785714285715,1298.4255950274483,6059.392857142857,2849.354090468689,150.71428571428572,380.90476190476426,158.5,441.36324786314736,174.85714285714286,169.47619047613145,177.42857142857142,363.5115995116323,131.64285714285714,452.4970238095159,119.67857142857143,838.4945054944815,23.0,21.0,25.0,37.0,24.142857142857142,78.4761904761241,18.928571428571427,1007.062881562763,0,11,0,4,316,0.0,1.0,-0.8660254037844386,0.5000000000000001,-0.7607200913564104,0.6490800741100398
2024-11-12,142.0,235.0,139.0,5975.0,138.0,157.09523809523807,-44.6268973503646,25.531659255126527,5963.0,6045.0,6106.0,145.0,126.0,126.0,168.0,159.0,229.0,139.0,245.0,277.0,118.0,109.0,166.0,6035.5,2085.1874997889786,6056.178571428572,3349.793650908394,152.57142857142858,323.9523809523832,157.71428571428572,454.2368742367728,176.42857142857142,121.28571428565614,175.64285714285714,348.2643467643815,124.64285714285714,217.99702380951396,120.25,831.1538461538222,1.0,23.0,33.0,103.0,23.857142857142858,78.47619047612427,17.92857142857143,982.1398046396866,1,11,0,4,317,0.7818314824680298,0.6234898018587336,-0.8660254037844386,0.5000000000000001,-0.7494423368521954,0.6620696215153815
2024-11-13,148.0,245.0,175.0,5966.0,151.0,160.85714285714283,-17.219894549244145,7.362751692101312,5975.0,6086.0,6149.0,138.0,137.0,160.0,139.0,176.0,178.0,235.0,256.0,276.0,142.0,156.0,136.0,6025.5,2563.5208331217177,6046.821428571428,3571.4859586011203,154.28571428571428,238.23809523809732,158.57142857142858,405.9731379730375,173.57142857142858,294.6190476189877,169.21428571428572,188.04456654460878,129.35714285714286,201.49702380951524,118.53571428571429,703.3736263736022,24.0,1.0,39.0,18.0,19.285714285714285,127.23809523803168,10.642857142857144,390.31562881551514,2,11,0,4,318,0.9749279121818236,-0.22252093395631434,-0.8660254037844386,0.5000000000000001,-0.7379428103031386,0.6748632518680403
2024-11-14,119.0,219.0,210.0,6025.0,172.0,166.85714285714283,20.791543792326248,-15.64868664946908,5966.0,6084.0,6148.0,151.0,177.0,177.0,175.0,192.0,173.0,245.0,232.0,246.0,148.0,125.0,87.0,6008.357142857143,2200.6636902635587,6033.75,3086.837606953355,156.28571428571428,185.57142857143046,157.92857142857142,409.7808302807291,173.42857142857142,293.95238095232094,169.0,184.6324786325211,128.21428571428572,139.59226190475303,119.39285714285714,745.9010989010749,38.0,24.0,15.0,-4.0,17.142857142857142,60.809523809461474,11.071428571428573,399.6782661781523,3,11,0,4,319,0.43388373911755823,-0.900968867902419,-0.8660254037844386,0.5000000000000001,-0.7262249146041543,0.6874571793269664
2024-11-15,114.33333333333331,216.0,189.66666666666663,5955.333333333333,179.66666666666666,165.85714285714286,21.74184085920495,-7.932317049681153,6025.0,6053.75,6095.333333333333,172.0,169.0,179.33333333333334,210.0,186.0,167.66666666666666,219.0,208.75,221.0,119.0,123.25,86.0,5999.928571428572,1210.3065474059233,6024.964285714285,2005.5189256350686,155.57142857142858,154.61904761904952,157.57142857142858,396.8962148961133,176.0,451.66666666660814,171.64285714285714,305.1874236874631,127.35714285714286,151.16369047618142,121.67857142857143,659.571428571405,9.999999999999972,38.0,17.0,-11.666666666666686,20.428571428571427,119.95238095231669,14.071428571428573,428.29365079353505,4,11,0,4,320,-0.433883739117558,-0.9009688679024191,-0.8660254037844386,0.5000000000000001,-0.7142921172691032,0.699847677146407
2024-11-16,109.66666666666669,213.0,169.33333333333334,5885.666666666667,187.33333333333331,167.0,22.02002024784352,-1.686686914510176,5955.333333333333,6023.5,6042.666666666667,179.66666666666666,161.0,181.66666666666663,189.66666666666663,180.0,162.33333333333334,216.0,185.5,196.0,114.33333333333331,121.5,85.0,5985.869047619048,828.3561505797006,6014.964285714285,1889.8778999944902,157.0952380952381,218.61904761904907,157.59523809523807,398.0201465200449,176.52380952380955,465.8095238094654,173.21428571428572,326.3009768010143,126.08333333333333,174.7291666666574,123.70238095238095,561.3907203906972,-17.99999999999997,9.999999999999972,19.0,-19.333333333333286,19.428571428571423,134.95238095231738,15.61904761904762,376.03174603162927,5,11,1,4,321,-0.9749279121818236,-0.2225209339563146,-0.8660254037844386,0.5000000000000001,-0.7021479494046978,0.7120310787787131
2024-11-17,105.0,210.0,149.0,5816.0,195.0,166.57142857142856,22.28539483923852,6.143176589332924,5885.666666666667,5993.25,5990.0,187.33333333333331,153.0,184.0,169.33333333333334,174.0,157.0,213.0,162.25,171.0,109.66666666666669,119.75,84.0,5966.178571428572,1813.4269177742935,6003.75,2981.401709518796,160.85714285714286,351.9576719576724,158.0,421.29914529904414,175.0,469.70370370364435,173.71428571428572,318.0830280830651,124.39285714285714,212.81183862432883,125.46428571428571,457.98046398044113,-46.0,-17.99999999999997,21.0,-27.0,14.142857142857142,335.809523809463,15.714285714285714,368.98901098889434,6,11,1,4,322,-0.7818314824680299,0.6234898018587334,-0.8660254037844386,0.5000000000000001,-0.6897960046655887,0.7240037789593305
2024-11-18,143.0,203.0,163.0,5819.0,138.0,172.0,-24.992007839004494,-9.007992160995506,5816.0,5963.0,6007.0,195.0,145.0,132.0,149.0,168.0,157.0,210.0,139.0,209.0,105.0,118.0,167.0,5940.857142857143,4702.179893963272,5991.321428571428,5512.050061167709,166.85714285714286,493.95767195767115,158.78571428571428,473.9420024419021,171.42857142857142,567.3227513226899,173.14285714285714,343.22588522592287,122.28571428571429,266.71957671956636,126.96428571428571,355.5189255189029,25.0,-46.0,23.0,25.0,4.571428571428571,823.9523809523257,14.357142857142858,519.6318681317523,0,11,0,4,323,0.0,1.0,-0.8660254037844386,0.5000000000000001,-0.6772399381909491,0.7357622347736527
2024-11-19,119.0,209.0,152.0,5844.0,146.0,176.19047619047618,-44.6268973503646,14.436421159888424,5819.0,5975.0,6045.0,138.0,138.0,126.0,163.0,139.0,159.0,203.0,235.0,245.0,143.0,142.0,109.0,5920.285714285715,6601.608465390629,5977.892857142857,7583.148962267204,165.85714285714286,551.9576719576713,159.21428571428572,451.7881562880565,170.71428571428572,576.6084656084038,173.57142857142858,330.896214896252,125.85714285714286,320.2910052909958,125.25,248.83760683758385,6.0,25.0,1.0,33.0,4.857142857142857,836.8095238094685,14.357142857142858,519.6318681317523,1,11,0,4,324,0.7818314824680298,0.6234898018587336,-0.8660254037844386,0.5000000000000001,-0.6644834655228552,0.7473029667054296
2024-11-20,155.0,212.0,181.0,5879.0,148.0,179.14285714285714,-17.219894549244145,-13.922962593612992,5844.0,5966.0,6086.0,146.0,151.0,137.0,152.0,175.0,176.0,209.0,245.0,256.0,119.0,148.0,156.0,5901.571428571428,6663.989417770471,5963.535714285715,8393.775335894212,167.0,486.81481481481393,160.64285714285714,378.1617826616844,172.57142857142858,463.32275132269064,173.07142857142858,350.0885225885603,122.57142857142857,272.1005291005188,125.96428571428571,230.98046398044113,33.0,6.0,24.0,39.0,5.571428571428571,833.9523809523253,12.428571428571429,494.2637362636215,2,11,0,4,325,0.9749279121818236,-0.22252093395631434,-0.8660254037844386,0.5000000000000001,-0.6515303615068021,0.75862255966641
2024-11-21,109.0,214.0,173.0,5850.0,210.0,180.85714285714283,20.791543792326248,8.35131335053092,5879.0,6025.0,6084.0,148.0,172.0,177.0,181.0,210.0,192.0,212.0,219.0,232.0,155.0,119.0,125.0,5889.142857142857,5876.8465606268655,5948.75,7554.401709521234,166.57142857142858,504.1005291005283,161.42857142857142,346.79365079355335,173.42857142857142,473.32275132269115,173.42857142857142,354.1269841270214,123.57142857142857,338.4338624338524,125.89285714285714,226.4310134309906,-37.0,33.0,38.0,15.0,6.857142857142857,900.8095238094675,12.0,472.30769230757784,3,11,0,4,326,0.43388373911755823,-0.900968867902419,-0.8660254037844386,0.5000000000000001,-0.6383844591746642,0.7697176640069211
2024-11-22,136.33333333333334,237.0,179.33333333333334,5788.0,209.0,179.57142857142858,21.74184085920495,7.686730569366468,5850.0,5955.333333333333,6053.75,210.0,179.66666666666666,169.0,173.0,189.66666666666663,186.0,214.0,216.0,208.75,109.0,114.33333333333331,123.25,5864.142857142857,2326.846560625365,5932.035714285715,6596.544566664805,172.0,779.1481481481463,163.78571428571428,503.63431013421535,168.14285714285714,217.8465608464977,172.07142857142858,325.6269841270229,122.14285714285714,367.9576719576616,124.75,246.9145299145068,-29.666666666666657,-37.0,9.999999999999972,17.0,-3.857142857142857,925.8095238094738,8.285714285714286,641.4505494504373,4,11,0,4,327,-0.433883739117558,-0.9009688679024191,-0.8660254037844386,0.5000000000000001,-0.6250496486104377,0.7805849965070866
2024-11-23,163.66666666666669,260.0,185.66666666666663,5726.0,208.0,174.7142857142857,22.02002024784352,11.265694037870787,5788.0,5885.666666666667,6023.5,209.0,187.33333333333331,161.0,179.33333333333334,169.33333333333334,180.0,237.0,213.0,185.5,136.33333333333334,109.66666666666669,121.5,5840.2380952380945,1240.5079362853082,5913.053571428572,6664.807272709557,176.19047619047618,977.0317460317436,166.64285714285714,650.0079365078449,166.66666666666666,158.96296296289938,171.59523809523807,314.5158730159124,125.2857142857143,379.8306878306782,125.68452380952381,256.12198565321273,-22.33333333333337,-29.666666666666657,-17.99999999999997,19.0,-9.523809523809518,967.365079365033,4.952380952380953,734.4420024418922,5,11,1,4,328,-0.9749279121818236,-0.2225209339563146,-0.8660254037844386,0.5000000000000001,-0.6115298757991053,0.7912213413483807
2024-11-24,191.0,283.0,192.0,5664.0,207.0,183.7142857142857,22.28539483923852,1.0003194464757854,5726.0,5816.0,5993.25,208.0,195.0,153.0,185.66666666666663,149.0,174.0,260.0,210.0,162.25,163.66666666666669,105.0,119.75,5817.428571428572,2464.619047395018,5891.803571428572,7931.6341957873665,179.14285714285714,1114.809523809521,170.0,766.9914529913651,169.0,211.59259259253017,172.0,324.136752136791,133.0,515.2592592592516,128.69642857142858,355.9782127594407,-15.0,-22.33333333333337,-46.0,21.0,-10.142857142857148,982.2910052909596,1.999999999999998,767.1452991451908,6,11,1,4,329,-0.7818314824680299,0.6234898018587334,-0.8660254037844386,0.5000000000000001,-0.5978291414589552,0.801623551065242
2024-11-25,170.0,297.0,196.0,5715.0,129.0,174.14285714285714,-24.992007839004494,-20.150849303852645,5664.0,5819.0,5963.0,207.0,138.0,145.0,192.0,163.0,168.0,283.0,203.0,139.0,191.0,143.0,118.0,5795.714285714285,5837.571428346079,5868.285714285715,10536.236874359778,180.85714285714286,1198.8095238095204,173.85714285714286,834.0463980463145,175.14285714285714,189.06878306872431,173.28571428571428,352.81807081810825,145.28571428571428,769.164021164016,133.78571428571428,620.523199023178,67.0,-15.0,25.0,23.0,-5.714285714285718,749.0529100528616,-0.5714285714285735,754.4859584858516,0,11,0,4,330,0.0,1.0,-0.8660254037844386,0.5000000000000001,-0.5839514998576998,0.8117885474764613
2024-11-26,152.0,272.0,214.0,5826.0,112.0,165.0,-44.6268973503646,-8.373102649635399,5715.0,5844.0,5975.0,129.0,146.0,138.0,196.0,152.0,139.0,297.0,209.0,235.0,170.0,119.0,142.0,5780.857142857143,6575.476190249939,5850.571428571428,11315.665445789085,179.57142857142858,1338.9523809523776,172.71428571428572,923.3650793649946,179.85714285714286,211.06878306872713,175.28571428571428,386.04884004887515,149.14285714285714,852.7354497354454,137.5,687.3803418803218,102.0,67.0,6.0,1.0,0.28571428571428165,1431.0529100528584,2.5714285714285694,1052.3321123320036,1,11,0,4,331,0.7818314824680298,0.6234898018587336,-0.8660254037844386,0.5000000000000001,-0.5699010576127624,0.8217133225960589
2024-11-27,239.0,367.0,224.0,5862.0,211.0,156.28571428571428,-17.219894549244145,71.93418026352987,5826.0,5879.0,5966.0,112.0,148.0,151.0,214.0,181.0,175.0,272.0,212.0,245.0,152.0,155.0,148.0,5778.285714285715,6242.904761678353,5839.928571428572,10049.165445789515,174.71428571428572,1884.5714285714257,170.85714285714286,1110.5079365078495,188.71428571428572,184.49735449730363,180.64285714285714,369.1532356532646,153.85714285714286,676.7354497354463,138.21428571428572,701.446275946256,13.0,102.0,33.0,24.0,13.999999999999996,2930.4814814814217,9.785714285714283,1756.557387057274,2,11,0,4,332,0.9749279121818236,-0.22252093395631434,-0.8660254037844386,0.5000000000000001,-0.5556819724760489,0.8313949395234058
2024-11-28,113.0,280.0,237.0,5963.0,143.0,148.0,20.791543792326248,-25.791543792326248,5862.0,5850.0,6025.0,211.0,210.0,172.0,224.0,173.0,210.0,367.0,214.0,219.0,239.0,109.0,119.0,5775.857142857143,5713.476190249637,5832.5,8804.594017218378,183.71428571428572,1890.5714285714248,175.14285714285714,1184.3540903540081,194.85714285714286,338.06878306873574,184.14285714285714,498.11477411479893,165.85714285714286,1716.7354497354488,144.71428571428572,1429.9462759462576,94.0,13.0,-37.0,38.0,11.142857142857139,2860.957671957614,8.999999999999998,1741.1452991451865,3,11,0,4,333,0.43388373911755823,-0.900968867902419,-0.8660254037844386,0.5000000000000001,-0.5412984521036173,0.8408305333122887
2024-11-29,140.66666666666666,288.6666666666667,220.33333333333331,5970.666666666667,145.0,145.99999999999997,21.74184085920495,-22.74184085920492,5963.0,5788.0,5955.333333333333,143.0,209.0,179.66666666666666,237.0,179.33333333333334,189.66666666666663,280.0,237.0,216.0,113.0,136.33333333333334,114.33333333333331,5792.0,10330.33333310778,5828.071428571428,7243.011599636126,174.14285714285714,1944.8095238095204,173.07142857142858,1258.4474969474124,204.0,456.925925925884,186.07142857142858,657.5927960928188,166.42857142857142,1643.2116402116392,144.28571428571428,1456.25396825395,75.33333333333331,94.0,-29.666666666666657,9.999999999999972,29.857142857142854,3210.291005290936,12.999999999999998,2214.9914529913376,4,11,0,4,334,-0.433883739117558,-0.9009688679024191,-0.8660254037844386,0.5000000000000001,-0.5267547528105542,0.8500173118187018
2024-11-30,168.33333333333334,297.3333333333333,203.66666666666663,5978.333333333333,147.0,145.28571428571425,22.02002024784352,-20.305734533557768,5970.666666666667,5726.0,5885.666666666667,145.0,208.0,187.33333333333331,220.33333333333331,185.66666666666663,169.33333333333334,288.6666666666667,260.0,213.0,140.66666666666666,163.66666666666669,109.66666666666669,5818.095238095238,14853.50793628399,5829.166666666667,7560.01282063731,165.0,1786.3333333333305,170.5952380952381,1309.1141636140762,209.85714285714283,359.95767195763364,188.26190476190476,741.7295482295684,167.04761904761907,1602.42328042328,146.16666666666669,1384.4401709401534,56.66666666666663,75.33333333333331,-22.33333333333337,-17.99999999999997,44.85714285714285,2701.957671957595,17.666666666666664,2489.726495726378,5,11,1,4,335,-0.9749279121818236,-0.2225209339563146,-0.8660254037844386,0.5000000000000001,-0.5120551783114646,0.8589525565270845
2024-12-01,196.0,306.0,187.0,5986.0,149.0,131.57142857142856,22.28539483923852,-4.856823410667076,5978.333333333333,5664.0,5816.0,147.0,207.0,195.0,203.66666666666663,192.0,149.0,297.3333333333333,283.0,210.0,168.33333333333334,191.0,105.0,5854.142857142857,16203.291005069215,5835.785714285715,8978.865079489282,156.28571428571428,1443.5714285714264,167.71428571428572,1321.450549450459,212.42857142857142,261.1005291004922,190.71428571428572,725.9462759462931,167.71428571428572,1600.2751322751321,150.35714285714286,1300.8455433455274,38.0,56.66666666666663,-15.0,-46.0,56.14285714285713,1824.1798941798097,22.999999999999993,2478.239316239195,6,12,1,4,336,-0.7818314824680299,0.6234898018587334,-0.5000000000000004,0.8660254037844384,-0.4972040784469378,0.8676336233547726
2024-12-02,236.0,330.0,222.0,6061.0,115.0,132.57142857142856,-24.992007839004494,7.420579267575938,5986.0,5715.0,5819.0,149.0,129.0,138.0,187.0,196.0,163.0,306.0,297.0,203.0,196.0,170.0,143.0,5900.142857142857,10606.624338405325,5847.928571428572,10525.678266301962,148.0,943.666666666665,164.42857142857142,1279.4945054944114,211.71428571428572,298.7195767195395,193.42857142857142,585.2210012210152,168.42857142857142,1642.6560846560849,156.85714285714286,1257.3455433455297,107.0,38.0,67.0,25.0,63.71428571428571,968.6084656083772,28.999999999999993,2090.5470085468837,0,12,0,4,337,0.0,1.0,-0.5000000000000004,0.8660254037844384,-0.4822058478963526,0.8760579434344281
2024-12-03,81.0,230.0,242.0,6192.0,107.0,134.33333333333334,-44.6268973503646,17.293564017031258,6061.0,5826.0,5844.0,115.0,112.0,146.0,222.0,214.0,152.0,330.0,272.0,209.0,236.0,152.0,119.0,5949.571428571428,6355.767195551147,5865.214285714285,13631.788156411147,146.0,1060.333333333332,162.78571428571428,1410.7967032966078,215.42857142857142,259.1005291004941,197.64285714285714,557.6660561660653,177.85714285714286,2299.5132275132305,163.5,1676.86752136751,135.0,107.0,102.0,6.0,69.42857142857142,1240.9894179893265,34.85714285714285,2520.3711843710557,1,12,0,4,338,0.7818314824680298,0.6234898018587336,-0.5000000000000004,0.8660254037844384,-0.46706492487743034,0.8842230238742036
2024-12-04,118.0,245.0,160.0,6269.0,115.0,136.85714285714286,-17.219894549244145,-4.637248307898716,6192.0,5862.0,5879.0,107.0,211.0,148.0,242.0,224.0,181.0,230.0,367.0,212.0,81.0,239.0,155.0,6001.857142857143,10416.62433841139,5890.071428571428,21146.293650915628,145.28571428571428,1120.571428571427,160.0,1620.1538461537477,219.42857142857142,357.7671957671633,204.07142857142858,504.25946275946455,167.71428571428572,3631.6084656084654,160.78571428571428,2040.1642246642123,45.0,135.0,13.0,33.0,74.14285714285714,1754.8465608464667,44.07142857142856,3136.310744810611,2,12,0,4,339,0.9749279121818236,-0.22252093395631434,-0.5000000000000004,0.8660254037844384,-0.451785789832884,0.8921264484954345
2024-12-05,218.0,283.0,208.0,6310.0,150.0,140.14285714285714,20.791543792326248,-10.934400935183389,6269.0,5963.0,5850.0,115.0,143.0,210.0,160.0,237.0,173.0,245.0,280.0,214.0,118.0,113.0,109.0,6060.0,15106.814814605314,5917.928571428572,31346.29365091449,131.57142857142858,334.2857142857137,157.64285714285714,1758.8626373625364,210.28571428571428,845.386243386205,202.57142857142858,610.2979242979278,150.42857142857142,2847.9894179894122,158.14285714285714,2170.884004883991,58.0,45.0,94.0,-37.0,78.71428571428571,1248.9417989417022,44.92857142857142,3126.1568986567645,3,12,0,4,340,0.43388373911755823,-0.900968867902419,-0.5000000000000004,0.8660254037844384,-0.4363729641045924,0.8997658785476209
2024-12-06,189.33333333333331,269.6666666666667,199.66666666666663,6302.0,157.33333333333334,148.57142857142856,21.74184085920495,-12.97993609730016,6310.0,5970.666666666667,5788.0,150.0,145.0,209.0,208.0,220.33333333333331,179.33333333333334,283.0,288.6666666666667,237.0,218.0,140.66666666666666,136.33333333333334,6109.571428571428,21088.43386222731,5950.785714285715,41653.3266179461,132.57142857142858,367.9523809523803,153.35714285714286,1532.7087912086859,206.14285714285714,707.2910052909643,205.07142857142858,538.5671550671558,165.42857142857142,3112.9894179894163,165.92857142857142,2195.4389499389395,42.333333333333286,58.0,75.33333333333331,-29.666666666666657,73.57142857142857,1250.6560846559908,51.71428571428571,2573.382173382035,4,12,0,4,341,-0.433883739117558,-0.9009688679024191,-0.5000000000000004,0.8660254037844384,-0.42083100859565564,0.9071390534005044
2024-12-07,160.66666666666666,256.3333333333333,191.33333333333331,6294.0,164.66666666666666,154.57142857142856,22.02002024784352,-11.924782152605417,6302.0,5978.333333333333,5726.0,157.33333333333334,147.0,208.0,199.66666666666663,203.66666666666663,185.66666666666663,269.6666666666667,297.3333333333333,260.0,189.33333333333331,168.33333333333334,163.66666666666669,6156.904761904762,21430.285714081976,5987.5,47651.87606849401,134.33333333333334,440.777777777777,149.66666666666669,1281.0940170939077,203.19047619047618,670.5502645502221,206.52380952380955,487.5848595848587,172.38095238095235,3049.645502645503,169.71428571428572,2154.7667887667803,26.666666666666657,42.333333333333286,56.66666666666663,-22.33333333333337,68.85714285714285,1386.84656084647,56.85714285714284,2042.217338217197,5,12,1,4,342,-0.9749279121818236,-0.2225209339563146,-0.5000000000000004,0.8660254037844384,-0.4051645224207563,0.9142437912130223
2024-12-08,132.0,243.0,183.0,6286.0,172.0,159.85714285714286,22.28539483923852,-10.142537696381382,6294.0,5986.0,5664.0,164.66666666666666,149.0,207.0,191.33333333333331,187.0,192.0,256.3333333333333,306.0,283.0,160.66666666666666,196.0,191.0,6202.0,16875.666666465517,6028.071428571428,47845.37057398687,136.85714285714286,559.9576719576709,146.57142857142858,1026.3321123319997,201.42857142857142,690.322751322708,206.92857142857142,471.6953601953588,171.28571428571428,3068.386243386243,169.5,2158.200854700846,11.0,26.666666666666657,38.0,-15.0,64.57142857142857,1637.322751322663,60.357142857142854,1616.7429792428359,6,12,1,4,343,-0.7818314824680299,0.6234898018587334,-0.5000000000000004,0.8660254037844384,-0.3893781415452015,0.9210779895789526
2024-12-09,224.0,315.0,152.0,6268.0,174.0,166.14285714285714,-24.992007839004494,32.849150696147355,6286.0,6061.0,5715.0,172.0,115.0,129.0,183.0,222.0,196.0,243.0,330.0,297.0,132.0,236.0,170.0,6244.857142857143,8132.809523610853,6072.5,40641.1068377213,140.14285714285714,728.6243386243374,144.07142857142858,788.4474969473815,200.85714285714286,711.8465608465171,206.28571428571428,498.15140415140337,162.14285714285714,3126.2910052910015,165.28571428571428,2211.689865689855,-22.0,11.0,107.0,67.0,60.71428571428571,1980.6084656083794,62.214285714285715,1363.6001220999776,0,12,0,4,344,0.0,1.0,-0.5000000000000004,0.8660254037844384,-0.37347653741307074,0.9276396261490467
2024-12-10,167.0,326.0,213.0,6310.0,149.0,172.80952380952377,-44.6268973503646,20.817373540840837,6268.0,6192.0,5826.0,174.0,107.0,112.0,152.0,242.0,214.0,315.0,230.0,272.0,224.0,81.0,152.0,6274.428571428572,1567.9523807554403,6112.0,32069.60683771966,148.57142857142858,731.4338624338607,147.28571428571428,828.749694749583,190.85714285714286,918.5132275131788,203.14285714285714,706.0634920634946,160.42857142857142,2851.433862433858,169.14285714285714,2459.1404151404063,64.0,-22.0,135.0,102.0,42.28571428571428,2367.60846560839,55.857142857142854,1863.8583638582231,1,12,0,4,345,0.7818314824680298,0.6234898018587336,-0.5000000000000004,0.8660254037844384,-0.3574644155648614,0.9339267592294762
2024-12-11,209.0,353.0,232.0,6402.0,152.0,179.85714285714283,-17.219894549244145,-10.637248307898687,6310.0,6269.0,5862.0,149.0,115.0,211.0,213.0,160.0,224.0,326.0,245.0,367.0,167.0,118.0,239.0,6291.285714285715,314.9047617088193,6146.571428571428,27506.17826628966,154.57142857142858,401.43386243386004,149.92857142857142,725.6782661781574,186.71428571428572,544.2751322750814,203.07142857142858,704.4645909645934,172.71428571428572,1631.0529100529093,170.21428571428572,2435.6514041513956,80.0,64.0,45.0,13.0,32.14285714285713,893.5132275131579,53.142857142857146,1697.2429792428402,2,12,0,4,346,0.9749279121818236,-0.22252093395631434,-0.5000000000000004,0.8660254037844384,-0.34134651424503615,0.9399375283564133
2024-12-12,153.0,253.0,286.0,6481.0,194.0,187.28571428571428,20.791543792326248,-14.077258078040526,6402.0,6310.0,5963.0,152.0,150.0,143.0,232.0,208.0,237.0,353.0,283.0,280.0,209.0,218.0,113.0,6310.285714285715,1853.9047617099284,6185.142857142857,24693.431013540827,159.85714285714286,108.95767195766906,145.71428571428572,419.98046398035046,197.0,643.7037037036583,203.64285714285714,734.7942612942633,185.71428571428572,1154.3862433862469,168.07142857142858,2182.4645909645815,92.0,80.0,58.0,94.0,37.14285714285713,1218.513227513155,57.92857142857143,1604.1056166054748,3,12,0,4,347,0.43388373911755823,-0.900968867902419,-0.5000000000000004,0.8660254037844384,-0.3251276029999093,0.9456701548465688
2024-12-13,162.0,281.0,263.6666666666667,6456.666666666667,204.0,183.7142857142857,21.74184085920495,-1.4561265734906428,6481.0,6302.0,5970.666666666667,194.0,157.33333333333334,145.0,286.0,199.66666666666663,220.33333333333331,253.0,269.6666666666667,288.6666666666667,153.0,189.33333333333331,140.66666666666666,6334.714285714285,6014.904761711357,6222.142857142857,26156.354090462402,166.14285714285714,240.9576719576687,149.35714285714286,584.4694749693657,208.14285714285714,1798.8465608465212,207.14285714285714,1157.755799755798,176.42857142857142,1058.433862433863,170.92857142857142,1957.8492063491979,59.666666666666686,92.0,42.333333333333286,75.33333333333331,41.99999999999999,1620.037037036962,57.785714285714285,1593.2924297922882,4,12,0,4,348,-0.433883739117558,-0.9009688679024191,-0.5000000000000004,0.8660254037844384,-0.30881248126625377,0.9511229423235357
2024-12-14,171.0,309.0,241.33333333333331,6432.333333333333,214.0,184.0,22.02002024784352,7.979979752156481,6456.666666666667,6294.0,5978.333333333333,204.0,164.66666666666666,147.0,263.6666666666667,191.33333333333331,203.66666666666663,281.0,256.3333333333333,297.3333333333333,162.0,160.66666666666666,168.33333333333334,6356.809523809524,7745.698412506291,6256.857142857143,24224.815628922563,172.8095238095238,415.03174603174244,153.57142857142858,793.5628815627771,217.28571428571428,2203.164021163987,210.23809523809524,1379.8192918192872,172.52380952380955,1047.587301587301,172.45238095238096,1891.0360195360117,27.333333333333314,59.666666666666686,26.666666666666657,56.66666666666663,44.47619047619048,1664.8835978835214,56.666666666666664,1568.5299145297736,5,12,1,4,349,-0.9749279121818236,-0.2225209339563146,-0.5000000000000004,0.8660254037844384,-0.29240597695107734,0.9562942772197719
2024-12-15,180.0,337.0,219.0,6408.0,224.0,181.42857142857144,22.28539483923852,20.286033732190063,6432.333333333333,6286.0,5986.0,214.0,172.0,149.0,241.33333333333331,183.0,187.0,309.0,243.0,306.0,171.0,132.0,196.0,6376.571428571428,7583.211640020644,6289.285714285715,19493.570207675853,179.85714285714286,628.8095238095201,158.35714285714286,1046.469474969376,224.42857142857142,2127.767195767165,212.92857142857142,1443.079975579968,174.0,1021.9999999999999,172.64285714285714,1889.8540903540825,-5.0,27.333333333333314,11.0,38.0,44.57142857142857,1660.9894179893415,54.57142857142857,1629.9902319900925,6,12,1,4,350,-0.7818314824680299,0.6234898018587334,-0.5000000000000004,0.8660254037844384,-0.27591294500296043,0.9611826292540837
2024-12-16,133.0,287.0,189.0,6454.0,149.0,187.7142857142857,-24.992007839004494,-13.7222778752812,6408.0,6268.0,6061.0,224.0,174.0,115.0,219.0,152.0,222.0,337.0,315.0,330.0,180.0,224.0,236.0,6394.0,6026.259259069267,6319.428571428572,12523.61416371866,187.28571428571428,878.9047619047578,163.71428571428572,1340.2881562880636,229.57142857142858,1815.7671957671682,215.21428571428572,1388.5744810744714,180.85714285714286,679.1428571428588,171.5,1850.6452991452907,40.0,-5.0,-22.0,107.0,42.285714285714285,1876.6084656083904,51.5,1871.6880341878966,0,12,0,4,351,0.0,1.0,-0.5000000000000004,0.8660254037844384,-0.2593382659754056,0.9657865518844574
2024-12-17,187.0,310.0,247.0,6506.0,151.0,194.0,-44.6268973503646,1.6268973503646291,6454.0,6310.0,6192.0,149.0,149.0,107.0,189.0,213.0,242.0,287.0,326.0,230.0,133.0,167.0,81.0,6420.571428571428,3156.5449733565165,6347.5,7930.696581300005,183.71428571428572,1078.904761904758,166.14285714285714,1168.0463980463082,234.85714285714286,1054.624338624314,212.85714285714286,1431.9096459096386,167.85714285714286,553.4761904761889,164.14285714285714,1586.3540903540784,96.0,40.0,64.0,135.0,51.142857142857146,1097.1798941798138,46.714285714285715,1620.2539682538334,1,12,0,4,352,0.7818314824680298,0.6234898018587336,-0.5000000000000004,0.8660254037844384,-0.2426868445825954,0.9701046827361175
2024-12-18,168.0,285.0,210.0,6598.0,134.0,200.28571428571428,-17.219894549244145,-49.06581973647013,6506.0,6402.0,6269.0,151.0,152.0,115.0,247.0,232.0,160.0,310.0,353.0,245.0,187.0,209.0,118.0,6448.571428571428,1420.544973358138,6369.928571428572,7461.421856024399,184.0,1056.3333333333296,169.28571428571428,905.980463980378,239.71428571428572,972.0529100528883,213.21428571428572,1456.1129426129348,170.71428571428572,604.9047619047609,171.71428571428572,1033.0573870573785,76.0,96.0,80.0,45.0,55.714285714285715,1380.6084656083824,43.92857142857143,1199.1825396824063,2,12,0,4,353,0.9749279121818236,-0.22252093395631434,-0.5000000000000004,0.8660254037844384,-0.22596360824801906,0.974135744004672
2024-12-19,269.0,412.0,204.0,6600.0,238.0,206.57142857142856,20.791543792326248,10.637027636245197,6598.0,6481.0,6310.0,134.0,194.0,150.0,210.0,286.0,208.0,285.0,253.0,283.0,168.0,153.0,218.0,6476.571428571428,3865.8783066930755,6393.428571428572,10084.383394485003,181.42857142857142,1294.6190476190443,170.64285714285714,773.0848595847752,236.57142857142858,1097.767195767172,216.78571428571428,1225.3437118437007,164.85714285714286,321.80952380952135,175.28571428571428,798.4420024419954,-34.0,76.0,92.0,58.0,55.142857142857146,1350.5132275131448,46.142857142857146,1272.9352869351521,3,12,0,4,354,0.43388373911755823,-0.900968867902419,-0.5000000000000004,0.8660254037844384,-0.20917350564635637,0.9778785428342386
2024-12-20,212.66666666666663,359.6666666666667,214.66666666666663,6598.333333333333,248.0,218.28571428571428,21.74184085920495,7.972444855080774,6600.0,6456.666666666667,6302.0,238.0,204.0,157.33333333333334,204.0,263.6666666666667,199.66666666666663,412.0,281.0,269.6666666666667,269.0,162.0,189.33333333333331,6493.571428571428,6064.5449733607165,6414.142857142857,12369.32844942925,187.71428571428572,1755.5714285714248,176.92857142857142,1046.755189255112,224.85714285714286,707.2910052909752,216.5,1231.8931623931514,181.42857142857142,1785.6190476190498,178.92857142857142,1319.3705738705685,-33.33333333333337,-34.0,59.666666666666686,42.333333333333286,37.142857142857146,2070.513227513156,39.57142857142857,1709.6825396824088,4,12,0,4,355,-0.433883739117558,-0.9009688679024191,-0.5000000000000004,0.8660254037844384,-0.19232150523909483,0.9813319716704275
2024-12-21,156.33333333333331,307.3333333333333,225.33333333333331,6596.666666666667,258.0,218.85714285714283,22.02002024784352,17.12283689501365,6598.333333333333,6432.333333333333,6294.0,248.0,214.0,164.66666666666666,214.66666666666663,241.33333333333331,191.33333333333331,359.6666666666667,309.0,256.3333333333333,212.66666666666663,171.0,160.66666666666666,6513.809523809525,7188.8835977004965,6435.309523809524,13529.1532357532,194.0,2270.999999999995,183.4047619047619,1360.6013431012734,217.85714285714286,416.4021164020826,217.57142857142858,1209.118437118425,188.66666666666666,1824.2222222222263,180.59523809523807,1395.6098901098853,-32.666666666666686,-33.33333333333337,27.333333333333314,26.666666666666657,23.85714285714285,2607.846560846498,34.166666666666664,2086.4914529913262,5,12,1,4,356,-0.9749279121818236,-0.2225209339563146,-0.5000000000000004,0.8660254037844384,-0.17541259380427843,0.9844950085880858
2024-12-22,100.0,255.0,236.0,6595.0,268.0,215.0,22.28539483923852,30.714605160761508,6596.666666666667,6408.0,6286.0,258.0,224.0,172.0,225.33333333333331,219.0,183.0,307.3333333333333,337.0,243.0,156.33333333333331,180.0,132.0,6537.285714285715,6583.7195765378065,6456.928571428572,13492.567155166294,200.28571428571428,2840.904761904756,190.07142857142858,1713.763736263674,215.57142857142853,327.76719576716084,220.0,1154.4444444444298,186.57142857142858,1941.322751322755,180.28571428571428,1410.2368742368694,-32.0,-32.666666666666686,-5.0,11.0,15.285714285714278,3052.608465608408,29.928571428571423,2406.4133089131847,6,12,1,4,357,-0.7818314824680299,0.6234898018587334,-0.5000000000000004,0.8660254037844384,-0.15845177496083632,0.9873667175937016
2024-12-23,205.0,294.0,177.0,6548.0,231.0,200.28571428571425,-24.992007839004494,55.70629355329024,6595.0,6454.0,6268.0,268.0,149.0,174.0,236.0,189.0,152.0,255.0,287.0,315.0,100.0,133.0,224.0,6564.0,3520.4814813012285,6479.0,12186.957265055575,206.57142857142858,3465.285714285708,196.92857142857142,2105.148351648297,218.0,388.48148148144804,223.78571428571428,1053.3949938949756,175.14285714285714,3030.8465608465613,178.0,1721.0940170940112,-54.0,-32.0,40.0,-22.0,11.42857142857142,3339.322751322696,26.857142857142854,2663.704517704395,0,12,0,4,358,0.0,1.0,-0.5000000000000004,0.8660254037844384,-0.14144406768794202,0.9899462489023779
2024-12-24,161.0,304.0,211.0,6622.0,155.0,188.0,-44.6268973503646,11.62689735036463,6548.0,6506.0,6310.0,231.0,151.0,149.0,177.0,247.0,213.0,294.0,310.0,326.0,205.0,187.0,167.0,6577.428571428572,1336.100528921044,6499.0,8697.726495824063,218.28571428571428,2852.2380952380868,201.0,2136.153846153796,216.28571428571428,525.0529100528755,225.57142857142858,821.9389499389301,185.42857142857142,2759.9894179894213,176.64285714285714,1612.4181929181866,56.0,-54.0,96.0,64.0,-2.000000000000008,3706.370370370323,24.571428571428566,2977.374847374726,1,12,0,4,359,0.7818314824680298,0.6234898018587336,-0.5000000000000004,0.8660254037844384,-0.12439450483979998,0.9922328391893008
2024-12-25,57.0,162.0,193.0,6689.0,107.0,178.1428571428571,-17.219894549244145,-53.922962593612965,6622.0,6598.0,6402.0,155.0,134.0,152.0,211.0,210.0,232.0,304.0,285.0,353.0,161.0,168.0,209.0,6594.0,496.4814813029416,6521.285714285715,6578.86935296609,218.85714285714286,2764.809523809515,201.42857142857142,2090.725274725225,211.14285714285714,341.62433862430083,225.42857142857142,826.0927960927764,181.71428571428572,2842.941798941801,176.21428571428572,1623.8907203907138,86.0,56.0,76.0,80.0,-7.714285714285722,2628.2751322750883,23.999999999999996,2933.4188034186827,2,12,0,4,360,0.9749279121818236,-0.22252093395631434,-0.5000000000000004,0.8660254037844384,-0.10730813165636247,0.9942258118156161
2024-12-26,80.0,122.0,152.0,6707.0,135.0,170.7142857142857,20.791543792326248,-56.505829506611946,6689.0,6600.0,6481.0,107.0,238.0,194.0,193.0,204.0,286.0,162.0,412.0,253.0,57.0,269.0,153.0,6607.0,1800.814814637018,6541.785714285715,7195.446276042238,215.0,3632.6666666666583,198.21428571428572,2577.5659340658813,208.71428571428572,389.38624338620394,222.64285714285714,895.3070818070646,165.85714285714286,5110.513227513225,165.35714285714286,2507.4951159951042,17.0,86.0,-34.0,92.0,-6.285714285714294,2921.608465608421,24.428571428571423,2987.6825396824183,3,12,0,4,361,0.43388373911755823,-0.900968867902419,-0.5000000000000004,0.8660254037844384,-0.09019000427034513,0.9959245770286599
2024-12-27,89.0,138.0,145.66666666666666,6626.333333333333,162.0,163.0,21.74184085920495,-22.74184085920495,6707.0,6598.333333333333,6456.666666666667,135.0,248.0,204.0,152.0,214.66666666666663,263.6666666666667,122.0,359.6666666666667,281.0,80.0,212.66666666666663,162.0,6622.285714285715,3186.7195765426673,6557.928571428572,8730.25946285482,200.28571428571428,4358.571428571422,194.0,2864.461538461481,201.28571428571428,857.3862433861992,213.07142857142858,871.7466422466339,138.85714285714286,3715.5132275132164,160.14285714285714,3026.9181929181786,-16.333333333333343,17.0,-33.33333333333337,59.666666666666686,0.9999999999999919,2822.037037036988,19.071428571428566,2609.797924297806,4,12,0,4,362,-0.433883739117558,-0.9009688679024191,-0.5000000000000004,0.8660254037844384,-0.07304518821104743,0.9973286321364752
2024-12-28,98.0,154.0,139.33333333333334,6545.666666666667,189.0,163.78571428571425,22.02002024784352,3.194265466442232,6626.333333333333,6596.666666666667,6432.333333333333,162.0,258.0,214.0,145.66666666666666,225.33333333333331,241.33333333333331,138.0,307.3333333333333,309.0,89.0,156.33333333333331,171.0,6626.285714285715,3075.164020987344,6570.047619047618,8143.26251535742,188.0,4047.333333333329,191.0,2925.846153846093,191.42857142857142,1229.767195767146,204.64285714285714,947.8199023199015,121.19047619047618,2857.698412698397,154.92857142857142,3386.7039072038897,-49.66666666666666,-16.333333333333343,-32.666666666666686,27.333333333333314,3.4285714285714244,2668.767195767145,13.642857142857137,2547.7173382172227,5,12,1,4,363,-0.9749279121818236,-0.2225209339563146,-0.5000000000000004,0.8660254037844384,-0.05587875690537313,0.9984375616565666
2024-12-29,107.0,170.0,133.0,6465.0,216.0,169.07142857142856,22.28539483923852,24.643176589332924,6545.666666666667,6595.0,6408.0,189.0,268.0,224.0,139.33333333333334,236.0,219.0,154.0,255.0,337.0,98.0,100.0,180.0,6619.0,3950.2592590821428,6578.142857142857,6659.550671645265,178.14285714285714,3117.4761904761885,189.21428571428572,2882.0274725274094,179.14285714285714,1314.402116402059,197.35714285714286,1115.2045177045236,112.85714285714286,2660.4761904761726,149.71428571428572,3586.8522588522387,-83.0,-49.66666666666666,-32.0,-5.0,1.0,2914.5925925925426,8.142857142857139,2809.037851037739,6,12,1,4,364,-0.7818314824680299,0.6234898018587334,-0.5000000000000004,0.8660254037844384,-0.03869579017652689,0.9992510374388481
2024-12-30,99.0,156.0,139.0,6454.0,177.0,174.07142857142856,-24.992007839004494,27.92057926757594,6465.0,6548.0,6454.0,216.0,231.0,149.0,133.0,177.0,189.0,170.0,294.0,287.0,107.0,205.0,133.0,6600.428571428572,7404.544973366751,6582.214285714285,5399.600122194556,170.71428571428572,1946.2380952380947,188.64285714285714,2843.785714285651,164.42857142857142,877.8783068782408,191.21428571428572,1357.1385836385953,113.85714285714286,2637.476190476173,144.5,3627.363247863225,-38.0,-83.0,-54.0,40.0,-6.285714285714286,3847.1640211639756,2.571428571428567,3401.323565323457,0,12,0,4,365,0.0,1.0,-0.5000000000000004,0.8660254037844384,-0.021501372740813793,0.999768818762748
2024-12-31,62.0,111.0,116.5,6429.5,160.5,175.92857142857142,-44.6268973503646,29.198325921793185,6454.0,6622.0,6506.0,177.0,155.0,151.0,139.0,211.0,247.0,156.0,304.0,310.0,99.0,161.0,187.0,6587.0,10309.59259241357,6582.214285714285,5399.600122194556,163.0,1277.666666666668,190.64285714285714,2729.0164835164223,159.0,924.9259259258569,187.64285714285714,1552.7429792429941,98.71428571428571,1022.2380952380732,142.07142857142858,3770.0885225884986,-44.0,-38.0,56.0,96.0,-4.0,3629.2592592592123,-3.000000000000004,3386.7521367520317,1,12,0,4,366,0.7818314824680298,0.6234898018587336,-0.5000000000000004,0.8660254037844384,-0.004300592702981974,0.9999907524084426
2025-01-01,25.0,66.0,94.0,6405.0,144.0,174.64285714285714,-17.219894549244145,-13.422962593612992,6429.5,6689.0,6598.0,160.5,107.0,134.0,116.5,193.0,210.0,111.0,162.0,285.0,62.0,57.0,168.0,6559.5,13357.509259078603,6576.75,6714.601495821132,163.78571428571428,1267.3214285714298,191.32142857142858,2677.5233516482913,145.5,562.6759259258496,178.32142857142858,1577.48061660564,84.57142857142857,366.95238095235453,133.14285714285714,4022.148962148933,-50.0,-44.0,86.0,76.0,-18.285714285714285,3057.83068783065,-13.000000000000004,2654.444444444345,2,1,0,1,1,0.9749279121818236,-0.22252093395631434,0.0,1.0,0.0,1.0
2025-01-02,35.0,70.0,53.0,6292.0,170.0,170.2142857142857,20.791543792326248,-21.005829506611946,6405.0,6707.0,6600.0,144.0,135.0,238.0,94.0,152.0,204.0,66.0,122.0,412.0,25.0,80.0,269.0,6518.928571428572,12620.461640028576,6562.964285714285,8744.282814502954,169.07142857142858,762.5357142857146,192.03571428571428,2596.479395604336,131.35714285714286,395.3187830686991,170.03571428571428,1973.2828144078449,80.0,807.3333333333054,122.92857142857143,4715.934676434643,-117.0,-50.0,17.0,-34.0,-37.714285714285715,972.4973544973285,-22.000000000000004,2063.2136752135816,3,1,0,1,2,0.43388373911755823,-0.900968867902419,0.0,1.0,0.017201575418260506,0.9998520419557735
2025-01-03,37.66666666666666,71.0,56.66666666666666,6155.333333333333,175.0,172.07142857142856,21.74184085920495,-18.813269430633504,6292.0,6626.333333333333,6598.333333333333,170.0,162.0,248.0,53.0,145.66666666666666,214.66666666666663,70.0,138.0,359.6666666666667,35.0,89.0,212.66666666666663,6459.642857142857,11207.485449548907,6540.964285714285,13765.359737580682,174.07142857142858,540.0357142857137,187.17857142857142,2445.907967032902,117.21428571428571,1114.247354497263,159.25,2812.909188034227,73.57142857142857,1096.6190476190175,106.21428571428571,3368.5061050060635,-118.33333333333334,-117.0,-16.333333333333343,-33.33333333333337,-56.857142857142854,1093.7354497354352,-27.928571428571434,2708.515873015783,4,1,0,1,3,-0.433883739117558,-0.9009688679024191,0.0,1.0,0.03439806061360801,0.9994082116062598
2025-01-04,40.333333333333336,72.0,60.333333333333336,6018.666666666667,180.0,168.14285714285714,22.02002024784352,-10.162877390700658,6155.333333333333,6545.666666666667,6596.666666666667,175.0,189.0,258.0,56.66666666666666,139.33333333333334,225.33333333333331,71.0,154.0,307.3333333333333,37.66666666666666,98.0,156.33333333333331,6392.357142857143,16728.65211621171,6509.321428571428,23873.224206446335,175.92857142857142,511.8690476190466,181.96428571428572,2143.479395604325,104.5,1401.7314814813833,147.96428571428572,3249.000763125812,66.23809523809523,1209.0634920634595,93.71428571428571,2689.9804639804174,-119.66666666666666,-118.33333333333334,-49.66666666666666,-32.666666666666686,-71.42857142857143,1202.2116402116346,-34.0,3295.2649572648716,5,1,1,1,4,-0.9749279121818236,-0.2225209339563146,0.0,1.0,0.051584366869408364,0.9986686402879997
2025-01-05,43.0,73.0,64.0,5882.0,185.0,173.85714285714286,22.28539483923852,-11.142537696381382,6018.666666666667,6465.0,6595.0,180.0,216.0,268.0,60.333333333333336,133.0,236.0,72.0,170.0,255.0,40.333333333333336,107.0,100.0,6317.071428571428,29472.850528905587,6468.035714285715,39969.359737583385,174.64285714285714,484.2261904761897,176.39285714285714,1665.6222527471762,93.21428571428571,1376.0251322750273,136.17857142857142,3229.660103785163,58.0,1073.5925925925571,85.42857142857143,2533.6141636141133,-121.0,-119.66666666666666,-83.0,-32.0,-81.42857142857143,1394.4338624338627,-40.214285714285715,3818.0616605615787,6,1,1,1,5,-0.7818314824680299,0.6234898018587334,0.0,1.0,0.06875540848113941,0.9976335468520451
2025-01-06,41.0,60.0,71.0,5769.0,190.0,172.99999999999997,-24.992007839004494,41.99200783900452,5882.0,6454.0,6548.0,185.0,177.0,231.0,64.0,139.0,177.0,73.0,156.0,294.0,43.0,99.0,205.0,6233.785714285715,49280.9695765197,6417.107142857143,62354.42567165125,170.21428571428572,194.15476190476195,170.46428571428572,987.9409340658508,83.35714285714286,1141.09656084645,123.89285714285714,2701.374389499459,48.857142857142854,613.4021164020776,81.35714285714286,2637.90537240532,-119.0,-121.0,-38.0,-54.0,-86.85714285714286,1620.624338624342,-46.57142857142857,4271.374847374769,0,1,0,1,6,0.0,1.0,0.0,1.0,0.08590610426133272,0.9963032375991965
2025-01-07,65.0,83.0,65.0,5703.0,133.0,174.80952380952377,-44.6268973503646,2.8173735408408334,5769.0,6429.5,6622.0,190.0,160.5,155.0,71.0,116.5,211.0,60.0,111.0,304.0,41.0,62.0,161.0,6135.928571428572,66030.8505288949,6361.464285714285,90013.2058914335,172.07142857142858,247.70238095238074,167.53571428571428,726.171703296617,73.64285714285714,540.4298941797778,116.32142857142857,2637.8908730159487,40.57142857142857,124.54497354493168,69.64285714285714,1439.443833943776,-68.0,-119.0,-44.0,56.0,-98.42857142857143,1238.767195767206,-51.214285714285715,4647.4462759462,1,1,0,1,7,0.7818314824680298,0.6234898018587336,0.0,1.0,0.10303137904317879,0.9946781061893646
2025-01-08,38.0,80.0,82.0,5605.0,184.0,179.28571428571428,-17.219894549244145,21.934180263529868,5703.0,6405.0,6689.0,133.0,144.0,107.0,65.0,94.0,193.0,83.0,66.0,162.0,65.0,25.0,57.0,6032.142857142857,70337.95767174599,6295.821428571428,113503.24984747988,168.14285714285714,461.8095238095243,165.96428571428572,803.1717032966152,66.28571428571429,183.60846560834503,105.89285714285714,2033.8359279610127,41.0,147.25925925921754,62.785714285714285,748.4548229547619,-102.0,-68.0,-50.0,86.0,-101.85714285714286,885.6243386243509,-60.07142857142857,3700.4133089132392,2,1,0,1,8,0.9749279121818236,-0.22252093395631434,0.0,1.0,0.1201261651823505,0.9927586335250793
2025-01-09,56.0,82.0,68.0,5507.0,164.0,186.4285714285714,20.791543792326248,-43.22011522089764,5605.0,6292.0,6707.0,184.0,170.0,135.0,82.0,53.0,152.0,80.0,70.0,122.0,38.0,35.0,80.0,5917.857142857143,62337.957671739336,6218.392857142857,131865.73336396634,173.85714285714286,368.47619047618986,171.46428571428572,528.1717032966214,64.57142857142857,93.32275132262977,97.96428571428571,1426.3853785104702,42.857142857142854,102.06878306874205,61.42857142857143,791.1526251525635,-96.0,-102.0,-117.0,17.0,-109.28571428571429,373.05291005292673,-73.5,2000.1495726495111,3,1,0,1,9,0.43388373911755823,-0.900968867902419,0.0,1.0,0.13718540405660057,0.9905453876091833
2025-01-10,62.0,89.0,72.0,5368.666666666667,187.66666666666663,185.14285714285717,21.74184085920495,-19.21803133539543,5507.0,6155.333333333333,6626.333333333333,164.0,175.0,162.0,68.0,56.66666666666666,145.66666666666666,82.0,71.0,138.0,56.0,37.66666666666666,89.0,5805.714285714285,52469.38624316136,6132.678571428572,144518.48061671687,173.0,381.33333333333286,173.53571428571428,425.55631868123913,66.71428571428571,67.60846560834534,91.96428571428571,1232.0776862027828,45.857142857142854,110.06878306874313,59.714285714285715,763.7240537239912,-115.66666666666663,-96.0,-118.33333333333334,-16.333333333333343,-106.28571428571429,382.05291005292503,-81.57142857142857,1338.9133089132522,4,1,0,1,10,-0.433883739117558,-0.9009688679024191,0.0,1.0,0.1542040475626894,0.988039023376751
2025-01-11,68.0,96.0,76.0,5230.333333333333,211.33333333333331,186.0,22.02002024784352,3.313313085489824,5368.666666666667,6018.666666666667,6545.666666666667,187.66666666666663,180.0,189.0,72.0,60.333333333333336,139.33333333333334,89.0,72.0,154.0,62.0,40.333333333333336,98.0,5693.333333333333,49197.85185162042,6042.8452380952385,161983.0019842416,174.8095238095238,412.6984126984118,175.36904761904762,427.0605921855146,68.90476190476191,49.84126984115087,86.70238095238096,1011.0776862027874,49.333333333333336,128.2222222221835,57.785714285714285,694.1471306470672,-135.33333333333331,-115.66666666666663,-119.66666666666666,-49.66666666666666,-105.9047619047619,372.3597883598029,-88.66666666666667,1046.7350427349904,5,1,1,1,11,-0.9749279121818236,-0.2225209339563146,0.0,1.0,0.17117705961019986,0.985240282501282
2025-01-12,74.0,103.0,80.0,5092.0,235.0,183.1428571428571,22.28539483923852,29.57174801790437,5230.333333333333,5882.0,6465.0,211.33333333333331,185.0,216.0,76.0,64.0,133.0,96.0,73.0,170.0,68.0,43.0,107.0,5580.714285714285,52488.83068759274,5948.892857142857,183811.27182551508,179.28571428571428,607.1640211640196,176.96428571428572,509.5221306470547,71.14285714285714,40.14285714273954,82.17857142857143,784.7712148963199,53.285714285714285,154.57142857139127,55.642857142857146,572.8284493283849,-155.0,-135.33333333333331,-121.0,-83.0,-108.14285714285714,479.291005291021,-94.78571428571429,1056.9334554334068,6,1,1,1,12,-0.7818314824680299,0.6234898018587334,0.0,1.0,0.18809941761179758,0.9821499931752291
2025-01-13,68.0,107.0,102.0,5019.0,181.0,182.42857142857144,-24.992007839004494,23.56343641043308,5092.0,5769.0,6454.0,235.0,190.0,177.0,80.0,71.0,139.0,103.0,60.0,156.0,74.0,41.0,99.0,5467.857142857143,62307.40211615758,5850.821428571428,209445.6344628815,186.42857142857142,1059.544973544971,178.32142857142858,649.4122405371661,73.42857142857143,38.6190476189314,78.39285714285714,571.0239621490701,57.714285714285715,185.5714285713929,53.285714285714285,389.8778998778343,-79.0,-155.0,-119.0,-38.0,-113.0,790.1481481481666,-99.92857142857143,1296.669719169674,0,1,0,1,13,0.0,1.0,0.0,1.0,0.20496611396949532,0.9787690698649216
2025-01-14,92.0,124.0,93.0,4957.0,139.0,179.14285714285714,-44.6268973503646,4.484040207507462,5019.0,5703.0,6429.5,181.0,133.0,160.5,102.0,65.0,116.5,107.0,83.0,111.0,68.0,65.0,62.0,5360.714285714285,67378.83068757977,5748.321428571428,223369.86523211625,185.14285714285714,1060.402116402114,178.60714285714286,649.7419108668369,77.85714285714286,150.80952380941028,75.75,323.81517094028123,61.57142857142857,139.28571428568003,51.07142857142857,240.4987789987123,-46.0,-79.0,-68.0,-44.0,-107.28571428571429,938.7195767195918,-102.85714285714286,1026.1147741147306,1,1,0,1,14,0.7818314824680298,0.6234898018587336,0.0,1.0,0.22177215755648186,0.975098513039961
2025-01-15,113.0,162.0,107.0,4903.0,164.0,173.28571428571428,-17.219894549244145,7.934180263529868,4957.0,5605.0,6405.0,139.0,184.0,144.0,93.0,82.0,94.0,124.0,80.0,66.0,92.0,38.0,25.0,5254.142857142857,61766.0687828115,5643.142857142857,223932.16605629615,186.0,961.259259259257,177.07142857142858,742.6526251525496,81.85714285714286,142.80952380941278,74.07142857142857,215.93467643478817,65.42857142857143,274.2857142856814,53.214285714285715,355.22405372398805,-57.0,-46.0,-102.0,-50.0,-104.14285714285714,1295.9576719576853,-103.0,1008.2905982905548,2,1,0,1,15,0.9749279121818236,-0.22252093395631434,0.0,1.0,0.23851257519407648,0.9711394088771653
2025-01-16,106.0,196.0,131.0,4881.0,159.0,164.85714285714283,20.791543792326248,-26.64868664946908,4903.0,5507.0,6292.0,164.0,164.0,170.0,107.0,68.0,53.0,162.0,82.0,70.0,113.0,56.0,35.0,5153.857142857143,50066.06878280553,5535.857142857143,209027.7045178388,183.14285714285714,1031.7354497354477,178.5,669.4658119657379,85.42857142857143,233.2857142856054,75.0,267.8632478633588,76.14285714285714,392.14285714282823,59.5,526.3888888888263,-28.0,-57.0,-96.0,-117.0,-97.71428571428571,1617.3862433862532,-103.5,954.7136752136321,3,1,0,1,16,0.43388373911755823,-0.900968867902419,0.0,1.0,0.2551824131233728,0.9668929289391521
2025-01-17,99.33333333333331,181.33333333333331,143.33333333333334,4796.666666666667,164.66666666666666,157.14285714285714,21.74184085920495,-14.21803133539543,4881.0,5368.666666666667,6155.333333333333,159.0,187.66666666666663,175.0,131.0,72.0,56.66666666666666,196.0,89.0,71.0,106.0,62.0,37.66666666666666,5064.428571428572,32359.211639943154,5435.071428571428,187095.18253982085,182.42857142857142,1067.2116402116383,177.71428571428572,692.4932844932094,94.42857142857143,434.2857142856108,80.57142857142857,438.4346764347826,83.28571428571429,413.57142857140235,64.57142857142857,618.8449328448727,-21.333333333333314,-28.0,-115.66666666666663,-118.33333333333334,-88.0,2316.8148148148193,-97.14285714285714,1335.6532356531882,4,1,0,1,17,-0.433883739117558,-0.9009688679024191,0.0,1.0,0.2717767384711357,0.9623603298276545
2025-01-18,92.66666666666669,166.66666666666666,155.66666666666666,4712.333333333333,170.33333333333334,145.0,22.02002024784352,3.313313085489824,4796.666666666667,5230.333333333333,6018.666666666667,164.66666666666666,211.33333333333331,180.0,143.33333333333334,76.0,60.333333333333336,181.33333333333331,96.0,72.0,99.33333333333331,68.0,40.333333333333336,4982.714285714285,21091.719576446216,5338.02380952381,168397.34126998356,179.14285714285714,1102.624338624337,176.97619047619045,704.435286935211,104.61904761904762,627.9047619046646,86.76190476190477,656.2124542125553,88.6190476190476,347.79365079362657,68.97619047619047,635.2216117215537,-14.666666666666686,-21.333333333333314,-135.33333333333331,-119.66666666666666,-74.52380952380952,2718.105820105818,-90.21428571428571,1691.497557997506,5,1,1,1,18,-0.9749279121818236,-0.2225209339563146,0.0,1.0,0.2882906407095177,0.9575429528116719
2025-01-19,86.0,152.0,168.0,4628.0,176.0,133.42857142857142,22.28539483923852,20.286033732190063,4712.333333333333,5092.0,5882.0,170.33333333333334,235.0,185.0,155.66666666666666,80.0,64.0,166.66666666666666,103.0,73.0,92.66666666666669,74.0,43.0,4908.714285714285,16668.164020886394,5244.714285714285,153498.9206350667,173.28571428571428,902.8306878306867,176.28571428571428,706.6129426128659,116.0,774.592592592502,93.57142857142857,917.7680097681049,92.14285714285714,265.1798941798714,72.71428571428571,600.2368742368182,-8.0,-14.666666666666686,-155.0,-121.0,-57.285714285714285,2352.2751322751205,-82.71428571428571,2003.2283272282698,6,1,1,1,19,-0.7818314824680299,0.6234898018587334,0.0,1.0,0.3047192331091634,0.9524422234305676
2025-01-20,84.0,118.0,136.0,4638.0,127.0,135.57142857142856,-24.992007839004494,16.42057926757594,4628.0,5019.0,5769.0,176.0,181.0,190.0,168.0,102.0,71.0,152.0,107.0,60.0,86.0,68.0,41.0,4842.428571428572,19076.54497326353,5155.142857142857,142874.37118452083,164.85714285714286,186.4021164021157,175.64285714285714,700.3327228326455,128.57142857142858,824.8783068782236,101.0,1217.1965811966702,93.85714285714286,213.179894179872,75.78571428571429,535.7368742368196,9.0,-8.0,-79.0,-119.0,-36.285714285714285,651.2751322751092,-74.64285714285714,2249.7173382172755,0,1,0,1,20,0.0,1.0,0.0,1.0,0.321057654185271,0.9470596510722283
2025-01-21,59.0,64.0,117.0,4728.0,54.0,137.28571428571428,-44.6268973503646,-38.65881693534968,4638.0,4957.0,5703.0,127.0,139.0,133.0,136.0,93.0,65.0,118.0,124.0,83.0,84.0,92.0,65.0,4788.0,17389.259258974726,5074.357142857143,127431.87118452409,157.14285714285714,312.40211640211646,171.14285714285714,844.6788766787943,133.42857142857142,688.8783068782263,105.64285714285714,1218.9822954823808,96.14285714285714,111.84656084653948,78.85714285714286,437.68742368737065,63.0,9.0,-46.0,-68.0,-23.714285714285715,504.60846560843584,-65.5,2546.508547008478,1,1,0,1,21,0.7818314824680298,0.6234898018587336,0.0,1.0,0.3373010691361842,0.9413968285264122
2025-01-22,62.0,97.0,52.0,4717.0,83.0,138.57142857142856,-17.219894549244145,-38.35153402218441,4728.0,4903.0,5605.0,54.0,164.0,184.0,117.0,107.0,82.0,64.0,162.0,80.0,59.0,113.0,38.0,4755.285714285715,11980.497354210956,5004.714285714285,101037.22832738401,145.0,1858.5925925925942,165.5,1754.04700854692,136.85714285714286,447.7354497353711,109.35714285714286,1086.9822954823778,91.42857142857143,312.9894179893948,78.42857142857143,453.0500610500078,-31.0,63.0,-57.0,-102.0,-8.142857142857142,1392.1798941798563,-56.142857142857146,3721.90964590957,2,1,0,1,22,0.9749279121818236,-0.22252093395631434,0.0,1.0,0.3534446712740877,0.9354554315134164
2025-01-23,91.0,75.0,97.0,4621.0,174.0,139.42857142857142,20.791543792326248,13.779884779102336,4717.0,4881.0,5507.0,83.0,159.0,164.0,52.0,131.0,68.0,97.0,196.0,82.0,62.0,106.0,56.0,4728.714285714285,7764.497354209466,4941.285714285715,75353.53601969428,133.42857142857142,2282.87830687831,158.28571428571428,2195.2283272282307,129.0,1427.259259259177,107.21428571428571,1277.5317460318302,84.14285714285714,317.8465608465349,80.14285714285714,344.9181929181405,-77.0,-31.0,-28.0,-96.0,-4.428571428571429,1065.3227513227116,-51.07142857142857,3581.079975579896,3,1,0,1,23,0.43388373911755823,-0.900968867902419,0.0,1.0,0.3694836834473831,0.9292372181882051
2025-01-24,70.33333333333333,67.0,68.33333333333333,4494.333333333333,176.66666666666666,139.42857142857142,21.74184085920495,15.496254378890292,4621.0,4796.666666666667,5368.666666666667,174.0,164.66666666666666,187.66666666666663,97.0,143.33333333333334,72.0,75.0,181.33333333333331,89.0,91.0,99.33333333333331,62.0,4691.571428571428,4223.544973254976,4878.0,54313.47008563085,135.57142857142858,2442.8783068783096,159.0,2211.1623931622976,124.14285714285714,1569.7354497353651,109.28571428571429,1162.647130647213,82.0,240.70370370367698,82.64285714285714,302.41819291814187,-108.33333333333333,-77.0,-21.333333333333314,-115.66666666666663,-11.428571428571429,1793.322751322715,-49.714285714285715,3475.536019535939,4,1,0,1,24,-0.433883739117558,-0.9009688679024191,0.0,1.0,0.38541335945432564,0.9227440286201427
2025-01-25,49.66666666666666,59.0,39.66666666666666,4367.666666666667,179.33333333333334,146.1428571428571,22.02002024784352,11.170455942632714,4494.333333333333,4712.333333333333,5230.333333333333,176.66666666666666,170.33333333333334,211.33333333333331,68.33333333333333,155.66666666666666,76.0,67.0,166.66666666666666,96.0,70.33333333333333,92.66666666666669,68.0,4648.380952380952,6690.20105790857,4815.547619047619,42916.711233374466,137.28571428571428,2579.8306878306903,158.21428571428572,2171.2924297923337,113.42857142857143,1893.5449735448838,109.02380952380952,1184.6404151404977,77.85714285714286,193.29100529097718,83.23809523809526,280.9133089132582,-139.66666666666669,-108.33333333333333,-14.666666666666686,-135.33333333333331,-23.857142857142858,3161.8465608465317,-49.19047619047619,3404.969474969395,5,1,1,1,25,-0.9749279121818236,-0.2225209339563146,0.0,1.0,0.4012289854475009,0.9159777842484877
2025-01-26,29.0,51.0,11.0,4241.0,182.0,148.42857142857142,22.28539483923852,11.286033732190065,4367.666666666667,4628.0,5092.0,179.33333333333334,176.0,235.0,39.66666666666666,168.0,80.0,59.0,152.0,103.0,49.66666666666666,86.0,74.0,4599.142857142857,16313.513227217883,4753.928571428572,41023.900488566156,138.57142857142858,2690.544973544976,155.92857142857142,1982.926129426031,96.85714285714286,2182.624338624241,106.42857142857143,1463.5286935287784,71.71428571428571,245.1640211639909,81.92857142857143,347.9004884004371,-171.0,-139.66666666666669,-8.0,-155.0,-41.714285714285715,5011.05291005289,-49.5,3463.739316239237,6,1,1,1,26,-0.7818314824680299,0.6234898018587334,0.0,1.0,0.4169258813287287,0.908940487313808
2025-01-27,33.0,53.0,34.0,4161.0,127.0,146.28571428571428,-24.992007839004494,5.706293553290216,4241.0,4638.0,5019.0,182.0,127.0,181.0,11.0,136.0,102.0,51.0,118.0,107.0,29.0,84.0,68.0,4543.857142857143,33986.51322721474,4693.142857142857,48491.19169735973,139.42857142857142,2770.544973544976,152.14285714285714,1538.8327228326202,74.42857142857143,1980.767195767087,101.5,2084.1495726496614,63.57142857142857,437.8783068782738,78.71428571428571,547.4334554334024,-93.0,-171.0,9.0,-79.0,-65.0,6974.814814814807,-50.642857142857146,3741.7173382172596,0,1,0,1,27,0.0,1.0,0.0,1.0,0.4324994021339788,0.901634220265486
2025-01-28,32.0,49.0,39.0,4096.0,101.0,144.19047619047618,-44.6268973503646,1.4364211598884251,4161.0,4728.0,4957.0,127.0,54.0,139.0,34.0,117.0,93.0,53.0,64.0,124.0,33.0,59.0,92.0,4475.714285714285,51521.941798639484,4631.857142857143,58061.19169736206,139.42857142857142,2770.544973544976,148.28571428571428,1507.3821733820664,59.857142857142854,1373.6243386242224,96.64285714285714,2409.20451770461,56.285714285714285,462.1640211639854,76.21428571428571,692.6257631257087,-62.0,-93.0,63.0,-46.0,-79.57142857142857,5945.100529100529,-51.642857142857146,3816.7942612941833,1,1,0,1,28,0.7818314824680298,0.6234898018587336,0.0,1.0,0.44794493940789115,0.8940611451454876
2025-01-29,32.0,50.0,39.0,4036.0,99.0,142.1428571428571,-17.219894549244145,-25.922962593612965,4096.0,4717.0,4903.0,101.0,83.0,164.0,39.0,52.0,107.0,49.0,97.0,162.0,32.0,62.0,113.0,4385.428571428572,55434.32275101542,4570.357142857143,67943.76862044129,146.14285714285714,1747.7354497354515,145.57142857142858,1664.8107448106348,48.714285714285715,757.0529100527883,92.78571428571429,2647.753968254064,52.42857142857143,541.8783068782698,71.92857142857143,804.0543345542778,-60.0,-62.0,-31.0,-57.0,-97.42857142857143,2236.7671957672046,-52.785714285714285,3821.1898656897883,2,1,0,1,29,0.9749279121818236,-0.22252093395631434,0.0,1.0,0.4632579225674917,0.88622350294858
2025-01-30,47.0,42.0,47.0,3923.0,159.0,140.1428571428571,20.791543792326248,-1.9344009351833584,4036.0,4621.0,4881.0,99.0,174.0,159.0,39.0,97.0,131.0,50.0,75.0,196.0,32.0,91.0,106.0,4288.142857142857,46419.17989386716,4508.428571428572,77266.40048857548,148.42857142857142,1447.5449735449754,140.92857142857142,1782.3107448106296,46.857142857142854,766.9576719575493,87.92857142857143,2829.3363858364855,48.142857142857146,574.7354497354111,66.14285714285714,760.8840048839448,-112.0,-60.0,-77.0,-28.0,-101.57142857142857,1714.7671957672067,-53.0,3823.7777777777005,3,1,0,1,30,0.43388373911755823,-0.900968867902419,0.0,1.0,0.4784338202547012,0.8781236129591848
2025-01-31,38.0,35.333333333333336,45.0,3776.3333333333335,162.0,136.57142857142856,21.74184085920495,3.686730569366496,3923.0,4494.333333333333,4796.666666666667,159.0,176.66666666666666,164.66666666666666,47.0,68.33333333333333,143.33333333333334,42.0,67.0,181.33333333333331,47.0,70.33333333333333,99.33333333333331,4188.428571428572,38574.989417671146,4440.0,87909.67521385277,146.28571428571428,1351.8306878306898,140.92857142857142,1782.3107448106296,39.714285714285715,288.38624338611703,81.92857142857143,2776.7210012211062,41.857142857142854,222.73544973540882,61.92857142857143,647.7466422465799,-117.0,-112.0,-108.33333333333333,-21.333333333333314,-106.57142857142857,1603.1005291005422,-59.0,4004.7008547007817,4,1,0,1,31,-0.433883739117558,-0.9009688679024191,0.0,1.0,0.49346814167723735,0.8697638720650646
2025-02-01,29.0,28.666666666666668,43.0,3629.6666666666665,165.0,132.71428571428572,22.02002024784352,10.26569403787076,3776.3333333333335,4367.666666666667,4712.333333333333,162.0,179.33333333333334,170.33333333333334,45.0,39.66666666666666,155.66666666666666,35.333333333333336,59.0,166.66666666666666,38.0,49.66666666666666,92.66666666666669,4085.8571428571427,39008.068782744915,4367.119047619048,106285.01892569909,144.19047619047618,1234.0317460317485,140.73809523809524,1773.07997557986,36.38095238095239,143.57142857130052,74.90476190476191,2538.4517704518807,37.23809523809524,65.17460317456069,57.547619047619044,563.4975579974933,-122.0,-117.0,-139.66666666666669,-14.666666666666686,-107.80952380952381,1618.9206349206488,-65.83333333333334,4104.047008546941,5,2,1,1,32,-0.9749279121818236,-0.2225209339563146,0.49999999999999994,0.8660254037844387,0.5083564379375122,0.8611467540480452
2025-02-02,20.0,22.0,41.0,3483.0,168.0,133.42857142857142,22.28539483923852,12.286033732190065,3629.6666666666665,4241.0,4628.0,165.0,182.0,176.0,43.0,11.0,168.0,28.666666666666668,51.0,152.0,29.0,29.0,86.0,3980.4285714285716,47489.21163988198,4289.785714285715,132510.93345561644,142.14285714285714,1095.476190476193,140.35714285714286,1750.8284493283331,36.857142857142854,148.809523809396,66.85714285714285,2045.2771672772842,34.285714285714285,40.57142857138514,53.0,509.0427350426677,-127.0,-122.0,-171.0,-8.0,-105.28571428571429,1475.9047619047744,-73.5,4082.0299145298527,6,2,1,1,33,-0.7818314824680299,0.6234898018587334,0.49999999999999994,0.8660254037844387,0.5230943033491326,0.8522748088519838
2025-02-03,23.0,45.0,11.0,3403.0,102.0,131.42857142857142,-24.992007839004494,-4.436563589566923,3483.0,4161.0,4638.0,168.0,127.0,127.0,41.0,34.0,136.0,22.0,53.0,118.0,20.0,33.0,84.0,3872.1428571428573,63732.0687827332,4208.0,166577.82906001498,140.14285714285714,937.4761904761934,139.78571428571428,1711.5317460316292,41.142857142857146,18.809523809398293,57.785714285714285,1221.1727716728956,33.0,67.99999999995615,48.285714285714285,485.10866910859903,-91.0,-127.0,-93.0,9.0,-99.0,788.6666666666764,-82.0,3894.3760683760124,0,2,0,1,34,0.0,1.0,0.49999999999999994,0.8660254037844387,0.5376773767406141,0.8431506618282
2025-02-04,34.0,54.0,29.0,3359.0,74.0,126.8095238095238,-44.6268973503646,-8.182626459159195,3403.0,4096.0,4728.0,102.0,101.0,54.0,11.0,39.0,117.0,45.0,49.0,64.0,23.0,32.0,59.0,3763.8571428571427,72828.06878272729,4119.785714285715,193822.4719171609,136.57142857142858,1136.2857142857179,138.0,1805.3504273503086,37.857142857142854,149.14285714272992,48.857142857142854,833.123321123452,31.571428571428573,82.28571428566995,43.92857142857143,415.7295482294757,-45.0,-91.0,-62.0,63.0,-98.71428571428571,793.2380952381048,-89.14285714285714,3208.6617826617326,1,2,0,1,35,0.7818314824680298,0.6234898018587336,0.49999999999999994,0.8660254037844387,0.5521013427459208,0.8337770129585915
2025-02-05,26.0,36.0,36.0,3290.0,104.0,119.57142857142856,-17.219894549244145,1.64846597781559,3359.0,4036.0,4717.0,74.0,99.0,83.0,29.0,39.0,52.0,54.0,50.0,97.0,34.0,32.0,62.0,3658.5714285714284,68827.21163986441,4022.0,199591.82906002138,132.71428571428572,1560.5714285714328,139.42857142857142,1575.4603174602003,36.42857142857143,159.61904761891967,42.57142857142857,463.71672771686343,31.857142857142858,83.14285714281291,42.142857142857146,402.4053724052989,-68.0,-45.0,-60.0,-31.0,-96.28571428571429,1042.5714285714373,-96.85714285714286,1513.8925518925078,2,2,0,1,36,0.9749279121818236,-0.22252093395631434,0.49999999999999994,0.8660254037844387,0.5663619330814524,0.8241566360566663
2025-02-06,25.0,32.0,27.0,3181.0,145.0,109.7142857142857,20.791543792326248,14.494170493388058,3290.0,3923.0,4621.0,104.0,159.0,174.0,36.0,47.0,97.0,36.0,42.0,75.0,26.0,47.0,91.0,3552.0,54475.59259223959,3920.0714285714284,192464.66971936557,133.42857142857142,1507.9523809523846,140.92857142857142,1424.6526251525097,36.0,158.33333333320516,41.42857142857143,458.7936507937874,31.0,87.99999999995549,39.57142857142857,384.9987789987041,-118.0,-68.0,-112.0,-77.0,-97.42857142857143,954.9523809523902,-99.5,1236.7991452991032,3,2,0,1,37,0.43388373911755823,-0.900968867902419,0.49999999999999994,0.8660254037844387,0.580454927809098,0.8142923779467267
2025-02-07,21.666666666666668,25.666666666666664,25.666666666666668,3080.0,129.66666666666666,104.14285714285712,21.74184085920495,3.781968664604584,3181.0,3776.3333333333335,4494.333333333333,145.0,162.0,176.66666666666666,27.0,45.0,68.33333333333333,32.0,35.333333333333336,67.0,25.0,38.0,70.33333333333333,3446.0,41366.9259255672,3817.214285714286,185296.3180710174,131.42857142857142,1416.6190476190513,138.85714285714286,1337.1746031744854,33.142857142857146,142.14285714272748,36.42857142857143,210.33211233225282,27.857142857142858,39.80952380947826,34.857142857142854,173.9438339437564,-103.99999999999999,-118.0,-117.0,-108.33333333333333,-98.28571428571429,989.2380952381046,-102.42857142857143,1214.9474969474572,4,2,0,1,38,-0.433883739117558,-0.9009688679024191,0.49999999999999994,0.8660254037844387,0.5943761565849831,0.804187157621448
2025-02-08,18.333333333333336,19.33333333333333,24.33333333333333,2979.0,114.33333333333331,100.7142857142857,22.02002024784352,-8.400972628795884,3080.0,3629.6666666666665,4367.666666666667,129.66666666666666,165.0,179.33333333333334,25.666666666666668,43.0,39.66666666666666,25.666666666666664,28.666666666666668,59.0,21.666666666666668,29.0,49.66666666666666,3346.5238095238096,33961.47619011209,3716.190476190476,180843.49938970213,126.80952380952382,1236.4761904761947,135.5,1221.5683760682548,30.38095238095238,119.12698412685302,33.38095238095238,130.93772893787184,25.523809523809522,22.698412698366372,31.38095238095238,77.50183150175204,-89.99999999999999,-103.99999999999999,-122.0,-139.66666666666669,-96.42857142857143,932.285714285723,-102.11904761904762,1212.352258852219,5,2,1,1,39,-0.9749279121818236,-0.2225209339563146,0.49999999999999994,0.8660254037844387,0.6081214998935418,0.7938439653781019
2025-02-09,15.0,13.0,23.0,2878.0,99.0,95.28571428571428,22.28539483923852,-18.5711091249528,2979.0,3483.0,4241.0,114.33333333333331,168.0,182.0,24.33333333333333,41.0,11.0,19.33333333333333,22.0,51.0,18.333333333333336,20.0,29.0,3253.5714285714284,33031.95238058332,3617.0,179403.9658121718,119.57142857142857,958.2116402116453,130.85714285714286,1085.0207570206308,27.714285714285715,90.38624338611089,32.285714285714285,132.90354090368467,24.000000000000004,26.59259259254576,29.142857142857142,59.48229548221479,-76.0,-89.99999999999999,-127.0,-171.0,-91.85714285714286,805.8095238095308,-98.57142857142857,1101.6483516483088,6,2,1,1,40,-0.7818314824680299,0.6234898018587334,0.49999999999999994,0.8660254037844387,0.6216868902665479,0.7832658619336791
2025-02-10,16.0,18.0,15.0,2834.0,63.0,84.85714285714286,-24.992007839004494,3.1348649818616323,2878.0,3403.0,4161.0,99.0,102.0,127.0,23.0,11.0,34.0,13.0,45.0,53.0,15.0,23.0,33.0,3167.1428571428573,39053.14285676918,3519.6428571428573,181253.7515264608,109.71428571428571,524.4973544973606,124.92857142857143,924.0372405371082,25.142857142857142,56.95767195753811,33.142857142857146,103.89255189269498,23.285714285714285,36.83068783064076,28.142857142857142,73.78998778990653,-48.0,-76.0,-91.0,-93.0,-84.57142857142857,579.952380952385,-91.78571428571429,687.7197802197321,0,2,0,1,41,0.0,1.0,0.49999999999999994,0.8660254037844387,0.6350683134867438,0.7724559775191742
2025-02-11,11.0,22.0,12.0,2799.0,50.0,74.58333333333334,-44.6268973503646,20.043564017031255,2834.0,3359.0,4096.0,63.0,74.0,101.0,15.0,29.0,39.0,18.0,54.0,49.0,16.0,34.0,32.0,3085.8571428571427,40570.47619009816,3424.8571428571427,176098.86691107939,104.14285714285714,842.0687830687897,120.35714285714286,1196.2130647129275,25.714285714285715,40.38624338610983,31.785714285714285,127.17277167291583,22.285714285714285,44.49735449730709,26.928571428571427,81.72954822946629,-38.0,-48.0,-45.0,-62.0,-78.42857142857143,751.9523809523826,-88.57142857142857,823.9560439559934,1,2,0,1,42,0.7818314824680298,0.6234898018587336,0.49999999999999994,0.8660254037844387,0.6482618097757122,0.7614175109532997
2025-02-12,16.0,20.0,20.0,2752.0,66.0,64.46428571428571,-17.219894549244145,18.75560883495844,2799.0,3290.0,4036.0,50.0,104.0,99.0,12.0,36.0,39.0,22.0,36.0,50.0,11.0,26.0,32.0,3005.8571428571427,34383.809523427226,3332.214285714286,162337.8394385551,100.71428571428571,1165.4973544973614,116.71428571428571,1533.8778998777589,23.285714285714285,63.05291005277521,29.857142857142858,149.27716727731297,19.0,30.259259259210747,25.428571428571427,96.84493284485006,-46.0,-38.0,-68.0,-60.0,-77.42857142857143,836.9523809523821,-86.85714285714286,963.2087912087392,2,2,0,1,43,0.9749279121818236,-0.22252093395631434,0.49999999999999994,0.8660254037844387,0.6612634749656386,0.7501537286959042
2025-02-13,15.0,10.0,23.0,2703.0,72.0,54.5,20.791543792326248,-3.291543792326248,2752.0,3181.0,3923.0,66.0,145.0,159.0,20.0,27.0,47.0,20.0,32.0,42.0,16.0,25.0,47.0,2929.0,24776.66666628024,3240.5,141074.23504295383,95.28571428571429,1330.1640211640286,114.35714285714286,1701.5976800975366,21.0,31.814814814678755,28.5,148.33760683775358,17.571428571428573,21.211640211591217,24.285714285714285,98.95482295473951,-49.0,-46.0,-118.0,-112.0,-74.28571428571429,975.2380952380953,-85.85714285714286,1035.0549450548922,3,2,0,1,44,0.43388373911755823,-0.900968867902419,0.49999999999999994,0.8660254037844387,0.6740694616546161,0.7386679638813748
2025-02-14,13.25,11.75,20.75,2660.25,57.75,47.642857142857146,21.74184085920495,-11.634698002062096,2703.0,3080.0,3776.3333333333335,72.0,129.66666666666666,162.0,23.0,25.666666666666668,45.0,10.0,25.666666666666664,35.333333333333336,15.0,21.666666666666668,38.0,2860.714285714286,17265.238094847944,3153.3571428571427,119288.52075724256,84.85714285714286,881.735449735458,108.14285714285714,1644.7130647129147,20.428571428571427,26.100529100392738,26.785714285714285,121.17277167291977,16.142857142857142,10.735449735400259,22.0,60.27350427341956,-37.0,-49.0,-103.99999999999999,-117.0,-64.42857142857143,649.9523809523771,-81.35714285714286,1065.1703296702733,4,2,0,1,45,-0.433883739117558,-0.9009688679024191,0.49999999999999994,0.8660254037844387,0.6866759803451553,0.726963615332308
2025-02-15,11.5,13.5,18.5,2617.5,43.5,41.78571428571429,22.02002024784352,-20.30573453355781,2660.25,2979.0,3629.6666666666665,57.75,114.33333333333331,165.0,20.75,24.33333333333333,43.0,11.75,19.33333333333333,28.666666666666668,13.25,18.333333333333336,29.0,2800.75,11753.520832939888,3073.6369047619046,101294.74317024897,74.58333333333333,546.4097222222314,100.69642857142857,1557.2175289986214,19.726190476190474,20.96924603160929,25.053571428571427,95.2239392553387,14.94047619047619,5.358134920585042,20.232142857142858,43.10489163605593,-25.0,-37.0,-89.99999999999999,-122.0,-54.857142857142854,407.47619047618304,-75.64285714285714,1083.631868131807,5,2,1,1,46,-0.9749279121818236,-0.2225209339563146,0.49999999999999994,0.8660254037844387,0.6990793005655562,0.7150441465537444
2025-02-16,9.75,15.25,16.25,2574.75,29.25,35.07142857142857,22.28539483923852,-28.10682341066709,2617.5,2878.0,3483.0,43.5,99.0,168.0,18.5,23.0,41.0,13.5,13.0,22.0,11.5,15.0,20.0,2749.1071428571427,8943.288690079911,3001.339285714286,87888.16929967763,64.46428571428571,324.63392857143907,92.01785714285714,1409.6818147128981,18.892857142857142,16.872023809386633,23.303571428571427,70.45470848610931,13.964285714285714,4.300595238045031,18.982142857142858,41.374122405286,-13.0,-25.0,-76.0,-127.0,-45.57142857142857,249.61904761903676,-68.71428571428571,1063.9120879120214,6,2,1,1,47,-0.7818314824680299,0.6234898018587334,0.49999999999999994,0.8660254037844387,0.7112757519738152,0.7029130847082615
2025-02-17,8.0,17.0,14.0,2532.0,15.0,29.35714285714285,-24.992007839004494,10.63486498186164,2574.75,2834.0,3403.0,29.25,63.0,102.0,16.25,15.0,11.0,15.25,18.0,45.0,9.75,16.0,23.0,2705.785714285714,9051.592261506123,2936.464285714286,79508.06593429524,54.5,216.68750000001168,82.10714285714286,1162.8669108667343,17.928571428571427,14.139880952243262,21.535714285714285,46.82661782677003,13.214285714285714,6.425595238044782,18.25,47.27350427341746,-1.0,-13.0,-48.0,-91.0,-36.57142857142857,177.6190476190333,-60.57142857142857,969.9560439559708,0,2,0,1,48,0.0,1.0,0.49999999999999994,0.8660254037844387,0.7232617254437388,0.6905740195722293
2025-02-18,18.0,19.0,11.0,2536.0,9.0,25.82142857142857,-44.6268973503646,27.80546877893603,2532.0,2799.0,3359.0,15.0,50.0,74.0,14.0,12.0,29.0,17.0,22.0,54.0,8.0,11.0,34.0,2662.6428571428573,9173.83035674189,2874.25,71180.92307715453,47.642857142857146,409.8303571428696,75.89285714285714,1437.2515262513432,17.785714285714285,15.258928571290808,21.75,42.60683760698964,12.071428571428571,8.139880952330115,17.178571428571427,52.38339438330698,2.0,-1.0,-38.0,-45.0,-29.857142857142858,314.1428571428402,-54.142857142857146,1127.2087912087131,1,2,0,1,49,0.7818314824680298,0.6234898018587336,0.49999999999999994,0.8660254037844387,0.7350336741329413,0.6780306024735382
2025-02-19,12.0,17.0,17.0,2528.0,19.0,24.464285714285715,-17.219894549244145,11.75560883495843,2536.0,2752.0,3290.0,9.0,66.0,104.0,11.0,20.0,36.0,19.0,20.0,36.0,18.0,16.0,26.0,2625.0714285714284,7101.1398805493845,2815.464285714286,58184.75824199167,41.785714285714285,617.7589285714417,71.24999999999999,1757.9658119656242,17.642857142857142,17.330357142719304,20.464285714285715,45.67277167292472,13.071428571428571,12.639880952330449,16.035714285714285,29.262515262427225,-2.0,2.0,-46.0,-68.0,-24.142857142857142,434.14285714283795,-50.785714285714285,1351.1043956043145,2,2,0,1,50,0.9749279121818236,-0.22252093395631434,0.49999999999999994,0.8660254037844387,0.746588114532413,0.6652865452111116
2025-02-20,13.0,25.0,15.0,2520.0,32.0,25.285714285714285,20.791543792326248,-14.077258078040533,2528.0,2703.0,3181.0,19.0,72.0,145.0,17.0,23.0,27.0,17.0,10.0,32.0,12.0,15.0,25.0,2593.0714285714284,4791.806547214317,2761.035714285714,44029.14285737812,35.07142857142857,553.9732142857283,65.17857142857143,1845.7680097678156,17.214285714285715,16.258928571290504,19.107142857142858,26.046398046552152,12.5,11.020833333282638,15.035714285714286,21.80097680088821,-17.0,-2.0,-49.0,-118.0,-17.857142857142858,390.1428571428355,-46.07142857142857,1487.4560439559593,3,2,0,1,51,0.43388373911755823,-0.900968867902419,0.49999999999999994,0.8660254037844387,0.7579216274973472,0.6523456189565257
2025-02-21,11.0,22.0,12.666666666666668,2487.6666666666665,33.0,26.57142857142857,21.74184085920495,-15.313269430633518,2520.0,2660.25,3080.0,32.0,57.75,129.66666666666666,15.0,20.75,25.666666666666668,25.0,11.75,25.666666666666664,13.0,13.25,21.666666666666668,2566.9285714285716,2870.306547212891,2713.8214285714284,32530.64835188523,29.357142857142858,290.1636904762052,57.107142857142854,1370.1746031744005,16.071428571428573,9.973214285575603,18.249999999999996,21.76068376083854,12.214285714285714,9.92559523804445,14.178571428571429,13.691086690997626,-20.333333333333332,-17.0,-37.0,-103.99999999999999,-13.285714285714286,204.2380952380718,-38.857142857142854,1098.43956043947,4,2,0,1,52,-0.433883739117558,-0.9009688679024191,0.49999999999999994,0.8660254037844387,0.7690308592589181,0.6392116531380588
2025-02-22,9.0,19.0,10.333333333333334,2455.333333333333,34.0,28.57142857142857,22.02002024784352,-16.591448819272088,2487.6666666666665,2617.5,2979.0,33.0,43.5,114.33333333333331,12.666666666666668,18.5,24.33333333333333,22.0,13.5,19.33333333333333,11.0,11.5,18.333333333333336,2542.2738095238096,1756.7331345131322,2671.5119047619046,24222.793651031967,25.821428571428573,143.43154761906285,50.20238095238095,958.5445665443566,14.916666666666666,6.701388888749576,17.321428571428573,18.998778998934498,11.892857142857142,9.872023809472912,13.416666666666668,9.52991452982504,-23.666666666666664,-20.333333333333332,-25.0,-89.99999999999999,-10.904761904761903,112.17460317457882,-32.88095238095238,759.9420024419071,5,2,1,1,53,-0.9749279121818236,-0.2225209339563146,0.49999999999999994,0.8660254037844387,0.7799125224167177,0.6258885343075018
2025-02-23,7.0,16.0,8.0,2423.0,35.0,29.14285714285714,22.28539483923852,-16.42825198209566,2455.333333333333,2574.75,2878.0,34.0,29.25,99.0,10.333333333333334,16.25,23.0,19.0,15.25,13.0,9.0,9.75,15.0,2519.1071428571427,1447.2007271044538,2634.1071428571427,19037.918193157788,24.464285714285715,100.34226190477733,44.464285714285715,626.912087911872,13.75,6.47453703689709,16.321428571428573,17.896214896371184,11.535714285714286,11.09226190471089,12.75,8.69230769221783,-27.0,-23.666666666666664,-13.0,-76.0,-10.714285714285714,106.16402116399674,-28.142857142857142,491.3284493283503,6,2,1,1,54,-0.7818314824680299,0.6234898018587334,0.49999999999999994,0.8660254037844387,0.7905633969115482,0.612380204990065
2025-02-24,20.0,22.0,14.0,2413.0,24.0,29.85714285714285,-24.992007839004494,19.13486498186164,2423.0,2532.0,2834.0,35.0,15.0,63.0,8.0,14.0,15.0,16.0,17.0,18.0,7.0,8.0,16.0,2497.4285714285716,1922.322750912781,2601.6071428571427,16752.918193158883,25.285714285714285,114.23809523811055,39.892857142857146,382.51648351626284,12.571428571428571,9.322751322610737,15.25,18.555555555712683,11.142857142857142,13.809523809472665,12.178571428571429,10.494505494415314,-10.0,-27.0,-1.0,-48.0,-12.714285714285714,144.83068783066417,-24.642857142857142,302.0592185591167,0,2,0,1,55,0.0,1.0,0.49999999999999994,0.8660254037844387,0.8009803309782905,0.5986906625177214
2025-02-25,11.0,7.0,7.0,2413.0,23.0,30.142857142857142,-44.6268973503646,37.48404020750746,2413.0,2536.0,2799.0,24.0,9.0,50.0,14.0,11.0,12.0,22.0,19.0,22.0,20.0,18.0,11.0,2480.4285714285716,2573.989417578515,2571.535714285714,14361.083028324741,26.571428571428573,94.9523809523961,37.107142857142854,352.5164835162599,12.571428571428571,9.322751322610737,15.178571428571429,18.66544566560285,12.857142857142858,21.809523809473234,12.464285714285714,13.989010988920967,-16.0,-10.0,2.0,-38.0,-14.0,121.25925925923612,-21.928571428571427,268.6526251525211,1,2,0,1,56,0.7818314824680298,0.6234898018587336,0.49999999999999994,0.8660254037844387,0.8111602420785621,0.5848239578463322
2025-02-26,12.0,21.0,1.0,2411.0,23.0,30.0,-17.219894549244145,10.219894549244144,2413.0,2528.0,2752.0,23.0,19.0,66.0,7.0,17.0,20.0,7.0,17.0,20.0,11.0,12.0,16.0,2462.8571428571427,2456.8465604346948,2543.964285714286,11495.775336017994,28.571428571428573,40.95238095239582,35.17857142857143,351.0329670327414,12.0,13.703703703562807,14.821428571428571,22.89621489637236,11.857142857142858,16.809523809472903,12.464285714285714,13.989010988920967,-22.0,-16.0,-2.0,-46.0,-16.571428571428573,71.54497354495142,-20.357142857142858,248.828449328344,2,2,0,1,57,0.9749279121818236,-0.22252093395631434,0.49999999999999994,0.8660254037844387,0.8211001178128892,0.5707841943569036
2025-02-27,10.0,15.0,17.0,2391.0,37.0,29.428571428571427,20.791543792326248,-13.220115220897677,2411.0,2520.0,2703.0,23.0,32.0,72.0,1.0,15.0,23.0,21.0,25.0,10.0,12.0,13.0,15.0,2446.1428571428573,1871.8465604337823,2519.6071428571427,8887.687423930925,29.142857142857142,30.47619047620526,32.107142857142854,279.2087912085624,9.714285714285714,23.608465608323467,13.464285714285714,33.544566544725065,11.857142857142858,16.809523809472903,12.178571428571429,12.956043955953776,-20.0,-22.0,-17.0,-49.0,-19.428571428571427,31.544973544952512,-18.642857142857142,195.28998778988105,3,2,0,1,58,0.43388373911755823,-0.900968867902419,0.49999999999999994,0.8660254037844387,0.8307970168121247,0.5565755266413303
2025-02-28,10.666666666666666,18.0,12.666666666666668,2359.6666666666665,35.0,29.57142857142857,21.74184085920495,-16.313269430633518,2391.0,2487.6666666666665,2660.25,37.0,33.0,57.75,17.0,12.666666666666668,20.75,15.0,22.0,11.75,10.0,11.0,13.25,2427.714285714286,1073.27513186134,2497.3214285714284,7037.973138217413,29.857142857142858,38.80952380953848,29.607142857142858,151.90109890086745,10.0,27.703703703561718,13.035714285714286,27.313797313956172,11.428571428571429,16.952380952329907,11.821428571428571,12.571428571338194,-22.333333333333332,-20.0,-20.333333333333332,-37.0,-19.857142857142858,30.402116402095533,-16.571428571428573,119.92185592174748,4,2,0,1,59,-0.433883739117558,-0.9009688679024191,0.49999999999999994,0.8660254037844387,0.8402480696078469,0.5422021592729844
2025-03-01,11.333333333333334,21.0,8.333333333333334,2328.333333333333,33.0,30.57142857142857,22.02002024784352,-19.591448819272088,2359.6666666666665,2455.333333333333,2617.5,35.0,34.0,43.5,12.666666666666668,10.333333333333334,18.5,18.0,19.0,13.5,10.666666666666666,9.0,11.5,2409.4285714285716,855.8783064635185,2475.8511904761904,5957.166857693141,30.142857142857142,41.47619047620511,27.982142857142858,90.36984890086575,10.0,27.703703703561718,12.458333333333334,22.38755341896273,11.380952380952381,17.015873015821956,11.636904761904761,12.480349511509031,-24.666666666666664,-22.333333333333332,-23.666666666666664,-25.0,-20.142857142857142,31.291005290984533,-15.523809523809522,89.19169719158789,5,3,1,1,60,-0.9749279121818236,-0.2225209339563146,0.8660254037844386,0.5000000000000001,0.8494504794814806,0.527668345562516
2025-03-02,12.0,24.0,4.0,2297.0,31.0,33.0,22.28539483923852,-24.28539483923852,2328.333333333333,2423.0,2574.75,33.0,35.0,29.25,8.333333333333334,8.0,16.25,21.0,16.0,15.25,11.333333333333334,7.0,9.75,2391.285714285714,1216.7195763038114,2455.1964285714284,5628.279495056507,30.0,40.33333333334799,27.232142857142858,73.17754120855726,9.714285714285714,28.052910052767913,11.73214285714286,20.320703602113483,11.714285714285714,15.94179894174799,11.625,12.48584401700353,-27.0,-24.666666666666664,-27.0,-13.0,-20.285714285714285,32.60846560844491,-15.5,88.71367521356589,6,3,1,1,61,-0.7818314824680299,0.6234898018587334,0.8660254037844386,0.5000000000000001,0.8584015232918917,0.512978386299228
2025-03-03,8.0,29.0,18.0,2287.0,25.0,32.42857142857143,-24.992007839004494,17.563436410433063,2297.0,2413.0,2532.0,31.0,24.0,15.0,4.0,14.0,14.0,24.0,22.0,17.0,12.0,20.0,8.0,2373.285714285714,2152.7195763028317,2435.3571428571427,6030.025030771482,29.428571428571427,35.95238095239569,27.357142857142858,73.93956043932663,9.142857142857142,32.62433862419618,10.85714285714286,22.5250305251911,12.428571428571429,11.656084656033942,11.785714285714286,12.1984126983223,-7.0,-27.0,-10.0,-1.0,-20.285714285714285,32.60846560844491,-16.5,97.32905982895133,0,3,0,1,62,0.0,1.0,0.8660254037844386,0.5000000000000001,0.8670985522812081,0.4981366284784055
2025-03-04,4.0,25.0,10.0,2272.0,30.0,32.0,-44.6268973503646,42.6268973503646,2287.0,2413.0,2536.0,25.0,23.0,9.0,18.0,7.0,11.0,29.0,7.0,19.0,8.0,11.0,18.0,2355.285714285714,2752.7195763018576,2417.8571428571427,6674.832723079786,29.571428571428573,34.285714285729,28.071428571428573,62.071428571195504,9.714285714285714,41.38624338610125,11.142857142857142,25.60195360211395,10.714285714285714,1.9417989417476529,11.785714285714286,12.1984126983223,-20.0,-7.0,-16.0,2.0,-19.857142857142858,44.179894179873315,-16.928571428571427,85.59279609268793,1,3,0,1,63,0.7818314824680298,0.6234898018587336,0.8660254037844386,0.5000000000000001,0.8755389928586302,0.4831474640149687
2025-03-05,5.0,20.0,4.0,2238.0,40.0,31.71428571428571,-17.219894549244145,25.505608834958437,2272.0,2411.0,2528.0,30.0,23.0,19.0,10.0,1.0,17.0,25.0,21.0,17.0,4.0,12.0,12.0,2335.1428571428573,2880.291004872199,2399.0,6854.700854948577,30.571428571428573,25.952380952395515,29.571428571428573,31.956043955812465,10.142857142857142,39.957671957530046,11.071428571428571,25.6953601955206,9.714285714285714,8.275132275080654,10.785714285714286,12.813797313706358,-36.0,-20.0,-22.0,-2.0,-20.428571428571427,41.32275132273068,-18.5,56.09829059818373,2,3,0,1,64,0.9749279121818236,-0.22252093395631434,0.8660254037844386,0.5000000000000001,0.8837203473619977,0.4680153284438345
2025-03-06,7.0,27.0,6.0,2218.0,33.0,31.57142857142857,20.791543792326248,-19.36297236375481,2238.0,2391.0,2520.0,40.0,37.0,32.0,4.0,17.0,15.0,20.0,15.0,25.0,5.0,10.0,13.0,2310.4285714285716,2781.4338620137296,2378.285714285714,7106.459096707547,33.0,24.333333333347525,31.071428571428573,29.302197801967875,10.571428571428571,32.100529100387426,10.142857142857142,25.909645909807043,8.714285714285714,9.941798941746988,10.285714285714286,15.00610500601377,-27.0,-36.0,-20.0,-17.0,-22.428571428571427,76.6560846560648,-20.928571428571427,52.36202686192197,3,3,0,1,65,0.43388373911755823,-0.900968867902419,0.8660254037844386,0.5000000000000001,0.8916401947968874,0.45274469960737107
2025-03-07,8.666666666666666,26.33333333333333,9.0,2191.0,32.0,31.28571428571428,21.74184085920495,-21.02755514491923,2218.0,2359.6666666666665,2487.6666666666665,33.0,35.0,33.0,6.0,12.666666666666668,12.666666666666668,27.0,18.0,22.0,7.0,10.666666666666666,11.0,2285.714285714286,2410.719576298115,2356.714285714286,7036.766789015998,32.42857142857143,21.285714285728563,31.142857142857142,29.516483516253665,9.0,25.81481481467229,9.5,24.970085470247106,8.285714285714286,9.941798941746844,9.857142857142858,15.072039071947597,-23.0,-27.0,-22.333333333333332,-20.333333333333332,-23.428571428571427,77.98941798939852,-21.642857142857142,53.460927960823646,4,3,0,1,66,-0.433883739117558,-0.9009688679024191,0.8660254037844386,0.5000000000000001,0.8992961915530253,0.4373400963303323
2025-03-08,10.333333333333332,25.666666666666668,12.0,2164.0,31.0,29.85714285714285,22.02002024784352,-20.877163104986373,2191.0,2328.333333333333,2455.333333333333,32.0,33.0,34.0,9.0,8.333333333333334,10.333333333333334,26.33333333333333,21.0,19.0,8.666666666666666,11.333333333333334,9.0,2261.6190476190473,2317.015872593114,2335.5238095238096,7346.473748723702,32.0,20.000000000014342,31.071428571428573,29.302197801967875,8.476190476190476,23.253968253825445,9.238095238095239,24.144078144239984,8.0,8.925925925873734,9.69047619047619,15.050671550579981,-19.0,-23.0,-24.666666666666664,-23.666666666666664,-23.523809523809526,77.80952380950437,-21.833333333333336,53.43162393151977,5,3,1,1,67,-0.9749279121818236,-0.2225209339563146,0.8660254037844386,0.5000000000000001,0.9066860720977985,0.4218060770826634
2025-03-09,12.0,25.0,15.0,2137.0,30.0,25.28571428571428,22.28539483923852,-17.5711091249528,2164.0,2297.0,2423.0,31.0,31.0,35.0,12.0,4.0,8.0,25.666666666666668,24.0,16.0,10.333333333333332,12.0,7.0,2238.1428571428573,2520.4761900521776,2314.714285714286,8039.057387308067,31.714285714285715,19.90476190477629,30.857142857142858,28.593406593176443,9.0,24.999999999857476,9.357142857142858,24.623321123482867,7.857142857142857,7.957671957619717,9.785714285714286,15.036019535928022,-15.0,-19.0,-27.0,-27.0,-22.714285714285715,80.23809523807549,-21.5,53.67094017083575,6,3,1,1,68,-0.7818314824680299,0.6234898018587334,0.8660254037844386,0.5000000000000001,0.9138076496466615,0.4061472386305789
2025-03-10,6.0,28.0,8.0,2125.0,23.0,21.428571428571427,-24.992007839004494,26.563436410433063,2137.0,2287.0,2413.0,30.0,25.0,24.0,15.0,18.0,14.0,25.0,29.0,22.0,12.0,8.0,20.0,2215.285714285714,3038.5714281461956,2294.285714285714,9117.057387308767,31.571428571428573,20.28571428572869,30.5,27.192307692077172,10.571428571428571,23.95238095223927,9.857142857142858,26.661782661944013,7.857142857142857,7.957671957619717,10.142857142857142,14.678876678785363,-15.0,-15.0,-7.0,-10.0,-21.0,83.66666666664624,-20.642857142857142,53.802808302703184,0,3,0,1,69,0.0,1.0,0.8660254037844386,0.5000000000000001,0.9206588168102428,0.3903682146763026
2025-03-11,3.0,11.0,7.0,2116.0,20.0,17.666666666666668,-44.6268973503646,46.96023068369793,2125.0,2272.0,2413.0,23.0,30.0,23.0,8.0,10.0,7.0,28.0,25.0,7.0,6.0,4.0,11.0,2192.1428571428573,2915.142856716388,2273.714285714286,9781.672771924845,31.285714285714285,25.238095238109697,30.428571428571427,28.263736263505663,9.142857142857142,13.476190476048025,9.428571428571429,25.40903540919709,7.571428571428571,8.433862433810098,9.142857142857142,7.4481074480155725,-13.0,-15.0,-20.0,-16.0,-22.142857142857142,55.476190476170494,-21.0,47.40170940160458,1,3,0,1,70,0.7818314824680298,0.6234898018587336,0.8660254037844386,0.5000000000000001,0.9272375462179537,0.374473674486883
2025-03-12,6.0,18.0,2.0,2113.0,8.0,14.0,-17.219894549244145,11.219894549244144,2116.0,2238.0,2411.0,20.0,40.0,23.0,7.0,4.0,1.0,11.0,20.0,21.0,3.0,5.0,12.0,2169.8571428571427,2239.142856715196,2252.5,9718.029914782699,29.857142857142858,43.8095238095385,30.214285714285715,32.33516483493401,8.714285714285714,13.904761904619223,9.428571428571429,25.40903540919709,7.428571428571429,9.767195767143384,8.571428571428571,9.733821733729538,-6.0,-13.0,-36.0,-22.0,-21.142857142857142,67.47619047617009,-20.785714285714285,50.35225885215386,2,3,0,1,71,0.9749279121818236,-0.22252093395631434,0.8660254037844386,0.5000000000000001,0.9335418911179212,0.35846832151248087
2025-03-13,4.0,20.0,9.0,2116.0,6.0,10.428571428571429,20.791543792326248,-25.220115220897675,2113.0,2218.0,2391.0,8.0,33.0,37.0,2.0,6.0,17.0,18.0,27.0,15.0,6.0,7.0,10.0,2152.0,1631.9999995713804,2231.214285714286,8794.55738731087,25.285714285714285,81.90476190477732,29.142857142857142,65.0549450547131,8.428571428571429,17.619047618904784,9.5,24.18376068392231,7.571428571428571,9.100529100476765,8.142857142857142,9.140415140322704,3.0,-6.0,-27.0,-20.0,-16.857142857142858,47.47619047616837,-19.642857142857142,65.64896214885621,3,3,0,1,72,0.43388373911755823,-0.900968867902419,0.8660254037844386,0.5000000000000001,0.9395699859530622,0.342356891994542
2025-03-14,3.0,16.333333333333332,8.666666666666666,2116.333333333333,5.666666666666667,8.285714285714285,21.74184085920495,-24.36088847825257,2116.0,2191.0,2359.6666666666665,6.0,32.0,35.0,9.0,9.0,12.666666666666668,20.0,26.33333333333333,18.0,4.0,8.666666666666666,10.666666666666666,2137.4285714285716,874.2857138563013,2211.5714285714284,7436.178266432384,21.428571428571427,116.61904761906362,26.928571428571427,96.22527472504044,8.857142857142858,16.476190476047872,8.928571428571429,19.5244200245821,7.142857142857143,10.95767195761948,7.714285714285714,9.99755799746532,2.999999999999999,3.0,-23.0,-22.333333333333332,-12.571428571428571,74.61904761902377,-18.0,102.17094017083292,4,3,0,1,73,-0.433883739117558,-0.9009688679024191,0.8660254037844386,0.5000000000000001,0.945320046913132,0.3261441535642696
2025-03-15,2.0,12.666666666666668,8.333333333333334,2116.6666666666665,5.333333333333333,6.571428571428571,22.02002024784352,-23.25811548593876,2116.333333333333,2164.0,2328.333333333333,5.666666666666667,31.0,33.0,8.666666666666666,12.0,8.333333333333334,16.333333333333332,25.666666666666668,21.0,3.0,10.333333333333332,11.333333333333334,2126.761904761905,337.3968249668302,2194.190476190476,6121.465201719883,17.666666666666668,122.88888888890547,24.833333333333336,121.26068376044726,8.809523809523808,16.476190476047847,8.642857142857142,18.366910867073166,6.333333333333333,12.666666666613919,7.166666666666666,10.713675213582226,3.000000000000001,2.999999999999999,-19.0,-24.666666666666664,-8.857142857142856,80.80952380949846,-16.190476190476193,131.1233211232124,5,3,1,1,74,-0.9749279121818236,-0.2225209339563146,0.8660254037844386,0.5000000000000001,0.9507903724625832,0.3098349038318025
2025-03-16,1.0,9.0,8.0,2117.0,5.0,6.714285714285713,22.28539483923852,-23.999680553524232,2116.6666666666665,2137.0,2297.0,5.333333333333333,30.0,31.0,8.333333333333334,15.0,4.0,12.666666666666668,25.0,24.0,2.0,12.0,12.0,2119.9999999999995,69.92592549556288,2179.0714285714284,4953.42185617703,14.0,102.92592592594308,22.857142857142858,141.1746031743646,8.285714285714286,14.497354497211589,8.642857142857142,18.366910867073166,5.142857142857143,11.476190476137333,6.5,10.952991452898088,3.0,3.000000000000001,-15.0,-27.0,-5.714285714285714,75.57142857140195,-14.214285714285714,149.7197802196699,6,3,1,1,75,-0.7818314824680299,0.6234898018587334,0.8660254037844386,0.5000000000000001,0.9559793438440766,0.2934339689665273
2025-03-17,5.0,14.0,0.0,2111.0,8.0,6.857142857142857,-24.992007839004494,26.13486498186164,2117.0,2125.0,2287.0,5.0,23.0,25.0,8.0,8.0,18.0,9.0,28.0,29.0,1.0,6.0,8.0,2117.1428571428573,13.73544930493229,2166.214285714286,4001.993284748869,10.428571428571429,58.87830687832457,21.0,156.88888888864832,7.285714285714286,5.8306878305443846,8.928571428571429,16.65262515278723,3.5714285714285716,3.6190476189939527,5.714285714285714,10.288156288062478,-8.0,3.0,-15.0,-7.0,-3.142857142857143,66.14285714282948,-12.071428571428571,154.99450549439345,0,3,0,1,76,0.0,1.0,0.8660254037844386,0.5000000000000001,0.9608854255574977,0.27694620226893646
2025-03-18,19.0,34.0,6.0,2109.0,8.0,6.809523809523809,-44.6268973503646,45.81737354084079,2111.0,2116.0,2272.0,8.0,20.0,30.0,0.0,7.0,10.0,14.0,11.0,25.0,5.0,3.0,4.0,2115.1428571428573,5.068782638158607,2153.6428571428573,2944.0592188151977,8.285714285714286,28.164021164039188,19.785714285714285,167.07020756996573,6.142857142857143,13.068783068639007,7.642857142857143,14.674603174766254,3.4285714285714284,2.9523809523272386,5.5,9.876068375974445,-2.0,-8.0,-13.0,-20.0,-2.142857142857143,45.47619047616241,-12.142857142857142,154.2857142856023,1,3,0,1,77,0.7818314824680298,0.6234898018587336,0.8660254037844386,0.5000000000000001,0.9655071658143364,0.2603764827344581
2025-03-19,6.0,22.0,14.0,2119.0,9.0,6.571428571428571,-17.219894549244145,19.648465977815576,2109.0,2113.0,2238.0,8.0,8.0,40.0,6.0,2.0,4.0,34.0,18.0,20.0,19.0,6.0,5.0,2114.1428571428573,10.068782638104947,2142.0,1873.8119660683135,6.571428571428571,1.8783068783251682,18.214285714285715,167.0702075699641,6.0,12.925925925781788,7.357142857142857,14.36691086707417,5.714285714285714,37.238095238042284,6.571428571428571,22.48595848586516,5.0,-2.0,-6.0,-36.0,-0.5714285714285714,22.952380952352243,-10.857142857142858,155.67032967021666,2,3,0,1,78,0.9749279121818236,-0.22252093395631434,0.8660254037844386,0.5000000000000001,0.969843196967294,0.24372971360968387
2025-03-20,9.0,20.0,11.0,2124.0,7.0,6.142857142857142,20.791543792326248,-19.93440093518339,2119.0,2116.0,2218.0,9.0,6.0,33.0,14.0,9.0,6.0,22.0,20.0,27.0,6.0,4.0,7.0,2115.0,12.925925495293468,2133.5,1127.7735045301176,6.714285714285714,2.4973544973727653,16.0,131.81196581171997,7.714285714285714,17.497354497211287,8.071428571428571,16.34493284509559,5.714285714285714,37.238095238042284,6.642857142857143,22.315628815535533,4.0,5.0,3.0,-27.0,1.0,20.333333333303983,-7.928571428571429,117.14835164823627,3,3,0,1,79,0.43388373911755823,-0.900968867902419,0.8660254037844386,0.5000000000000001,0.9738922359149924,0.22701082094141847
2025-03-21,11.0,23.0,10.333333333333334,2128.0,5.333333333333334,6.0,21.74184085920495,-22.408507525871613,2124.0,2116.333333333333,2191.0,7.0,5.666666666666667,32.0,11.0,8.666666666666666,9.0,20.0,16.333333333333332,26.33333333333333,9.0,3.0,8.666666666666666,2116.1428571428573,24.735449304878482,2126.785714285714,536.9163616731838,6.857142857142857,2.402116402134648,14.142857142857142,112.09768009743229,8.0,18.925925925782867,8.428571428571429,16.537240537403004,6.428571428571429,37.95238095232824,6.785714285714286,22.71123321114001,5.0,4.0,2.999999999999999,-23.0,1.1428571428571428,21.142857142827733,-5.714285714285714,94.83516483504769,4,3,0,1,80,-0.433883739117558,-0.9009688679024191,0.8660254037844386,0.5000000000000001,0.9776530844816641,0.2102247521189836
2025-03-22,13.0,26.0,9.666666666666666,2132.0,3.666666666666667,5.7142857142857135,22.02002024784352,-24.06763929546257,2128.0,2116.6666666666665,2164.0,5.333333333333334,5.333333333333333,31.0,10.333333333333334,8.333333333333334,12.0,23.0,12.666666666666668,25.666666666666668,11.0,2.0,10.333333333333332,2117.809523809524,44.92063449015219,2122.285714285714,198.0317462887081,6.80952380952381,2.5502645502828036,12.238095238095239,89.63125763100781,8.238095238095239,19.693121692978767,8.523809523809524,16.781440781603177,7.571428571428571,37.95238095232862,6.952380952380952,23.77533577524267,5.999999999999999,5.0,3.000000000000001,-19.0,1.4285714285714286,22.95238095235143,-3.7142857142857144,76.37362637350762,5,3,1,1,81,-0.9749279121818236,-0.2225209339563146,0.8660254037844386,0.5000000000000001,0.981124629771712,0.19337647441020586
2025-03-23,15.0,29.0,9.0,2136.0,2.0,4.7142857142857135,22.28539483923852,-24.99968055352424,2132.0,2117.0,2137.0,3.666666666666667,5.0,30.0,9.666666666666666,8.0,15.0,26.0,9.0,25.0,13.0,1.0,12.0,2120.0,72.66666623629975,2120.0,65.81196606899935,6.571428571428571,3.7671957672140572,10.285714285714286,64.1001220998702,8.428571428571429,19.989417989275164,8.357142857142858,15.922466422628947,9.142857142857142,34.809523809472005,7.142857142857143,25.670329670236672,7.0,5.999999999999999,3.0,-15.0,1.8571428571428572,25.80952380949411,-1.9285714285714286,62.22527472515456,6,3,1,1,82,-0.7818314824680299,0.6234898018587334,0.8660254037844386,0.5000000000000001,0.984305844499033,0.17647097349152166
2025-03-24,7.0,13.0,11.0,2139.0,7.0,4.0,-24.992007839004494,27.992007839004494,2136.0,2111.0,2125.0,2.0,8.0,23.0,9.0,0.0,8.0,29.0,14.0,28.0,15.0,5.0,6.0,2122.714285714286,105.23809480787173,2119.9285714285716,63.2680100250454,6.142857142857143,6.624338624356983,8.285714285714286,35.17704517679115,8.571428571428571,19.989417989275243,7.928571428571429,12.36202686218972,11.142857142857142,24.809523809472665,7.357142857142857,28.554945054852176,4.0,7.0,-8.0,-15.0,2.4285714285714284,29.61904761901769,-0.3571428571428572,52.55494505482364,0,3,0,1,83,0.0,1.0,0.8660254037844386,0.5000000000000001,0.9871957872910085,0.15951325197263655
2025-03-25,12.0,19.0,7.0,2145.0,6.0,3.5238095238095237,-44.6268973503646,47.10308782655508,2139.0,2109.0,2116.0,7.0,8.0,20.0,11.0,6.0,7.0,13.0,34.0,11.0,7.0,19.0,3.0,2126.714285714286,107.90476147475032,2120.9285714285716,88.19108694809069,6.0,6.148148148166528,7.142857142857143,17.242979242723997,10.142857142857142,5.846560846418954,8.142857142857142,13.03785103801373,11.428571428571429,21.285714285663236,7.428571428571429,28.41758241748958,1.0,4.0,-2.0,-13.0,4.142857142857143,8.476190476159847,1.0,35.53846153833904,1,3,0,1,84,0.7818314824680298,0.6234898018587336,0.8660254037844386,0.5000000000000001,0.9897936029670716,0.14250832791617088
2025-03-26,9.0,21.0,15.0,2159.0,2.0,3.285714285714285,-17.219894549244145,15.93418026352986,2145.0,2119.0,2113.0,6.0,9.0,8.0,7.0,14.0,2.0,19.0,22.0,18.0,12.0,6.0,6.0,2131.8571428571427,80.476190046452,2123.0,126.27350453044181,5.714285714285714,5.386243386261811,6.142857142857143,3.5506715504152386,10.285714285714286,4.608465608323795,8.142857142857142,13.03785103801373,10.428571428571429,10.619047618996238,8.071428571428571,28.071428571336096,13.0,1.0,5.0,-6.0,4.571428571428571,3.619047619016816,2.0,19.38461538449209,2,3,0,1,85,0.9749279121818236,-0.22252093395631434,0.8660254037844386,0.5000000000000001,0.992098522791769,0.12546123335273648
2025-03-27,1.0,19.0,13.0,2159.0,2.0,3.285714285714285,20.791543792326248,-22.077258078040533,2159.0,2124.0,2116.0,2.0,7.0,6.0,15.0,11.0,9.0,21.0,20.0,20.0,9.0,9.0,4.0,2137.5714285714284,137.61904718961506,2126.285714285714,206.6471309039624,4.714285714285714,4.719576719595303,5.714285714285714,4.407814407557638,10.428571428571429,5.9894179892762525,9.071428571428571,12.82356532372729,10.857142857142858,7.476190476139237,8.285714285714286,27.758241758149406,11.0,13.0,4.0,3.0,5.714285714285714,13.90476190473064,3.357142857142857,21.785714285589908,3,3,0,1,86,0.43388373911755823,-0.900968867902419,0.8660254037844386,0.5000000000000001,0.9941098647022418,0.10837701279187609
2025-03-28,3.6666666666666665,19.33333333333333,10.333333333333334,2168.6666666666665,2.0,2.999999999999999,21.74184085920495,-22.74184085920495,2159.0,2128.0,2116.333333333333,2.0,5.333333333333334,5.666666666666667,13.0,10.333333333333334,8.666666666666666,19.0,23.0,16.333333333333332,1.0,11.0,3.0,2142.5714285714284,154.2857138565485,2129.3571428571427,270.6746034313362,4.0,4.481481481500177,5.428571428571429,5.374847374590302,10.714285714285714,6.94179894165736,9.357142857142858,13.922466422628165,9.714285714285714,21.571428571376952,8.071428571428571,30.37912087902841,8.333333333333334,11.0,5.0,2.999999999999999,6.714285714285714,16.904761904730233,3.9285714285714284,25.917582417457588,4,3,0,1,87,-0.433883739117558,-0.9009688679024191,0.8660254037844386,0.5000000000000001,0.9958270335100595,0.09126072172931188
2025-03-29,6.333333333333333,19.666666666666668,7.666666666666667,2178.333333333333,2.0,3.8571428571428568,22.02002024784352,-23.877163104986376,2168.6666666666665,2132.0,2116.6666666666665,2.0,3.666666666666667,5.333333333333333,10.333333333333334,9.666666666666666,8.333333333333334,19.33333333333333,26.0,12.666666666666668,3.6666666666666665,13.0,2.0,2148.3809523809527,193.01587258701682,2133.095238095238,361.44322369983445,3.5238095238095233,4.587301587320358,5.166666666666666,6.200854700597349,10.714285714285714,6.94179894165736,9.476190476190476,13.943833943995596,8.666666666666666,26.11111111105914,8.119047619047619,29.890720390627948,5.666666666666667,8.333333333333334,5.999999999999999,3.000000000000001,7.190476190476191,16.587301587269724,4.309523809523809,27.187423687298555,5,3,1,1,88,-0.9749279121818236,-0.2225209339563146,0.8660254037844386,0.5000000000000001,0.9972495210773451,0.07411742515094437
2025-03-30,9.0,20.0,5.0,2188.0,2.0,4.0,22.28539483923852,-24.28539483923852,2178.333333333333,2136.0,2117.0,2.0,2.0,5.0,7.666666666666667,9.0,8.0,19.666666666666668,29.0,9.0,6.333333333333333,15.0,1.0,2155.0,246.70370327519709,2137.5,477.20940196586804,3.2857142857142856,4.904761904780712,4.928571428571429,6.909035408777805,10.428571428571429,8.211640211498475,9.428571428571429,14.09279609295778,7.714285714285714,22.830687830635544,8.428571428571429,27.152625152532885,3.0,5.666666666666667,7.0,3.0,7.142857142857143,16.73544973541789,4.5,27.158119657994373,6,3,1,1,89,-0.7818314824680299,0.6234898018587334,0.8660254037844386,0.5000000000000001,0.998376906467142,0.056952196034039754
2025-03-31,9.0,25.0,8.0,2193.0,5.0,4.857142857142857,-24.992007839004494,25.13486498186164,2188.0,2139.0,2111.0,2.0,7.0,8.0,5.0,11.0,0.0,20.0,13.0,14.0,9.0,7.0,5.0,2162.4285714285716,303.6560842279715,2142.5714285714284,613.3577536140563,3.2857142857142856,4.904761904780712,4.714285714285714,7.518925518667686,9.857142857142858,12.402116401974359,9.214285714285714,15.39499389515575,6.857142857142857,13.40211640206383,9.0,22.581196581104635,3.0,3.0,4.0,-8.0,6.571428571428571,19.2116402116086,4.5,27.158119657994373,0,3,0,1,90,0.0,1.0,0.8660254037844386,0.5000000000000001,0.9992088560679753,0.03977011384605572
2025-04-01,17.0,36.0,7.0,2191.0,12.0,5.857142857142857,-44.6268973503646,50.76975449322175,2193.0,2145.0,2109.0,5.0,6.0,8.0,8.0,7.0,6.0,25.0,19.0,34.0,9.0,12.0,19.0,2170.1428571428573,298.5132270855199,2148.4285714285716,695.3577536138698,3.0,3.000000000018853,4.5,6.645299145041084,9.428571428571429,12.54497354483127,9.785714285714286,8.625763125924534,7.142857142857143,14.06878306873059,9.285714285714286,21.26251526242348,-5.0,3.0,1.0,-2.0,6.428571428571429,20.211640211608657,5.285714285714286,14.64713064700474,1,4,0,2,91,0.7818314824680298,0.6234898018587336,1.0,6.123233995736766e-17,0.9997451236925734,0.022576263041545485
2025-04-02,5.0,31.0,16.0,2208.0,3.0,6.999999999999998,-17.219894549244145,13.219894549244149,2191.0,2159.0,2119.0,12.0,2.0,9.0,7.0,15.0,14.0,36.0,21.0,22.0,17.0,9.0,6.0,2176.714285714286,215.27513184777013,2154.285714285714,678.2368744928034,3.857142857142857,14.14285714287586,4.785714285714286,9.942002441744686,9.428571428571429,12.54497354483127,9.857142857142858,8.114774114935466,7.857142857142857,25.7354497353975,9.142857142857142,18.559218559126695,13.0,-5.0,13.0,5.0,5.571428571428571,36.211640211609,5.071428571428571,18.652625152499414,2,4,0,2,92,0.9749279121818236,-0.22252093395631434,1.0,6.123233995736766e-17,0.9999855506507186,0.005375731557583884
2025-04-03,12.0,26.0,18.0,2223.0,8.0,8.285714285714285,20.791543792326248,-21.077258078040533,2208.0,2159.0,2124.0,3.0,2.0,7.0,16.0,13.0,11.0,31.0,19.0,20.0,5.0,1.0,9.0,2183.714285714286,268.94179851480766,2160.6428571428573,760.8797316354578,4.0,13.66666666668536,4.357142857142857,8.62332112306291,9.571428571428571,14.544973544831345,10.0,9.675213675374916,7.285714285714286,26.49735449730207,9.071428571428571,19.11416361407171,10.0,13.0,11.0,4.0,5.571428571428571,36.211640211609,5.642857142857143,23.136141636015445,3,4,0,2,93,0.43388373911755823,-0.900968867902419,1.0,6.123233995736766e-17,0.9999300657962057,-0.011826390691832589
2025-04-04,10.333333333333334,22.0,14.333333333333334,2226.6666666666665,9.0,8.285714285714285,21.74184085920495,-21.027555144919237,2223.0,2168.6666666666665,2128.0,8.0,2.0,5.333333333333334,18.0,10.333333333333334,10.333333333333334,26.0,19.33333333333333,23.0,12.0,3.6666666666666665,11.0,2192.8571428571427,326.84656042005685,2167.714285714286,902.8522591077583,4.857142857142857,14.80952380954237,4.428571428571429,9.101343101084963,10.285714285714286,23.830687830546015,10.5,14.2521367522976,8.857142857142858,20.735449735397836,9.285714285714286,19.72405372396194,5.333333333333334,10.0,8.333333333333334,5.0,5.428571428571429,34.544973544942394,6.071428571428571,24.19108669096016,4,4,0,2,94,-0.433883739117558,-0.9009688679024191,1.0,6.123233995736766e-17,0.9995786855478958,-0.029025013321975237
2025-04-05,8.666666666666668,18.0,10.666666666666668,2230.333333333333,10.0,7.857142857142856,22.02002024784352,-19.877163104986373,2226.6666666666665,2178.333333333333,2132.0,9.0,2.0,3.666666666666667,14.333333333333334,7.666666666666667,9.666666666666666,22.0,19.666666666666668,26.0,10.333333333333334,6.333333333333333,13.0,2201.142857142857,339.7354493093852,2174.7619047619046,995.3748476301189,5.857142857142857,15.142857142875547,4.69047619047619,10.572039071781214,10.857142857142858,26.17989417975268,10.785714285714286,15.292429792590418,9.80952380952381,15.550264550212967,9.238095238095239,19.579975579883772,0.6666666666666679,5.333333333333334,5.666666666666667,5.999999999999999,5.0,32.92592592589495,6.095238095238095,24.144078143951596,5,4,1,2,95,-0.9749279121818236,-0.2225209339563146,1.0,6.123233995736766e-17,0.9989315138848577,-0.046215046983708354
2025-04-06,7.0,14.0,7.0,2234.0,11.0,8.142857142857142,22.28539483923852,-19.428251982095663,2230.333333333333,2188.0,2136.0,10.0,2.0,2.0,10.666666666666668,5.0,9.0,18.0,20.0,29.0,8.666666666666668,9.0,15.0,2208.5714285714284,330.65608423041596,2181.785714285714,1039.1385838936271,7.0,14.000000000018225,5.142857142857143,12.439560439303067,11.285714285714286,24.27513227499101,10.857142857142858,15.191697191857761,10.142857142857142,13.624338624287153,8.928571428571429,18.41330891321693,-4.0,0.6666666666666679,3.0,7.0,4.285714285714286,35.3862433862127,5.714285714285714,26.253968253842004,6,4,1,2,96,-0.7818314824680299,0.6234898018587334,1.0,6.123233995736766e-17,0.9979887423155984,-0.06339140486951038
2025-04-07,12.0,22.0,9.0,2237.0,5.0,7.857142857142857,-24.992007839004494,22.13486498186164,2234.0,2193.0,2139.0,11.0,5.0,7.0,7.0,8.0,11.0,14.0,25.0,13.0,7.0,9.0,7.0,2215.1428571428573,317.5132270879174,2188.785714285714,1034.8308915857103,8.285714285714286,10.571428571446598,5.785714285714286,13.873626373369687,11.571428571428571,20.656084655943545,10.714285714285714,16.04884004900073,9.857142857142858,14.95767195762039,8.357142857142858,15.512210012117707,4.0,-4.0,3.0,4.0,3.2857142857142856,45.386243386213096,4.928571428571429,32.72100122087559,0,4,0,2,97,0.0,1.0,1.0,6.123233995736766e-17,0.9967506498213929,-0.08054900421874167
2025-04-08,12.0,34.0,12.0,2243.0,9.0,7.857142857142857,-44.6268973503646,45.76975449322175,2237.0,2191.0,2145.0,5.0,12.0,6.0,9.0,7.0,7.0,22.0,36.0,19.0,12.0,17.0,12.0,2221.4285714285716,269.32275089778676,2195.785714285714,970.2155069701007,8.285714285714286,10.571428571446596,5.642857142857143,13.785714285457447,11.714285714285714,19.608465608324575,10.571428571428571,16.24664224680304,10.285714285714286,15.386243386191959,8.714285714285714,16.25396825387615,3.0,4.0,-5.0,1.0,3.4285714285714284,45.43386243383208,4.928571428571429,32.72100122087559,1,4,0,2,98,0.7818314824680298,0.6234898018587336,1.0,6.123233995736766e-17,0.9952176027737294,-0.09768276782171598
2025-04-09,6.0,19.0,10.0,2251.0,5.0,7.285714285714285,-17.219894549244145,14.93418026352986,2243.0,2208.0,2159.0,9.0,3.0,2.0,12.0,16.0,15.0,34.0,31.0,21.0,12.0,5.0,9.0,2228.8571428571427,128.17989375533577,2202.785714285714,890.5231992775663,7.857142857142857,8.142857142875235,5.857142857142857,14.59340659314998,12.428571428571429,15.322751322610678,10.928571428571429,15.2851037852643,9.571428571428571,7.767195767144102,8.714285714285714,16.25396825387615,5.0,3.0,13.0,13.0,4.571428571428571,32.10052910049829,5.071428571428571,31.797924297798552,2,4,0,2,99,0.9749279121818236,-0.22252093395631434,1.0,6.123233995736766e-17,0.9933900548258936,-0.11478762552212701
2025-04-10,18.0,25.0,17.0,2265.0,6.0,6.142857142857142,20.791543792326248,-20.93440093518339,2251.0,2223.0,2159.0,5.0,8.0,2.0,10.0,18.0,13.0,19.0,26.0,19.0,6.0,12.0,1.0,2235.0,93.37036994614562,2209.3571428571427,875.358364112521,8.142857142857142,5.476190476208523,6.071428571428571,13.456043955787575,11.571428571428571,13.322751322610214,10.571428571428571,13.938949939110731,9.714285714285714,6.386243386191769,8.5,16.76495726486504,11.0,5.0,10.0,11.0,3.4285714285714284,18.76719576716542,4.5,26.61111111098582,3,4,0,2,100,0.43388373911755823,-0.900968867902419,1.0,6.123233995736766e-17,0.9912685467787256,-0.13185851571739118
2025-04-11,8.0,22.0,8.0,2267.0,9.0,7.285714285714285,21.74184085920495,-20.027555144919237,2265.0,2226.6666666666665,2168.6666666666665,6.0,9.0,2.0,17.0,14.333333333333334,10.333333333333334,25.0,22.0,19.33333333333333,18.0,10.333333333333334,3.6666666666666665,2241.0,177.37036994647167,2216.928571428571,856.7210014749188,7.857142857142857,6.142857142875234,6.357142857142857,12.093406593150517,11.428571428571429,11.322751322610136,10.857142857142858,16.57631257647315,10.571428571428571,16.10052910047777,9.714285714285714,17.79242979233825,-1.0,11.0,5.333333333333334,8.333333333333334,3.5714285714285716,21.100529100498694,4.5,26.61111111098582,4,4,0,2,101,-0.433883739117558,-0.9009688679024191,1.0,6.123233995736766e-17,0.9888537064205885,-0.1488903868564548
2025-04-12,6.5,24.0,9.0,2275.0,6.0,6.999999999999999,22.02002024784352,-23.02002024784352,2267.0,2230.333333333333,2178.333333333333,9.0,10.0,2.0,8.0,10.666666666666668,7.666666666666667,22.0,18.0,19.666666666666668,8.0,8.666666666666668,6.333333333333333,2246.761904761905,217.0634916399049,2223.9523809523807,817.2796095333058,7.857142857142857,6.142857142875234,6.857142857142857,10.901098900843358,10.523809523809524,10.920634920493242,10.69047619047619,17.153235653396354,10.238095238095237,17.063492063440624,10.023809523809524,15.101953601862233,3.0,-1.0,0.6666666666666679,5.666666666666667,2.6666666666666665,23.11111111108107,3.833333333333333,27.329059828935065,5,4,1,2,102,-0.9749279121818236,-0.2225209339563146,1.0,6.123233995736766e-17,0.986146248341595,-0.16587819893463143
2025-04-13,5.0,26.0,10.0,2283.0,3.0,7.428571428571429,22.28539483923852,-26.71396626780995,2275.0,2234.0,2188.0,6.0,11.0,2.0,9.0,7.0,5.0,24.0,14.0,20.0,6.5,7.0,9.0,2253.1428571428573,257.4761900529499,2230.8571428571427,806.3028085562885,7.285714285714286,5.571428571446751,7.142857142857143,9.054945054689817,10.285714285714286,11.23809523795343,10.785714285714286,16.65995116011179,9.928571428571429,18.869047618996078,10.035714285714286,15.009310134218772,7.0,3.0,-4.0,3.0,3.0,22.33333333330316,3.642857142857143,27.084859584734975,6,4,1,2,103,-0.7818314824680299,0.6234898018587334,1.0,6.123233995736766e-17,0.9831469737221499,-0.1828169249850199
2025-04-14,5.0,26.0,9.0,2282.0,13.0,8.571428571428571,-24.992007839004494,29.420579267575924,2283.0,2237.0,2193.0,3.0,5.0,5.0,10.0,9.0,8.0,26.0,22.0,25.0,5.0,12.0,9.0,2260.1428571428573,287.80952338666793,2237.6428571428573,824.5720393253093,6.142857142857143,4.809523809542166,7.214285714285714,8.335164834909673,10.714285714285714,9.238095237953663,11.142857142857142,13.995115995276345,9.642857142857142,21.392857142805507,9.75,16.789529914438393,-4.0,7.0,4.0,3.0,4.571428571428571,13.952380952350147,3.9285714285714284,27.832112331987496,0,4,0,2,104,0.0,1.0,1.0,6.123233995736766e-17,0.9798567700958665,-0.1997015525660636
2025-04-15,4.0,19.0,12.0,2286.0,7.0,8.809523809523808,-44.6268973503646,42.81737354084079,2282.0,2243.0,2191.0,13.0,9.0,12.0,9.0,12.0,7.0,26.0,34.0,36.0,5.0,12.0,17.0,2266.5714285714284,229.95238052987597,2244.0,779.0940173470933,7.285714285714286,10.904761904780086,7.785714285714286,10.181318681064129,10.714285714285714,9.238095237953663,11.214285714285714,13.583028083188376,8.642857142857142,22.89285714280517,9.464285714285714,18.393925518833836,5.0,-4.0,3.0,-5.0,3.4285714285714284,24.619047619017277,3.4285714285714284,32.33211233198789,1,4,0,2,105,0.7818314824680298,0.6234898018587336,1.0,6.123233995736766e-17,0.9762766110869321,-0.21652708524481437
2025-04-16,11.0,30.0,5.0,2291.0,8.0,9.0,-17.219894549244145,16.219894549244145,2286.0,2251.0,2208.0,7.0,5.0,3.0,12.0,10.0,16.0,19.0,19.0,31.0,4.0,6.0,5.0,2272.714285714286,156.23809481592568,2250.785714285714,649.1214898743596,7.0,10.333333333351558,7.428571428571429,8.72527472501979,10.714285714285714,9.238095237953663,11.571428571428571,12.126984127144143,7.5,23.083333333280976,8.535714285714286,15.39392551883331,-3.0,5.0,5.0,13.0,3.7142857142857144,24.904761904731444,4.142857142857143,26.5079365078115,2,4,0,2,106,0.9749279121818236,-0.22252093395631434,1.0,6.123233995736766e-17,0.9724075561219968,-0.23328854407545518
2025-04-17,7.0,26.0,10.0,2288.0,14.0,9.142857142857142,20.791543792326248,-15.93440093518339,2291.0,2265.0,2223.0,8.0,6.0,8.0,5.0,17.0,18.0,30.0,25.0,26.0,11.0,18.0,12.0,2278.4285714285716,95.28571386385941,2256.714285714286,594.8522591049484,7.428571428571429,9.619047619065777,7.785714285714286,7.10439560414105,10.0,13.999999999858035,10.785714285714286,13.2753357754964,8.214285714285714,24.154761904709787,8.964285714285714,14.701617826525858,-4.0,-3.0,11.0,10.0,2.5714285714285716,30.619047619017618,3.0,22.99145299132889,3,4,0,2,107,0.43388373911755823,-0.900968867902419,1.0,6.123233995736766e-17,0.9682507501166718,-0.2499809690726521
2025-04-18,6.0,22.33333333333333,8.666666666666666,2293.6666666666665,10.666666666666668,8.142857142857142,21.74184085920495,-19.218031335395423,2288.0,2267.0,2226.6666666666665,14.0,9.0,9.0,10.0,8.0,14.333333333333334,26.0,22.0,22.0,7.0,8.0,10.333333333333334,2281.714285714286,67.90476148308741,2261.3571428571427,559.4951162476654,8.571428571428571,14.952380952398935,8.214285714285714,9.873626373372275,9.0,4.666666666524155,10.214285714285714,8.967643467804537,6.642857142857143,5.559523809471162,8.607142857142858,14.152167277075106,-2.0000000000000018,-4.0,-1.0,5.333333333333334,0.42857142857142855,20.619047619018477,2.0,21.914529914406607,4,4,0,2,108,-0.433883739117558,-0.9009688679024191,1.0,6.123233995736766e-17,0.9638074231367307,-0.26659942067929354
2025-04-19,5.0,18.666666666666668,7.333333333333334,2299.333333333333,7.333333333333334,9.571428571428571,22.02002024784352,-24.25811548593876,2293.6666666666665,2275.0,2230.333333333333,10.666666666666668,6.0,10.0,8.666666666666666,9.0,10.666666666666668,22.33333333333333,24.0,18.0,6.0,6.5,8.666666666666668,2285.5238095238096,38.69841227694702,2266.1428571428573,522.5592188116226,8.80952380952381,15.587301587319535,8.333333333333334,10.273504273250303,9.095238095238095,4.507936507794049,9.809523809523808,7.670329670491055,6.357142857142857,5.226190476137731,8.297619047619047,14.342643467551122,0.0,-2.0000000000000018,3.0,0.6666666666666679,0.2857142857142855,21.238095238066155,1.476190476190476,21.9951159949931,5,4,1,2,109,-0.9749279121818236,-0.2225209339563146,1.0,6.123233995736766e-17,0.9590788900341131,-0.28313898122818354
2025-04-20,4.0,15.0,6.0,2305.0,4.0,9.999999999999998,22.28539483923852,-28.28539483923852,2299.333333333333,2283.0,2234.0,7.333333333333334,3.0,11.0,7.333333333333334,10.0,7.0,18.666666666666668,26.0,14.0,5.0,5.0,7.0,2289.0,37.92592550465105,2271.0714285714284,482.4987792510316,9.0,14.592592592610508,8.142857142857142,10.097680097425924,8.857142857142858,4.957671957529368,9.571428571428571,8.024420024581595,6.142857142857143,5.476190476137659,8.035714285714286,15.094780219687728,2.0,0.0,7.0,-4.0,-0.1428571428571431,19.809523809494898,1.4285714285714286,22.109890109767257,6,4,1,2,110,-0.7818314824680299,0.6234898018587334,1.0,6.123233995736766e-17,0.9540665500578387,-0.2995947563972602
2025-04-21,10.0,25.0,5.0,2308.0,6.0,9.857142857142858,-24.992007839004494,21.13486498186164,2305.0,2282.0,2237.0,4.0,13.0,5.0,6.0,9.0,9.0,15.0,26.0,22.0,4.0,5.0,12.0,2292.1428571428573,63.068782647682724,2276.1428571428573,437.63614188824,9.142857142857142,12.73544973546763,7.642857142857143,10.520757020502314,8.285714285714286,5.719576719433818,9.5,8.491452991614617,6.0,5.999999999947135,7.821428571428571,16.215659340566727,-1.0,2.0,-4.0,4.0,-0.8571428571428574,11.476190476161852,1.8571428571428572,19.670329670206478,0,4,0,2,111,0.0,1.0,1.0,6.123233995736766e-17,0.9487718864399473,-0.31596187665790293
2025-04-22,7.0,19.0,14.0,2305.0,17.0,9.761904761904765,-44.6268973503646,51.86499258845984,2308.0,2286.0,2243.0,6.0,7.0,9.0,5.0,12.0,12.0,25.0,19.0,34.0,10.0,4.0,12.0,2295.8571428571427,71.73544931455699,2281.214285714286,370.1471308990726,8.142857142857142,10.735449735467784,7.714285714285714,10.185592185337555,7.714285714285714,7.0529100527668405,9.214285714285714,9.942002442164291,6.714285714285714,7.904761904709282,7.678571428571429,15.215659340566647,-3.0,-1.0,5.0,3.0,-0.4285714285714288,9.619047619018824,1.5,19.807692307569393,1,4,0,2,112,0.7818314824680298,0.6234898018587336,1.0,6.123233995736766e-17,0.9431964659565866,-0.33223549871590435
2025-04-23,3.0,23.0,4.0,2300.0,11.0,9.714285714285714,-17.219894549244145,18.50560883495843,2305.0,2291.0,2251.0,17.0,8.0,5.0,14.0,5.0,10.0,19.0,30.0,19.0,7.0,11.0,6.0,2298.5714285714284,60.87830645756483,2285.6428571428573,280.213064964873,9.571428571428571,21.21164021165804,8.285714285714286,16.33943833918432,8.0,10.481481481338426,9.357142857142858,11.084859585021322,7.142857142857143,6.476190476137998,7.321428571428571,13.677197802104908,-7.0,-3.0,-3.0,5.0,-1.5714285714285716,4.285714285685949,1.0714285714285714,20.99450549438292,2,4,0,2,113,0.9749279121818236,-0.22252093395631434,1.0,6.123233995736766e-17,0.9373419384643772,-0.3484108069446808
2025-04-24,3.0,9.0,7.0,2294.0,13.0,9.714285714285714,20.791543792326248,-17.50582950661196,2300.0,2288.0,2265.0,11.0,14.0,6.0,4.0,10.0,17.0,23.0,26.0,25.0,3.0,7.0,18.0,2299.8571428571427,49.735449314778826,2289.1428571428573,190.55921881092198,10.0,20.92592592594369,8.714285714285714,15.877899877646318,7.857142857142857,11.62433862419549,8.928571428571429,13.062881563043636,6.0,5.333333333280468,7.107142857142857,14.929945054852038,-6.0,-7.0,-4.0,11.0,-2.1428571428571432,8.47619047616237,0.21428571428571416,24.027472527350632,3,4,0,2,114,0.43388373911755823,-0.900968867902419,1.0,6.123233995736766e-17,0.9312100364121947,-0.3644830148102912
2025-04-25,5.0,19.333333333333336,8.666666666666666,2296.333333333333,10.0,9.999999999999998,21.74184085920495,-21.74184085920495,2294.0,2293.6666666666665,2267.0,13.0,10.666666666666668,9.0,7.0,8.666666666666666,8.0,9.0,22.33333333333333,22.0,3.0,6.0,8.0,2300.714285714286,31.16402074339808,2291.214285714286,142.9163616680028,9.857142857142858,19.735449735467522,9.214285714285714,16.45482295456993,7.428571428571429,10.7671957670524,8.214285714285714,7.788156288318918,5.428571428571429,6.285714285661226,6.035714285714286,5.864010988917366,-1.333333333333334,-6.0,-2.0000000000000018,-1.0,-2.4285714285714284,10.285714285686295,-1.0000000000000002,16.461538461417526,4,4,0,2,115,-0.433883739117558,-0.9009688679024191,1.0,6.123233995736766e-17,0.9248025743285089,-0.38044736628785164
2025-04-26,7.0,29.666666666666668,10.333333333333332,2298.6666666666665,7.0,9.714285714285714,22.02002024784352,-24.734305962129238,2296.333333333333,2299.333333333333,2275.0,10.0,7.333333333333334,6.0,8.666666666666666,7.333333333333334,9.0,19.333333333333336,18.666666666666668,24.0,5.0,5.0,6.5,2301.095238095238,25.915343494741833,2293.309523809524,95.10195385353092,9.761904761904761,19.61904761906542,9.285714285714286,16.493284493031545,7.428571428571429,10.7671957670524,8.261904761904763,7.797924298086891,5.285714285714286,6.238095238042129,5.821428571428571,5.600274725180981,3.333333333333332,-1.333333333333334,0.0,3.0,-2.3333333333333335,10.444444444416416,-1.023809523809524,16.46947496935405,5,4,1,2,116,-0.9749279121818236,-0.2225209339563146,1.0,6.123233995736766e-17,0.9181214482844364,-0.39629913726891813
2025-04-27,9.0,40.0,12.0,2301.0,4.0,9.857142857142856,22.28539483923852,-28.14253769638137,2298.6666666666665,2305.0,2283.0,7.0,4.0,3.0,10.333333333333332,6.0,10.0,29.666666666666668,15.0,26.0,7.0,4.0,5.0,2300.9999999999995,26.37036994976299,2295.0,68.44444469597055,9.714285714285714,19.904761904779715,9.357142857142858,16.059218558965686,7.857142857142857,11.957671957528824,8.357142857142858,8.076312576475095,5.571428571428571,6.619047618994608,5.857142857142857,5.670329670235946,8.0,3.333333333333332,2.0,7.0,-1.8571428571428574,14.624338624310402,-1.0000000000000002,16.683760683639747,6,4,1,2,117,-0.7818314824680299,0.6234898018587334,1.0,6.123233995736766e-17,0.9111686353326631,-0.41203363695942635
2025-04-28,6.0,26.0,12.0,2307.0,8.0,10.285714285714285,-24.992007839004494,22.70629355329021,2301.0,2308.0,2282.0,4.0,6.0,13.0,12.0,5.0,9.0,40.0,25.0,26.0,9.0,10.0,5.0,2300.4285714285716,23.322750902112393,2296.285714285714,58.3565326080194,9.714285714285714,19.904761904779715,9.428571428571429,15.152625152372357,8.714285714285714,13.386243386100722,8.5,8.867521367683775,6.285714285714286,7.571428571375804,6.142857142857143,6.285714285620723,4.0,8.0,-1.0,-4.0,-1.0000000000000002,27.481481481452914,-0.9285714285714288,17.985958485837493,0,4,0,2,118,0.0,1.0,1.0,6.123233995736766e-17,0.9039461929224011,-0.42764620926777464
2025-04-29,11.0,25.0,11.0,2304.0,15.0,10.61904761904762,-44.6268973503646,49.00784973131698,2307.0,2305.0,2286.0,8.0,17.0,7.0,12.0,14.0,12.0,26.0,19.0,19.0,6.0,7.0,4.0,2300.285714285714,20.94179852115243,2298.0714285714284,48.05433480576697,10.0,18.000000000017764,9.071428571428571,14.191086690833515,9.714285714285714,11.719576719434599,8.714285714285714,9.74114774130998,5.714285714285714,4.904761904708942,6.214285714285714,6.181318681225159,-4.0,4.0,-3.0,5.0,-0.285714285714286,31.0529100528812,-0.3571428571428574,18.77716727704583,1,4,0,2,119,0.7818314824680298,0.6234898018587336,1.0,6.123233995736766e-17,0.8964562582905575,-0.44313223418263453
2025-04-30,7.0,34.0,9.0,2309.0,12.0,10.857142857142858,-17.219894549244145,18.362751692101288,2304.0,2300.0,2291.0,15.0,11.0,8.0,11.0,4.0,5.0,25.0,23.0,30.0,11.0,3.0,11.0,2300.1428571428573,19.51322709257323,2299.3571428571427,37.76862052001285,9.714285714285714,13.904761904779711,9.642857142857142,16.213064712812148,9.285714285714286,8.719576719434366,8.642857142857142,9.307081807244103,6.285714285714286,8.904761904709135,6.714285714285714,7.2967032966100565,-3.0,-4.0,-7.0,-3.0,-0.4285714285714288,32.1005291005003,-1.0000000000000002,17.145299145178207,2,4,0,2,120,0.9749279121818236,-0.22252093395631434,1.0,6.123233995736766e-17,0.8887010478292915,-0.45848712914008766
2025-05-01,13.0,32.0,14.0,2306.0,16.0,10.999999999999998,20.791543792326248,-15.791543792326246,2309.0,2294.0,2288.0,12.0,13.0,14.0,9.0,7.0,10.0,34.0,9.0,26.0,7.0,3.0,7.0,2301.4285714285716,30.656084235502192,2300.6428571428573,37.76862051997314,9.857142857142858,14.47619047620826,9.928571428571429,16.34493284468058,10.0,3.4814814813395167,8.928571428571429,8.20818070834278,6.857142857142857,6.8095238094712345,6.428571428571429,5.802197802104402,-2.0,-3.0,-6.0,-4.0,0.1428571428571426,25.624338624309598,-1.0000000000000002,17.145299145178207,3,5,0,2,121,0.43388373911755823,-0.900968867902419,0.8660254037844387,-0.4999999999999998,0.8806828564301475,-0.47370635037968
2025-05-02,11.666666666666666,31.666666666666668,12.666666666666666,2315.6666666666665,12.333333333333334,12.285714285714285,21.74184085920495,-21.694221811585894,2306.0,2296.333333333333,2293.6666666666665,16.0,10.0,10.666666666666668,14.0,8.666666666666666,8.666666666666666,32.0,19.333333333333336,22.33333333333333,13.0,5.0,6.0,2303.1428571428573,21.513227092740767,2301.9285714285716,25.900488651801293,10.285714285714286,18.904761904779622,10.071428571428571,17.88339438314227,11.0,3.4814814813400603,9.214285714285714,10.01037851054036,8.285714285714286,8.238095238043151,6.857142857142857,8.901098901005742,0.33333333333333215,-2.0,-1.333333333333334,-2.0000000000000018,0.7142857142857141,19.71957671954746,-0.8571428571428574,16.507936507815458,4,5,0,2,122,-0.433883739117558,-0.9009688679024191,0.8660254037844387,-0.4999999999999998,0.8724040568049612,-0.48878539428899265
2025-05-03,10.333333333333334,31.33333333333333,11.333333333333334,2325.333333333333,8.666666666666668,12.428571428571429,22.02002024784352,-25.78192500974828,2315.6666666666665,2298.6666666666665,2299.333333333333,12.333333333333334,7.0,7.333333333333334,12.666666666666666,10.333333333333332,7.333333333333334,31.666666666666668,29.666666666666668,18.666666666666668,11.666666666666666,7.0,5.0,2305.904761904762,31.026454606119973,2303.5,32.50854725980972,10.619047619047619,19.46031746033513,10.190476190476192,18.23443223418025,11.571428571428571,2.6560846559435447,9.5,10.816239316400942,9.238095238095239,7.285714285662525,7.261904761904762,10.447496947404016,2.666666666666666,0.33333333333333215,3.333333333333332,0.0,0.952380952380952,18.978835978806625,-0.6904761904761907,16.486568986447804,5,5,1,2,123,-0.9749279121818236,-0.2225209339563146,0.8660254037844387,-0.4999999999999998,0.8638670987837349,-0.503719798736334
2025-05-04,9.0,31.0,10.0,2335.0,5.0,12.142857142857144,22.28539483923852,-29.428251982095667,2325.333333333333,2301.0,2305.0,8.666666666666668,4.0,4.0,11.333333333333334,12.0,6.0,31.33333333333333,40.0,15.0,10.333333333333334,9.0,4.0,2309.714285714286,68.27513185500489,2305.3571428571427,64.12759487879728,10.857142857142858,17.846560846578477,10.285714285714286,17.775335775083892,11.714285714285714,2.3862433861023518,9.785714285714286,10.625763125924529,9.714285714285714,6.386243386191789,7.642857142857143,10.623321123228408,5.0,2.666666666666666,8.0,2.0,0.8571428571428569,18.5132275131982,-0.5000000000000002,17.277777777656443,6,5,1,2,124,-0.7818314824680299,0.6234898018587334,0.8660254037844387,-0.4999999999999998,0.8550745085896932,-0.518505144391157
2025-05-05,15.0,44.0,20.0,2331.0,17.0,11.428571428571429,-24.992007839004494,30.563436410433063,2335.0,2307.0,2308.0,5.0,8.0,6.0,10.0,12.0,5.0,31.0,26.0,25.0,9.0,6.0,10.0,2314.5714285714284,134.65608423622314,2307.5,126.76495751609254,11.0,15.703703703721311,10.357142857142858,16.879731379479573,11.428571428571429,2.7671957670545786,10.071428571428571,9.438949939111117,9.714285714285714,6.386243386191789,8.0,9.606837606745092,3.0,5.0,4.0,-1.0,0.4285714285714283,12.656084656055512,-0.285714285714286,19.07448107435957,0,5,0,2,125,0.0,1.0,0.8660254037844387,-0.4999999999999998,0.8460288880917339,-0.533137056031809
2025-05-06,10.0,33.0,16.0,2339.0,16.0,10.857142857142856,-44.6268973503646,49.76975449322175,2331.0,2304.0,2305.0,17.0,15.0,17.0,20.0,11.0,14.0,44.0,25.0,19.0,15.0,11.0,7.0,2318.0,156.37036995069482,2309.1428571428573,166.31990257098673,12.285714285714286,18.27513227514969,11.142857142857142,18.148962148711178,12.571428571428571,13.433862433721865,11.142857142857142,13.807081807242145,11.0,6.8148148147636585,8.357142857142858,12.931013430921116,0.0,3.0,-4.0,-3.0,0.2857142857142855,11.608465608436523,-2.5376526277146434e-16,19.77777777765605,1,5,0,2,126,0.7818314824680298,0.6234898018587336,0.8660254037844387,-0.4999999999999998,0.8367329140344921,-0.5476112038402312
2025-05-07,10.0,30.0,15.0,2335.0,10.0,10.428571428571429,-17.219894549244145,16.79132312067272,2339.0,2309.0,2300.0,16.0,12.0,11.0,16.0,9.0,4.0,33.0,34.0,23.0,10.0,7.0,3.0,2323.0,168.03703661763245,2311.5714285714284,227.22100147201016,12.428571428571429,19.322751322768713,11.071428571428571,17.31929181904077,13.285714285714286,14.386243386103205,11.285714285714286,14.971916972077198,10.857142857142858,6.957671957620753,8.571428571428571,12.947496947404753,5.0,0.0,-3.0,-7.0,0.8571428571428569,8.179894179864865,0.21428571428571402,19.036019535897637,2,5,0,2,127,0.9749279121818236,-0.22252093395631434,0.8660254037844387,-0.4999999999999998,0.8271893372462497,-0.5619233046832195
2025-05-08,15.0,24.0,16.0,2361.0,11.0,10.142857142857142,20.791543792326248,-19.93440093518339,2335.0,2306.0,2294.0,10.0,16.0,13.0,15.0,14.0,7.0,30.0,32.0,9.0,10.0,13.0,3.0,2326.714285714286,143.27513185592886,2314.0714285714284,252.41330916424008,12.142857142857142,20.179894179911614,11.0,17.40170940145828,14.142857142857142,10.95767195753224,12.071428571428571,11.285103785263393,11.285714285714286,4.386243386192327,9.071428571428571,10.447496947405035,5.0,5.0,-2.0,-6.0,1.9999999999999998,7.037037037007263,1.0714285714285712,16.003052502929926,3,5,0,2,128,0.43388373911755823,-0.900968867902419,0.8660254037844387,-0.4999999999999998,0.8174009818249189,-0.5760691233798758
2025-05-09,15.0,22.666666666666668,14.666666666666666,2369.0,8.333333333333334,8.714285714285715,21.74184085920495,-22.12279324015733,2361.0,2315.6666666666665,2296.333333333333,11.0,12.333333333333334,10.0,16.0,12.666666666666666,8.666666666666666,24.0,31.666666666666668,19.333333333333336,15.0,11.666666666666666,5.0,2334.5714285714284,195.65608423730623,2318.8571428571427,366.1660564168386,11.428571428571429,17.322751322768863,10.857142857142858,17.0720390717878,14.428571428571429,11.43386243372287,12.714285714285714,10.04884004899915,11.571428571428571,6.100529100478139,9.928571428571429,9.524420024328593,6.333333333333332,5.0,0.33333333333333215,-1.333333333333334,3.0,4.703703703673528,1.857142857142857,12.67887667875348,4,5,0,2,129,-0.433883739117558,-0.9009688679024191,0.8660254037844387,-0.4999999999999998,0.8073707443023492,-0.5900444739548627
2025-05-10,15.0,21.33333333333333,13.333333333333334,2377.0,5.666666666666667,8.0,22.02002024784352,-24.35335358117685,2369.0,2325.333333333333,2298.6666666666665,8.333333333333334,8.666666666666668,7.0,14.666666666666666,11.333333333333334,10.333333333333332,22.666666666666668,31.33333333333333,29.666666666666668,15.0,10.333333333333334,7.0,2342.190476190476,265.92063450227056,2324.047619047619,491.5360197866402,10.857142857142858,18.402116402134027,10.738095238095239,17.49023198998059,14.714285714285717,10.83068783054842,13.142857142857142,8.884004884163646,12.047619047619047,7.793650793599994,10.642857142857142,9.084859584768557,7.666666666666667,6.333333333333332,2.666666666666666,3.333333333333332,3.857142857142857,4.513227513196992,2.404761904761904,13.11416361403998,5,5,1,2,130,-0.9749279121818236,-0.2225209339563146,0.8660254037844387,-0.4999999999999998,0.7971015927871943,-0.6038452208771035
2025-05-11,15.0,20.0,12.0,2385.0,3.0,8.142857142857142,22.28539483923852,-27.428251982095663,2377.0,2335.0,2301.0,5.666666666666667,5.0,4.0,13.333333333333334,10.0,12.0,21.33333333333333,31.0,40.0,15.0,9.0,9.0,2349.5714285714284,356.9523805344167,2329.6428571428573,623.9566547071018,10.428571428571429,21.87830687832457,10.642857142857142,18.38400488375338,15.0,9.148148148008893,13.357142857142858,8.230158730317322,12.714285714285714,8.238095238044666,11.214285714285714,9.172771672680968,9.0,7.666666666666667,5.0,8.0,4.571428571428571,6.100529100498293,2.7142857142857144,15.074481074357196,6,5,1,2,131,-0.7818314824680299,0.6234898018587334,0.8660254037844387,-0.4999999999999998,0.7865965660866021,-0.6174672802835514
2025-05-12,7.0,33.0,14.0,2392.0,7.0,8.571428571428571,-24.992007839004494,23.420579267575924,2385.0,2331.0,2307.0,3.0,17.0,8.0,12.0,20.0,12.0,20.0,44.0,26.0,15.0,15.0,6.0,2356.714285714286,471.23809482052167,2335.6428571428573,757.8028085530708,10.142857142857142,26.0687830688008,10.571428571428571,19.477411477159897,15.285714285714286,6.386243386104287,13.357142857142858,8.230158730317322,13.571428571428571,5.9523809523306745,11.642857142857142,9.700244200153737,7.0,9.0,3.0,4.0,5.142857142857143,8.95767195764092,2.7857142857142856,15.959096458972523,0,5,0,2,132,0.0,1.0,0.8660254037844387,-0.4999999999999998,0.7758587728069828,-0.6309066211876704
2025-05-13,18.0,29.0,12.0,2394.0,11.0,9.142857142857142,-44.6268973503646,46.48404020750746,2392.0,2339.0,2304.0,7.0,16.0,15.0,14.0,16.0,11.0,33.0,33.0,25.0,7.0,10.0,11.0,2365.4285714285716,479.9523805352846,2341.714285714286,899.3137975638733,8.714285714285714,17.49735449737245,10.5,19.94444444419279,14.428571428571429,2.1005291003895374,13.5,8.09829059844908,12.428571428571429,11.285714285663616,11.714285714285714,8.90354090345048,1.0,7.0,0.0,-4.0,5.714285714285714,8.38624338621212,3.0,17.16239316226906,1,5,0,2,133,0.7818314824680298,0.6234898018587336,0.8660254037844387,-0.4999999999999998,0.7648913904341225,-0.6441592666722685
2025-05-14,7.0,30.0,14.0,2394.0,11.0,9.857142857142856,-17.219894549244145,18.36275169210129,2394.0,2335.0,2309.0,11.0,10.0,12.0,12.0,15.0,9.0,29.0,30.0,34.0,18.0,10.0,7.0,2373.285714285714,427.57142815476533,2348.1428571428573,955.6874239373038,8.0,8.925925925943984,10.214285714285714,18.31807081781886,13.857142857142858,2.2910052908654204,13.571428571428571,7.7851037852622085,13.571428571428571,13.952380952330676,12.214285714285714,11.63431013421999,3.0,1.0,5.0,-3.0,5.857142857142857,6.624338624307302,3.357142857142857,13.563492063367676,2,5,0,2,134,0.9749279121818236,-0.22252093395631434,0.8660254037844387,-0.4999999999999998,0.753697664392914,-0.6572212950663319
2025-05-15,15.0,31.0,14.0,2410.0,14.0,10.714285714285715,20.791543792326248,-17.505829506611963,2394.0,2361.0,2306.0,11.0,11.0,16.0,14.0,16.0,14.0,30.0,24.0,32.0,7.0,15.0,13.0,2381.714285714286,171.9047614885677,2354.214285714286,959.8907206404134,8.142857142857142,9.735449735467773,10.142857142857142,18.11477411452208,13.714285714285714,2.052910052770106,13.928571428571429,6.054334554492697,13.142857142857142,18.809523809473387,12.214285714285714,11.63431013421999,0.0,3.0,5.0,-2.0,5.571428571428571,7.767195767164559,3.7857142857142856,10.266788766664039,3,5,0,2,135,0.43388373911755823,-0.900968867902419,0.8660254037844387,-0.4999999999999998,0.742280907086982,-0.6700888411055113
2025-05-16,14.333333333333334,30.0,14.0,2419.0,12.333333333333334,10.571428571428571,21.74184085920495,-19.97993609730019,2410.0,2369.0,2315.6666666666665,14.0,8.333333333333334,12.333333333333334,14.0,14.666666666666666,12.666666666666666,31.0,22.666666666666668,31.666666666666668,15.0,15.0,11.666666666666666,2388.714285714286,176.57142815562588,2361.6428571428573,961.0335777830437,8.571428571428571,13.878306878324855,10.0,16.59829059803841,13.428571428571429,1.100529100389,13.928571428571429,6.054334554492697,13.142857142857142,18.809523809473387,12.357142857142858,12.161782661692598,1.666666666666666,0.0,6.333333333333332,0.33333333333333215,4.857142857142857,12.29100529097437,3.9285714285714284,8.772283272158433,4,5,0,2,136,-0.433883739117558,-0.9009688679024191,0.8660254037844387,-0.4999999999999998,0.7306444969184916,-0.6827580970759147
2025-05-17,13.666666666666666,29.0,14.0,2428.0,10.666666666666668,10.714285714285714,22.02002024784352,-22.067639295462563,2419.0,2377.0,2325.333333333333,12.333333333333334,5.666666666666667,8.666666666666668,14.0,13.333333333333334,11.333333333333334,30.0,21.33333333333333,31.33333333333333,14.333333333333334,15.0,10.333333333333334,2395.8571428571427,205.1428567274573,2369.023809523809,992.8284495776843,9.142857142857142,15.84656084657874,10.0,16.59829059803841,13.333333333333332,0.8888888887487377,14.023809523809524,5.92246642262449,13.047619047619047,18.460317460267003,12.54761904761905,12.386446886356929,3.333333333333332,1.666666666666666,7.666666666666667,2.666666666666666,4.19047619047619,13.105820105789455,4.023809523809524,8.161782661657746,5,5,1,2,137,-0.9749279121818236,-0.2225209339563146,0.8660254037844387,-0.4999999999999998,0.7187918772884232,-0.6952253139408722
2025-05-18,13.0,28.0,14.0,2437.0,9.0,11.714285714285714,22.28539483923852,-24.99968055352424,2428.0,2385.0,2335.0,10.666666666666668,3.0,5.0,14.0,12.0,10.0,29.0,20.0,31.0,13.666666666666666,15.0,9.0,2403.1428571428573,256.1428567278695,2376.3571428571427,1055.6318683808688,9.857142857142858,13.624338624356414,10.142857142857142,16.47374847349644,13.428571428571429,0.9523809522408522,14.214285714285714,5.326617826775745,12.857142857142858,17.846560846510325,12.785714285714286,12.04456654447672,5.0,3.333333333333332,9.0,5.0,3.5714285714285716,10.767195767165363,4.071428571428571,8.054334554209602,6,5,1,2,138,-0.7818314824680299,0.6234898018587334,0.8660254037844387,-0.4999999999999998,0.7067265555776158,-0.7074868024503348
2025-05-19,7.0,27.0,17.0,2457.0,6.0,11.857142857142856,-24.992007839004494,19.13486498186164,2437.0,2392.0,2331.0,9.0,7.0,17.0,14.0,14.0,20.0,28.0,33.0,44.0,13.0,7.0,15.0,2410.5714285714284,327.95238053781435,2383.6428571428573,1149.7857145344838,10.714285714285714,5.052910052927718,10.428571428571429,14.451770451518723,13.714285714285714,0.5714285712886238,14.5,3.8760683762260704,12.571428571428571,16.98941798936737,13.071428571428571,10.857753357663693,11.0,5.0,7.0,3.0,3.0,5.814814814784641,4.071428571428571,8.054334554209602,0,5,0,2,139,0.0,1.0,0.8660254037844387,-0.4999999999999998,0.6944521021088763,-0.719538934232584
2025-05-20,10.5,44.5,15.0,2462.0,12.0,12.123809523809523,-44.6268973503646,44.503087826555074,2457.0,2394.0,2339.0,6.0,11.0,16.0,17.0,12.0,16.0,27.0,29.0,33.0,7.0,18.0,10.0,2419.8571428571427,529.1428567288167,2392.6428571428573,1263.3241760726596,10.571428571428571,6.43386243388012,9.642857142857142,11.97374847349591,14.142857142857142,2.1428571427174226,14.285714285714286,1.980463980621843,12.571428571428571,16.98941798936737,12.5,13.055555555465569,3.0,11.0,1.0,0.0,3.5714285714285716,13.433862433832031,4.642857142857143,11.307081806956402,1,5,0,2,140,0.7818314824680298,0.6234898018587336,0.8660254037844387,-0.4999999999999998,0.6819721490904629,-0.7313781428679254
2025-05-21,14.0,62.0,13.0,2467.0,18.0,12.514285714285714,-17.219894549244145,22.705608834958436,2462.0,2394.0,2335.0,12.0,11.0,10.0,15.0,14.0,15.0,44.5,30.0,30.0,10.5,7.0,10.0,2429.5714285714284,603.6190472055574,2401.4285714285716,1328.8791211273217,10.714285714285714,6.719576719594385,9.357142857142858,9.204517704264836,14.571428571428571,1.2857142855747938,14.214285714285714,1.7881562883142066,11.5,11.453703703652721,12.535714285714286,12.881105006015039,-5.0,3.0,3.0,5.0,3.857142857142857,12.291005290974773,4.857142857142857,9.807081806956232,2,5,0,2,141,0.9749279121818236,-0.22252093395631434,0.8660254037844387,-0.4999999999999998,0.6692903895412567,-0.7430009249440493
2025-05-22,18.0,36.0,17.0,2473.0,15.0,13.028571428571428,20.791543792326248,-18.82011522089768,2467.0,2410.0,2361.0,18.0,14.0,11.0,13.0,14.0,16.0,62.0,31.0,24.0,14.0,15.0,15.0,2440.0,499.33333292043136,2410.8571428571427,1224.4395606874536,11.714285714285714,14.386243386260903,9.928571428571429,14.567155066902803,14.428571428571429,1.6190476189080514,14.071428571428571,1.832112332270363,12.5,7.953703703653062,12.821428571428571,12.463522588432783,2.0,-5.0,0.0,5.0,2.7142857142857144,23.719576719546655,4.142857142857143,16.73015873003372,3,5,0,2,142,0.43388373911755823,-0.900968867902419,0.8660254037844387,-0.4999999999999998,0.6564105761979381,-0.7544038410927472
2025-05-23,15.6,33.6,15.0,2479.2,14.2,13.857142857142856,21.74184085920495,-21.398983716347807,2473.0,2419.0,2369.0,15.0,12.333333333333334,8.333333333333334,17.0,14.0,14.666666666666666,36.0,30.0,22.666666666666668,18.0,14.333333333333334,15.0,2449.0,436.3333329209382,2418.8571428571427,1261.3626376102688,11.857142857142858,15.291005291022786,10.214285714285714,16.369352869100908,14.857142857142858,2.4761904760511353,14.142857142857142,2.2002442004021745,12.928571428571429,11.739417989367494,13.035714285714286,14.11187423678455,0.8000000000000007,2.0,1.666666666666666,6.333333333333332,3.0,22.4814814814513,3.9285714285714284,16.977411477286633,4,5,0,2,143,-0.433883739117558,-0.9009688679024191,0.8660254037844387,-0.4999999999999998,0.6433365204044917,-0.765583517007675
2025-05-24,13.2,31.2,13.0,2485.4,13.4,13.714285714285712,22.02002024784352,-22.33430596212923,2479.2,2428.0,2377.0,14.2,10.666666666666668,5.666666666666667,15.0,14.0,13.333333333333334,33.6,29.0,21.33333333333333,15.6,13.666666666666666,15.0,2457.6,352.0533329214215,2426.7285714285713,1283.5237365111082,12.123809523809525,16.08507936509682,10.633333333333331,17.13008546983395,15.0,2.333333333194068,14.166666666666668,2.2350427352006905,13.10952380952381,12.561746031695598,13.078571428571427,14.318907203817542,-0.40000000000000036,0.8000000000000007,3.333333333333332,7.666666666666667,2.876190476190476,22.97396825393812,3.5333333333333337,17.117264957140428,5,5,1,2,144,-0.9749279121818236,-0.2225209339563146,0.8660254037844387,-0.4999999999999998,0.6300720909843687,-0.7765366444428655
2025-05-25,10.8,28.8,11.0,2491.6,12.6,13.142857142857142,22.28539483923852,-22.828251982095665,2485.4,2437.0,2385.0,13.4,9.0,3.0,13.0,14.0,12.0,31.2,28.0,20.0,13.2,13.0,15.0,2465.7999999999997,256.38666625521904,2434.4714285714285,1293.529890357007,12.514285714285714,15.824761904779306,11.185714285714285,15.492771672520737,14.857142857142858,2.8095238093844688,14.142857142857142,2.2857142858722606,13.042857142857143,12.50619047614002,12.950000000000001,14.018247863158129,-1.5999999999999996,-0.40000000000000036,5.0,9.0,2.3428571428571425,24.396190476160555,2.957142857142857,16.635628815504745,6,5,1,2,145,-0.7818314824680299,0.6234898018587334,0.8660254037844387,-0.4999999999999998,0.6166212130956382,-0.7872599821916922
2025-05-26,8.4,26.4,9.0,2497.8,11.8,12.571428571428571,-24.992007839004494,24.22057926757592,2491.6,2457.0,2392.0,12.6,6.0,7.0,11.0,17.0,14.0,28.8,27.0,33.0,10.8,7.0,7.0,2473.6,158.10666625566023,2442.085714285714,1293.8813189281843,13.028571428571428,13.459047619064947,11.87142857142857,9.985958485708275,14.428571428571429,4.952380952241384,14.071428571428571,2.6868131869712184,12.728571428571428,13.229047618997056,12.65,13.953632478542575,-2.8000000000000007,-1.5999999999999996,11.0,7.0,1.4000000000000001,24.773333333303786,2.1999999999999997,14.806837606714133,0,5,0,2,146,0.0,1.0,0.8660254037844387,-0.4999999999999998,0.6029878670694714,-0.7977503570459932
2025-05-27,6.0,24.0,7.0,2504.0,11.0,12.16190476190476,-44.6268973503646,43.46499258845984,2497.8,2462.0,2394.0,11.8,12.0,11.0,9.0,15.0,12.0,26.4,44.5,29.0,8.4,10.5,18.0,2479.4285714285716,170.15238054170308,2449.6428571428573,1278.1857145323343,13.857142857142858,4.676190476207683,12.214285714285714,8.034310134060288,13.285714285714286,7.238095237955065,13.714285714285714,4.527472527630842,12.928571428571429,10.83571428566379,12.75,12.876709401619554,-4.0,-2.8000000000000007,3.0,1.0,-0.5714285714285714,7.819047619018864,1.5,14.42991452979161,1,5,0,2,147,0.7818314824680298,0.6234898018587336,0.8660254037844387,-0.4999999999999998,0.5891760872322963,-0.8080046647350754
2025-05-28,12.0,39.0,12.0,2499.0,14.0,11.914285714285713,-17.219894549244145,19.305608834958434,2504.0,2467.0,2394.0,11.0,18.0,11.0,7.0,13.0,14.0,24.0,62.0,30.0,6.0,14.0,7.0,2485.4285714285716,178.15238054203914,2457.5,1200.823077169437,13.714285714285714,5.4380952381124645,12.214285714285714,8.034310134060288,12.142857142857142,11.809523809383032,13.357142857142858,7.631868132026728,12.285714285714286,17.37142857137786,11.892857142857142,13.470115995025663,-2.0,-4.0,-5.0,3.0,-1.5714285714285714,6.485714285685931,1.1428571428571428,16.600244200121562,2,5,0,2,148,0.9749279121818236,-0.22252093395631434,0.8660254037844387,-0.4999999999999998,0.5751899607119775,-0.8180198708443174
2025-05-29,13.0,38.0,15.0,2506.0,11.0,11.828571428571427,20.791543792326248,-21.620115220897677,2499.0,2473.0,2410.0,14.0,15.0,14.0,12.0,17.0,14.0,39.0,36.0,31.0,12.0,18.0,15.0,2490.0,127.86666625658181,2465.0,962.5538463999563,13.142857142857142,2.009523809541118,12.428571428571429,8.116727716478097,12.0,11.666666666525815,13.214285714285714,7.719780219938929,12.0,16.79999999994919,12.25,11.49209401700389,4.0,-2.0,2.0,0.0,-1.1428571428571428,4.342857142828617,0.7857142857142856,16.9573870572647,3,5,0,2,149,0.43388373911755823,-0.900968867902419,0.8660254037844387,-0.4999999999999998,0.5610336262283677,-0.8277930117131022
2025-05-30,11.333333333333334,33.333333333333336,15.333333333333334,2513.333333333333,11.333333333333334,12.428571428571429,21.74184085920495,-22.837078954443044,2506.0,2479.2,2419.0,11.0,14.2,12.333333333333334,15.0,15.0,14.0,38.0,33.6,30.0,13.0,15.6,14.333333333333334,2494.714285714286,96.43809482827498,2471.8571428571427,808.5318683777506,12.571428571428571,1.8190476190650096,12.214285714285714,8.034310134060288,11.714285714285714,8.904761904620903,13.285714285714286,7.912087912246564,11.285714285714286,10.37142857137752,12.107142857142858,10.931654456564248,4.0,4.0,0.8000000000000007,1.666666666666666,-0.8571428571428571,7.009523809495168,1.0714285714285714,17.616727716605133,4,5,0,2,150,-0.433883739117558,-0.9009688679024191,0.8660254037844387,-0.4999999999999998,0.5467112728685939,-0.8373211953118121
2025-05-31,9.666666666666668,28.666666666666668,15.666666666666666,2520.6666666666665,11.666666666666666,12.999999999999996,22.02002024784352,-23.353353581176847,2513.333333333333,2485.4,2428.0,11.333333333333334,13.4,10.666666666666668,15.333333333333334,13.0,14.0,33.333333333333336,31.2,29.0,11.333333333333334,13.2,13.666666666666666,2499.590476190476,86.36063451108554,2478.595238095238,677.0526253982828,12.161904761904761,1.4368253968428466,12.142857142857142,8.087423687173764,11.761904761904761,9.285714285573311,13.380952380952381,8.185592185750762,10.676190476190476,6.836190476139222,11.892857142857142,10.547039071948744,4.0,4.0,-0.40000000000000036,3.333333333333332,-0.4000000000000001,10.239999999971175,1.238095238095238,18.219291819169104,5,5,1,2,151,-0.9749279121818236,-0.2225209339563146,0.8660254037844387,-0.4999999999999998,0.5322271388474397,-0.8466016020976267
2025-06-01,8.0,24.0,16.0,2528.0,12.0,13.285714285714285,22.28539483923852,-23.571109124952805,2520.6666666666665,2491.6,2437.0,11.666666666666666,12.6,9.0,15.666666666666666,11.0,14.0,28.666666666666668,28.8,28.0,9.666666666666668,10.8,13.0,2504.628571428571,97.22052869126207,2485.214285714286,569.1112334566702,11.914285714285715,1.1506878307053159,12.214285714285714,7.931746031496184,12.142857142857142,11.402116401975627,13.5,8.542735042893526,10.171428571428573,5.647195767144345,11.607142857142858,10.598321123230635,4.0,4.0,-1.5999999999999996,5.0,0.2285714285714285,13.005714285685208,1.2857142857142858,18.465934065811314,6,6,1,2,152,-0.7818314824680299,0.6234898018587334,0.49999999999999994,-0.8660254037844387,0.5175855102531889,-0.8556314858488706
2025-06-02,10.0,19.0,5.0,2518.0,16.0,14.714285714285715,-24.992007839004494,26.277722124718775,2528.0,2497.8,2457.0,12.0,11.8,6.0,16.0,9.0,17.0,24.0,26.4,27.0,8.0,8.4,7.0,2509.828571428571,128.42052869155287,2491.714285714286,485.61123345645376,11.828571428571427,1.0649735449910425,12.428571428571429,7.091086690837072,12.857142857142858,13.068783068642674,13.642857142857142,8.982295482453852,9.771428571428572,6.180529100477545,11.25,11.31260683751615,-11.0,4.0,-2.8000000000000007,11.0,1.0285714285714285,14.072380952351553,1.2142857142857142,17.96593406581137,0,6,0,2,153,0.0,1.0,0.49999999999999994,-0.8660254037844387,0.5027907197793043,-0.8644081744776648
2025-06-03,5.0,23.0,11.0,2519.0,15.0,15.714285714285714,-44.6268973503646,43.912611636078886,2518.0,2504.0,2462.0,16.0,11.0,12.0,5.0,7.0,15.0,19.0,24.0,44.5,10.0,6.0,10.5,2512.714285714286,105.71957631076278,2496.0714285714284,425.616727961803,12.428571428571429,3.5449735449909565,13.142857142857142,4.343833943585083,12.285714285714286,20.497354497213795,12.785714285714286,13.070207570366616,10.0,5.814814814763335,11.464285714285714,9.993925518834951,-4.0,-11.0,-4.0,3.0,-0.14285714285714285,34.14285714282821,-0.35714285714285715,19.416483516362067,1,6,0,2,154,0.7818314824680298,0.6234898018587336,0.49999999999999994,-0.8660254037844387,0.4878471454423119,-0.8729290708206411
2025-06-04,4.0,16.0,9.0,2516.0,16.0,16.285714285714285,-17.219894549244145,16.93418026352986,2519.0,2499.0,2467.0,15.0,14.0,18.0,11.0,12.0,13.0,23.0,39.0,62.0,5.0,12.0,14.0,2514.8571428571427,94.29100488231104,2500.1428571428573,358.9079367528784,13.0,3.925925925943257,13.357142857142858,4.459218558969925,12.857142857142858,15.73544973530934,12.5,12.850427350586621,9.857142857142858,7.291005290953765,11.071428571428571,12.970573870483083,-7.0,-4.0,-2.0,-5.0,-0.14285714285714285,34.14285714282821,-0.8571428571428571,19.301098900977845,2,6,0,2,155,0.9749279121818236,-0.22252093395631434,0.49999999999999994,-0.8660254037844387,0.47275920928627757,-0.881191653407483
2025-06-05,8.0,26.0,5.0,2503.0,21.0,16.42857142857143,20.791543792326248,-16.22011522089768,2516.0,2506.0,2473.0,16.0,11.0,15.0,9.0,15.0,17.0,16.0,38.0,36.0,4.0,13.0,18.0,2517.285714285714,45.71957631101743,2503.6428571428573,280.5617829066102,13.285714285714286,5.164021164038456,13.214285714285714,3.3163614161126307,12.428571428571429,17.878306878166253,12.214285714285714,13.68559218575168,8.714285714285714,10.719576719524811,10.357142857142858,15.60793650784532,-16.0,-7.0,4.0,2.0,-0.8571428571428571,40.80952380949517,-1.0,20.86153846141752,3,6,0,2,156,0.43388373911755823,-0.900968867902419,0.49999999999999994,-0.8660254037844387,0.4575313760742512,-0.8891934772070711
2025-06-06,8.666666666666666,22.666666666666668,8.333333333333332,2504.333333333333,18.33333333333333,15.428571428571429,21.74184085920495,-18.837078954443044,2503.0,2513.333333333333,2479.2,21.0,11.333333333333334,14.2,5.0,15.333333333333334,15.0,26.0,33.333333333333336,33.6,8.0,11.333333333333334,15.6,2516.8571428571427,58.29100488242184,2505.785714285714,203.41892576368292,14.714285714285714,11.830687830704925,13.642857142857142,7.536141635893306,11.0,23.592592592451208,11.357142857142858,15.136141636301804,8.0,7.148148148096002,9.642857142857142,10.992551892460304,-9.999999999999996,-16.0,4.0,0.8000000000000007,-3.7142857142857144,65.57142857140109,-2.2857142857142856,35.69670329658337,4,6,0,2,157,-0.433883739117558,-0.9009688679024191,0.49999999999999994,-0.8660254037844387,0.44216815196707204,-0.8969321743510065
2025-06-07,9.333333333333334,19.333333333333336,11.666666666666666,2505.6666666666665,15.666666666666668,14.999999999999998,22.02002024784352,-21.353353581176847,2504.333333333333,2520.6666666666665,2485.4,18.33333333333333,11.666666666666666,13.4,8.333333333333332,15.666666666666666,13.0,22.666666666666668,28.666666666666668,31.2,8.666666666666666,9.666666666666668,13.2,2515.5714285714284,80.4338620252084,2507.580952380952,145.74114798584498,15.714285714285714,10.941798941815891,13.938095238095238,9.11074481049679,10.0,20.48148148133956,10.880952380952381,14.574481074641616,7.619047619047619,5.201058201005927,9.147619047619047,8.071916971825106,-4.000000000000002,-9.999999999999996,4.0,-0.40000000000000036,-5.714285714285714,57.571428571401874,-3.057142857142857,38.901098900979584,5,6,1,2,158,-0.9749279121818236,-0.2225209339563146,0.49999999999999994,-0.8660254037844387,0.42667408318992467,-0.9044054548343001
2025-06-08,10.0,16.0,15.0,2507.0,13.0,14.46938775510204,22.28539483923852,-23.75478259434056,2505.6666666666665,2528.0,2491.6,15.666666666666668,12.0,12.6,11.666666666666666,16.0,11.0,19.333333333333336,24.0,28.8,9.333333333333334,8.0,10.8,2513.4285714285716,87.1005286917565,2509.0285714285715,105.92048864513873,16.285714285714285,7.830687830704701,14.1,9.29008546983762,9.428571428571429,15.211640211497985,10.785714285714286,14.266788766949386,7.571428571428571,4.989417989365699,8.871428571428572,6.729206349114329,2.0,-4.000000000000002,4.0,-1.5999999999999996,-6.857142857142857,40.80952380949757,-3.314285714285714,38.35516483504572,6,6,1,2,159,-0.7818314824680299,0.6234898018587334,0.49999999999999994,-0.8660254037844387,0.4110537546870351,-0.9116111071930239
2025-06-09,8.0,21.0,14.0,2516.0,9.0,13.26530612244898,-24.992007839004494,20.726701716555517,2507.0,2518.0,2497.8,13.0,16.0,11.8,15.0,5.0,9.0,16.0,19.0,26.4,10.0,10.0,8.4,2510.4285714285716,48.100528691588,2510.128571428571,81.56818095279533,16.428571428571427,6.544973544990397,14.12857142857143,9.20920634895853,9.285714285714286,13.164021163878862,11.071428571428571,15.541514041674438,7.857142857142857,5.846560846508653,8.814285714285715,6.537557997465944,5.0,2.0,-11.0,-2.8000000000000007,-7.142857142857143,34.14285714283102,-3.057142857142857,40.23032967021035,0,6,0,2,160,0.0,1.0,0.49999999999999994,-0.8660254037844387,0.3953117887649151,-0.9185469991587165
2025-06-10,17.0,28.0,7.0,2511.0,12.0,12.482993197278912,-44.6268973503646,44.143904153085685,2516.0,2519.0,2504.0,9.0,15.0,11.0,14.0,11.0,7.0,21.0,23.0,24.0,8.0,5.0,6.0,2510.1428571428573,43.62433821538149,2511.4285714285716,70.70818095275366,15.428571428571429,14.544973544990539,13.928571428571429,10.772283272035242,10.571428571428571,11.878306878165267,11.428571428571429,15.73382173398185,7.571428571428571,4.989417989365699,8.785714285714286,6.574481074389005,-5.0,5.0,-4.0,-4.0,-4.857142857142857,50.14285714283011,-2.5,44.88461538449563,1,6,0,2,161,0.7818314824680298,0.6234898018587336,0.49999999999999994,-0.8660254037844387,0.37945284372454435,-0.925211078289358
2025-06-11,15.571428571428571,27.428571428571427,7.428571428571429,2512.714285714286,12.285714285714286,12.122448979591836,-17.219894549244145,17.383159855366596,2511.0,2516.0,2499.0,12.0,16.0,14.0,7.0,9.0,12.0,28.0,16.0,39.0,17.0,4.0,12.0,2509.0,29.14814773912734,2511.9285714285716,66.20818095273734,15.0,16.259259259276313,14.0,10.393162392914437,10.0,13.592592592450673,11.428571428571429,15.73382173398185,9.285714285714286,15.275132275080564,9.571428571428571,10.503052502960875,-4.857142857142858,-5.0,-7.0,-2.0,-5.0,49.99999999997303,-2.5714285714285716,45.186813186693485,2,6,0,2,162,0.9749279121818236,-0.22252093395631434,0.49999999999999994,-0.8660254037844387,0.36348161248290634,-0.9316013725767187
2025-06-12,14.142857142857142,26.857142857142858,7.857142857142858,2514.428571428572,12.571428571428571,12.183673469387752,20.791543792326248,-20.40378869028543,2512.714285714286,2503.0,2506.0,12.285714285714286,21.0,11.0,7.428571428571429,5.0,15.0,27.428571428571427,26.0,38.0,15.571428571428571,8.0,13.0,2508.530612244898,23.023755124912643,2512.908163265306,52.36471829291637,14.469387755102039,16.99200950223071,13.877551020408163,10.603074929357458,9.775510204081632,14.469171795560369,11.10204081632653,16.82464927378924,10.938775510204081,14.015657056422233,9.826530612244898,12.748511125970662,-4.7142857142857135,-4.857142857142858,-16.0,4.0,-4.693877551020408,49.227405247786315,-2.7755102040816326,45.51872617166786,3,6,0,2,163,0.43388373911755823,-0.900968867902419,0.49999999999999994,-0.8660254037844387,0.3474028211842774,-0.9377159910299093
2025-06-13,12.714285714285715,26.285714285714285,8.285714285714286,2516.1428571428573,12.857142857142858,12.857142857142856,21.74184085920495,-21.74184085920495,2514.428571428572,2504.333333333333,2513.333333333333,12.571428571428571,18.33333333333333,11.333333333333334,7.857142857142858,8.333333333333332,15.333333333333334,26.857142857142858,22.666666666666668,33.333333333333336,14.142857142857142,8.666666666666666,11.333333333333334,2510.163265306122,20.61364822510318,2513.5102040816323,48.481224235933794,13.26530612244898,8.792786956069557,13.989795918367347,10.08378809374421,10.183673469387754,11.08724759730986,10.591836734693876,16.1854925121839,11.816326530612244,13.388834898988128,9.908163265306124,13.3997782262174,-4.571428571428571,-4.7142857142857135,-9.999999999999996,4.0,-3.081632653061224,24.890184645258937,-3.397959183673469,41.859273379562495,4,6,0,2,164,-0.433883739117558,-0.9009688679024191,0.49999999999999994,-0.8660254037844387,0.3312212278016865,-0.9435531242349544
2025-06-14,11.285714285714285,25.714285714285715,8.714285714285715,2517.8571428571427,13.142857142857142,13.142857142857144,22.02002024784352,-22.02002024784352,2516.1428571428573,2505.6666666666665,2520.6666666666665,12.857142857142858,15.666666666666668,11.666666666666666,8.285714285714286,11.666666666666666,15.666666666666666,26.285714285714285,19.333333333333336,28.666666666666668,12.714285714285715,9.333333333333334,9.666666666666668,2511.8503401360545,17.58762511754234,2513.7108843537417,48.96859061104894,12.482993197278912,3.82572076451369,14.098639455782314,9.626884453167214,10.17687074829932,11.116942014759374,10.08843537414966,14.592310184308085,12.39455782312925,11.479753806233761,10.006802721088436,13.838778001951924,-4.428571428571427,-4.571428571428571,-4.000000000000002,4.0,-2.3061224489795924,16.581146744383997,-4.0102040816326525,37.35153621876459,5,6,1,2,165,-0.9749279121818236,-0.2225209339563146,0.49999999999999994,-0.8660254037844387,0.31494162072895193,-0.9491110448902284
2025-06-15,9.857142857142858,25.142857142857142,9.142857142857142,2519.5714285714284,13.428571428571429,13.673469387755102,22.28539483923852,-22.530292798422195,2517.8571428571427,2507.0,2528.0,13.142857142857142,13.0,12.0,8.714285714285715,15.0,16.0,25.714285714285715,16.0,24.0,11.285714285714285,10.0,8.0,2513.5918367346935,13.689989873066162,2513.5102040816323,46.52587799487324,12.122448979591837,2.057337220619992,14.204081632653061,9.230221025891653,9.755102040816327,10.896015548934722,9.591836734693876,12.078393262228284,12.673469387755102,10.03206997079492,10.122448979591836,13.94129226773156,-4.2857142857142865,-4.428571428571427,2.0,4.0,-2.3673469387755097,16.849368318728043,-4.612244897959184,32.03902220216942,6,6,1,2,166,-0.7818314824680299,0.6234898018587334,0.49999999999999994,-0.8660254037844387,0.2985688173637202,-0.9543881083175908
2025-06-16,8.428571428571429,24.571428571428573,9.571428571428571,2521.285714285714,13.714285714285714,14.448979591836734,-24.992007839004494,24.257313961453477,2519.5714285714284,2516.0,2518.0,13.428571428571429,9.0,16.0,9.142857142857142,14.0,5.0,25.142857142857142,21.0,19.0,9.857142857142858,8.0,10.0,2515.387755102041,8.644314460146363,2512.908163265306,32.81125588231139,12.183673469387754,2.2089407191622574,14.306122448979592,8.891580075005914,8.918367346938776,5.556851311810854,9.10204081632653,8.676733697303796,12.653061224489795,10.162293488773532,10.255102040816325,13.581233958693733,-4.142857142857142,-4.2857142857142865,5.0,-11.0,-3.265306122448979,13.343051506289145,-5.204081632653062,25.96456604608108,0,6,0,2,167,0.0,1.0,0.49999999999999994,-0.8660254037844387,0.2821076626819194,-0.9593827529490743
2025-06-17,7.0,24.0,10.0,2523.0,14.0,14.65986394557823,-44.6268973503646,43.96703340478637,2521.285714285714,2511.0,2519.0,13.714285714285714,12.0,15.0,9.571428571428571,7.0,11.0,24.571428571428573,28.0,23.0,8.428571428571429,17.0,5.0,2516.1428571428573,13.714285305670884,2513.1428571428573,36.15628840080547,12.857142857142858,0.3809523809697408,14.142857142857142,8.669108668860865,8.285714285714286,0.8571428570000181,9.428571428571429,7.284493284654967,12.714285714285714,9.523809523758976,10.142857142857142,13.819291819200512,-4.0,-4.142857142857142,-5.0,-4.0,-4.571428571428571,0.0952380952109599,-4.714285714285714,23.2087912086732,1,6,0,2,168,0.7818314824680298,0.6234898018587336,0.49999999999999994,-0.8660254037844387,0.26556302780405594,-0.9640935007889755
2025-06-18,7.5,21.5,8.5,2512.0,16.0,14.30612244897959,-17.219894549244145,18.91377210026456,2523.0,2512.714285714286,2516.0,14.0,12.285714285714286,16.0,10.0,7.428571428571429,9.0,24.0,27.428571428571427,16.0,7.0,15.571428571428571,4.0,2517.8571428571427,13.714285305770344,2513.4285714285716,40.90354114804894,13.142857142857142,0.38095238096970013,14.071428571428571,8.608669108421228,8.714285714285714,0.8571428570002481,9.357142857142858,7.114163614325353,11.285714285714286,9.523809523758493,10.285714285714286,12.522588522497294,-7.5,-4.0,-4.857142857142858,-7.0,-4.428571428571429,0.09523809521090194,-4.714285714285714,23.2087912086732,2,6,0,2,169,0.9749279121818236,-0.22252093395631434,0.49999999999999994,-0.8660254037844387,0.24893980855376657,-0.9685189578512204
2025-06-19,8.0,19.0,7.0,2501.0,18.0,13.387755102040815,20.791543792326248,-16.179298894367065,2512.0,2514.428571428572,2503.0,16.0,12.571428571428571,21.0,8.5,7.857142857142858,5.0,21.5,26.857142857142858,26.0,7.5,14.142857142857142,8.0,2517.7551020408164,15.011661399058786,2513.1428571428573,40.46398070849779,13.673469387755103,1.2905733722232684,14.071428571428571,8.608669108421228,8.86734693877551,0.5619533526271524,9.321428571428571,7.159493284655051,10.13265306122449,7.300048590813495,10.535714285714286,10.012973137882053,-11.0,-7.5,-4.7142857142857135,-16.0,-4.8061224489795915,1.4706025266979355,-4.75,23.40247252735455,3,6,0,2,170,0.43388373911755823,-0.900968867902419,0.49999999999999994,-0.8660254037844387,0.23224292400907015,-0.9726578145718654
2025-06-20,7.666666666666667,17.0,6.333333333333333,2503.333333333333,14.333333333333334,13.857142857142858,21.74184085920495,-21.265650383014474,2501.0,2516.1428571428573,2504.333333333333,18.0,12.857142857142858,18.33333333333333,7.0,8.285714285714286,8.333333333333332,19.0,26.285714285714285,22.666666666666668,8.0,12.714285714285715,8.666666666666666,2515.836734693877,55.662778988840934,2513.0,43.87057411509617,14.448979591836734,3.5063168124563933,13.857142857142858,6.053724053475947,8.744897959183673,0.9555393584579907,9.464285714285714,6.115537240698895,9.255102040816325,4.479348882358388,10.535714285714286,10.012973137882053,-8.0,-11.0,-4.571428571428571,-9.999999999999996,-5.70408163265306,6.922497570430078,-4.392857142857143,16.534340659222398,4,6,0,2,171,-0.433883739117558,-0.9009688679024191,0.49999999999999994,-0.8660254037844387,0.21547731504673012,-0.976508846196619
2025-06-21,7.333333333333333,15.0,5.666666666666667,2505.6666666666665,10.666666666666668,14.142857142857142,22.02002024784352,-25.496210724033997,2503.333333333333,2517.8571428571427,2505.6666666666665,14.333333333333334,13.142857142857142,15.666666666666668,6.333333333333333,8.714285714285715,11.666666666666666,17.0,25.714285714285715,19.333333333333336,7.666666666666667,11.285714285714285,9.333333333333334,2514.006802721088,77.79624189770794,2512.9285714285716,45.2753360198606,14.659863945578232,3.0343375445587277,13.571428571428573,4.442002441754038,8.465986394557824,1.798914803874103,9.321428571428571,6.7492368743986395,8.534013605442176,2.298914803964881,10.464285714285714,10.371947496856372,-5.000000000000001,-8.0,-4.428571428571427,-4.000000000000002,-6.193877551020408,7.3073372205760485,-4.25,15.094780219661848,5,6,1,2,172,-0.9749279121818236,-0.2225209339563146,0.49999999999999994,-0.8660254037844387,0.19864794288017112,-0.9800709131432666
2025-06-22,7.0,13.0,5.0,2508.0,7.0,15.285714285714286,22.28539483923852,-30.571109124952805,2505.6666666666665,2519.5714285714284,2507.0,10.666666666666668,13.428571428571429,13.0,5.666666666666667,9.142857142857142,15.0,15.0,25.142857142857142,16.0,7.333333333333333,9.857142857142858,10.0,2512.2653061224487,83.38008813451346,2512.9285714285716,45.2753360198606,14.306122448979593,5.162401468541068,13.214285714285714,4.615995115746333,8.03061224489796,2.8735287764470243,8.892857142857142,7.155830280992377,7.969387755102041,0.9052748082838797,10.321428571428571,11.005647130555921,-2.0,-5.000000000000001,-4.2857142857142865,2.0,-6.275510204081633,7.017735665668403,-4.321428571428571,15.12774725262894,6,6,1,2,173,-0.7818314824680299,0.6234898018587334,0.49999999999999994,-0.8660254037844387,0.18175978759137534,-0.9833429613388902
2025-06-23,3.0,15.0,5.0,2495.0,17.0,17.714285714285715,-24.992007839004494,24.277722124718775,2508.0,2521.285714285714,2516.0,7.0,13.714285714285714,9.0,5.0,9.571428571428571,14.0,13.0,24.571428571428573,21.0,7.0,8.428571428571429,8.0,2510.612244897959,74.32761000030578,2513.0,44.434676679198816,13.387755102040817,12.946658028307963,12.785714285714286,7.3852258849766494,7.438775510204081,3.7894665801396115,8.178571428571429,4.903083028245676,7.561224489795919,0.2735935643576002,10.107142857142858,11.79685592176459,-12.0,-2.0,-4.142857142857142,5.0,-5.948979591836734,9.280126336222208,-4.607142857142857,12.380494505376419,0,6,0,2,174,0.0,1.0,0.49999999999999994,-0.8660254037844387,0.16481784665719793,-0.9863240225317866
2025-06-24,5.0,20.0,5.0,2489.0,16.0,19.952380952380956,-44.6268973503646,40.67451639798365,2495.0,2523.0,2511.0,17.0,14.0,12.0,5.0,10.0,7.0,15.0,24.0,28.0,3.0,7.0,17.0,2506.8571428571427,79.51322710406974,2511.5,66.24236898694092,13.857142857142858,14.846560846578063,13.357142857142858,7.297313797065167,6.785714285714286,3.525132274988628,7.535714285714286,2.6283577535208953,6.785714285714286,2.9140211639686124,9.75,15.20344932835779,-11.0,-12.0,-4.0,-5.0,-7.071428571428571,13.369047619021494,-5.821428571428571,7.8969780218609,1,6,0,2,175,0.7818314824680298,0.6234898018587336,0.49999999999999994,-0.8660254037844387,0.14782713347053048,-0.9890132145779883
2025-06-25,6.0,12.0,2.0,2470.0,24.0,22.0,-17.219894549244145,19.219894549244145,2489.0,2512.0,2512.714285714286,16.0,16.0,12.285714285714286,5.0,8.5,7.428571428571429,20.0,21.5,27.428571428571427,5.0,7.5,15.571428571428571,2502.0,61.703703294261494,2509.9285714285716,102.50610525072986,14.142857142857142,15.513227513244688,13.642857142857142,7.605006104757777,6.071428571428571,1.7394179892739567,7.392857142857143,3.0789072040704557,6.5,3.3425925925399445,8.892857142857142,12.104548229456197,-22.0,-11.0,-7.5,-4.857142857142858,-8.071428571428571,13.20238095235523,-6.25,9.710164835048053,2,6,0,2,176,0.9749279121818236,-0.22252093395631434,0.49999999999999994,-0.8660254037844387,0.13079267585675922,-0.9914097417023038
2025-06-26,3.0,9.0,7.0,2447.0,35.0,23.857142857142858,20.791543792326248,-9.648686649469106,2470.0,2501.0,2514.428571428572,24.0,18.0,12.571428571428571,2.0,7.0,7.857142857142858,12.0,19.0,26.857142857142858,6.0,8.0,14.142857142857142,2496.0,173.70370329390997,2506.8775510204077,214.52214023625498,15.285714285714286,29.608465608482618,14.479591836734695,14.960915501484386,5.142857142857143,2.5132275130829798,7.005102040816326,5.154036156750727,6.285714285714286,3.164021163968444,8.209183673469388,8.813900102072985,-28.0,-22.0,-11.0,-4.7142857142857135,-10.142857142857142,40.476190476165584,-7.474489795918367,27.027949091608793,3,6,0,2,177,0.43388373911755823,-0.900968867902419,0.49999999999999994,-0.8660254037844387,0.11371951458594969,-0.9935128947338007
2025-06-27,3.6666666666666665,11.666666666666666,7.0,2435.6666666666665,30.0,23.71428571428571,21.74184085920495,-15.45612657349066,2447.0,2503.333333333333,2516.1428571428573,35.0,14.333333333333334,12.857142857142858,7.0,6.333333333333333,8.285714285714286,9.0,17.0,26.285714285714285,3.0,7.666666666666667,12.714285714285715,2488.285714285714,500.27513186488727,2502.0612244897957,460.94869327521127,17.714285714285715,86.27513227514892,16.081632653061224,44.30819067529186,5.142857142857143,2.5132275130829798,6.9438775510204085,5.094157260137184,5.571428571428571,3.8783068782539183,7.413265306122449,7.510693104987981,-23.0,-28.0,-8.0,-4.571428571428571,-12.571428571428571,86.6190476190237,-9.137755102040817,55.87006615821698,4,6,0,2,178,-0.433883739117558,-0.9009688679024191,0.49999999999999994,-0.8660254037844387,0.0966127018812031,-0.9953220513156602
2025-06-28,4.333333333333333,14.333333333333332,7.0,2424.333333333333,25.0,24.57142857142857,22.02002024784352,-21.591448819272088,2435.6666666666665,2505.6666666666665,2517.8571428571427,30.0,10.666666666666668,13.142857142857142,7.0,5.666666666666667,8.714285714285715,11.666666666666666,15.0,25.714285714285715,3.6666666666666665,7.333333333333333,11.285714285714285,2478.6190476190473,814.9788355680327,2496.312925170068,749.205900920361,19.952380952380956,103.68253968255601,17.30612244897959,56.79529540729585,5.238095238095239,2.8412698411253587,6.8520408163265305,4.946814806672352,5.0,3.3703703703172185,6.767006802721089,5.979084124399037,-18.0,-23.0,-5.000000000000001,-4.428571428571427,-14.714285714285714,95.90476190473885,-10.454081632653061,67.18179524545732,5,6,1,2,179,-0.9749279121818236,-0.2225209339563146,0.49999999999999994,-0.8660254037844387,0.07947729992362097,-0.9968366760893436
2025-06-29,5.0,17.0,7.0,2413.0,20.0,26.57142857142857,22.28539483923852,-28.856823410667086,2424.333333333333,2508.0,2519.5714285714284,25.0,7.0,13.428571428571429,7.0,5.0,9.142857142857142,14.333333333333332,13.0,25.142857142857142,4.333333333333333,7.0,9.857142857142858,2467.0,1026.7037032922321,2489.632653061224,1063.9861954559738,22.0,88.6666666666827,18.153061224489797,59.243041538716355,5.428571428571429,3.285714285569906,6.729591836734693,4.66558583156592,4.571428571428571,2.3227513226980276,6.270408163265307,4.598430764153555,-13.0,-18.0,-2.0,-4.2857142857142865,-16.571428571428573,77.95238095235865,-11.423469387755103,67.75703633090326,6,6,1,2,180,-0.7818314824680299,0.6234898018587334,0.49999999999999994,-0.8660254037844387,0.062318379354325076,-0.998056320853012
2025-06-30,9.0,22.0,8.0,2407.0,16.0,25.928571428571427,-24.992007839004494,15.063436410433066,2413.0,2495.0,2521.285714285714,20.0,17.0,13.714285714285714,7.0,5.0,9.571428571428571,17.0,15.0,24.571428571428573,5.0,3.0,8.428571428571429,2453.4285714285716,1017.656084243821,2482.020408163265,1384.3696895131777,23.857142857142858,47.80952380953958,18.622448979591837,57.551182377469935,5.714285714285714,3.5714285712843457,6.576530612244897,4.197992200707101,4.285714285714286,1.2751322750788845,5.923469387755103,3.603364605821891,-8.0,-13.0,-12.0,-4.142857142857142,-18.142857142857142,41.80952380950215,-12.045918367346939,63.611936532742725,0,6,0,2,181,0.0,1.0,0.49999999999999994,-0.8660254037844387,0.04514101777397193,-0.9989806246941579
2025-07-01,7.0,14.0,6.0,2391.0,22.0,24.928571428571427,-44.6268973503646,41.69832592179317,2407.0,2489.0,2523.0,16.0,16.0,14.0,8.0,5.0,10.0,22.0,20.0,24.0,9.0,5.0,7.0,2440.8571428571427,904.513227100234,2473.8571428571427,1626.9352871810768,23.714285714285715,50.23809523811102,18.785714285714285,56.19841269816982,6.142857142857143,4.142857142713149,6.464285714285714,3.6503357754997414,5.142857142857143,3.8465608465077437,5.964285714285714,3.84691697182326,-16.0,-8.0,-11.0,-4.0,-17.571428571428573,52.28571428569239,-12.321428571428571,59.984890109778156,1,7,0,3,182,0.7818314824680298,0.6234898018587336,1.2246467991473532e-16,-1.0,0.02795029824021032,-0.999609314096404
2025-07-02,8.0,20.0,9.0,2373.0,38.0,23.57142857142857,-17.219894549244145,31.648465977815576,2391.0,2470.0,2512.0,22.0,24.0,16.0,6.0,2.0,8.5,14.0,12.0,21.5,7.0,6.0,7.5,2426.8571428571427,703.8465604327577,2464.4285714285716,1873.528693774788,24.571428571428573,39.95238095239662,19.357142857142858,54.879731379489115,6.285714285714286,3.904761904617988,6.178571428571429,2.6173687425329293,5.428571428571429,4.322751322698315,5.964285714285714,3.84691697182326,-29.0,-16.0,-22.0,-7.5,-18.285714285714285,44.90476190474032,-13.178571428571429,54.90796703285576,2,7,0,3,183,0.9749279121818236,-0.22252093395631434,1.2246467991473532e-16,-1.0,0.01075130776352193,-0.9999422030204416
2025-07-03,7.0,19.25,7.25,2362.75,30.5,21.857142857142858,20.791543792326248,-12.148686649469106,2373.0,2447.0,2501.0,38.0,35.0,18.0,9.0,7.0,7.0,20.0,9.0,19.0,8.0,3.0,8.0,2413.0,653.0370366224362,2454.5,2236.303419049834,26.571428571428573,65.28571428572967,20.928571428571427,78.088522588282,7.285714285714286,0.9047619046185299,6.214285714285714,2.813797313961473,5.714285714285714,5.275132275079364,6.0,3.9829059828122912,-23.25,-29.0,-28.0,-11.0,-19.285714285714285,60.5714285714074,-14.714285714285714,69.14285714274709,3,7,0,3,184,0.43388373911755823,-0.900968867902419,1.2246467991473532e-16,-1.0,-0.00645086419810515,-0.9999791929590823
2025-07-04,6.0,18.5,5.5,2352.5,23.0,22.428571428571427,21.74184085920495,-21.170412287776376,2362.75,2435.6666666666665,2503.333333333333,30.5,30.0,14.333333333333334,7.25,7.0,6.333333333333333,19.25,11.666666666666666,17.0,7.0,3.6666666666666665,7.666666666666667,2400.964285714286,712.212631859844,2444.625,2612.502938280922,25.928571428571427,55.53571428572976,21.821428571428573,83.6173687421291,7.321428571428571,0.8898809522375969,6.232142857142857,2.848481379895525,6.285714285714286,3.9417989417462223,5.928571428571429,3.746642246548514,-17.5,-23.25,-23.0,-8.0,-18.607142857142858,49.99702380950236,-15.589285714285714,72.86160714274779,4,7,0,3,185,-0.433883739117558,-0.9009688679024191,1.2246467991473532e-16,-1.0,-0.023651127245231586,-0.9997202729664083
2025-07-05,5.0,17.75,3.75,2342.25,15.5,22.142857142857142,22.02002024784352,-28.66287739070066,2352.5,2424.333333333333,2505.6666666666665,23.0,25.0,10.666666666666668,5.5,7.0,5.666666666666667,18.5,14.333333333333332,15.0,6.0,4.333333333333333,7.333333333333333,2389.083333333333,738.2847218062578,2433.8511904761904,2875.2181397464738,24.928571428571427,53.0357142857299,22.440476190476193,78.99832112308215,7.107142857142857,1.372023809380338,6.172619047619048,2.8851114165256075,6.6190476190476195,2.6825396824870746,5.809523809523809,3.4993894992956984,-11.75,-17.5,-18.0,-5.000000000000001,-17.821428571428573,46.264880952359185,-16.267857142857142,68.21600274714393,5,7,1,3,186,-0.9749279121818236,-0.2225209339563146,1.2246467991473532e-16,-1.0,-0.04084439154329611,-0.9991655196610109
2025-07-06,4.0,17.0,2.0,2332.0,8.0,21.285714285714285,22.28539483923852,-35.571109124952805,2342.25,2413.0,2508.0,15.5,20.0,7.0,3.75,7.0,5.0,17.75,17.0,13.0,5.0,5.0,7.0,2377.3571428571427,736.3303567262293,2422.1785714285716,2977.203907451371,23.571428571428573,65.70238095239677,22.785714285714285,71.9120879118493,6.642857142857143,2.9970238093800865,6.035714285714286,3.296703296867593,6.714285714285714,2.238095238042662,5.642857142857143,3.341269841175944,-6.0,-11.75,-13.0,-2.0,-16.928571428571427,51.473214285692144,-16.75,59.76923076912234,6,7,1,3,187,-0.7818314824680299,0.6234898018587334,1.2246467991473532e-16,-1.0,-0.05802556932878035,-0.9983150972033183
2025-07-07,3.0,18.0,8.0,2317.0,20.0,22.5,-24.992007839004494,22.492007839004494,2332.0,2407.0,2495.0,8.0,16.0,17.0,2.0,8.0,5.0,17.0,22.0,15.0,4.0,9.0,3.0,2365.785714285714,711.2589281541456,2409.6071428571427,2865.9951162429857,21.857142857142858,100.55952380953987,22.857142857142858,69.55494505470652,5.928571428571429,5.973214285570175,5.821428571428571,4.41758241774688,6.571428571428571,2.9523809523283284,5.428571428571429,3.3577533576593366,-12.0,-6.0,-8.0,-12.0,-15.928571428571429,67.63988095235841,-17.035714285714285,51.835164835056624,0,7,0,3,188,0.0,1.0,1.2246467991473532e-16,-1.0,-0.07518957641475855,-0.9971692572470178
2025-07-08,5.0,16.0,8.0,2306.0,20.0,23.4047619047619,-44.6268973503646,41.2221354456027,2317.0,2391.0,2489.0,20.0,22.0,16.0,8.0,6.0,5.0,18.0,14.0,20.0,3.0,7.0,5.0,2352.9285714285716,631.9732138677025,2396.8928571428573,2790.6874239356966,22.428571428571427,95.03571428573026,23.071428571428573,67.4945054942672,5.928571428571429,5.973214285570175,6.035714285714286,4.681318681482979,5.714285714285714,3.238095238042327,5.428571428571429,3.3577533576593366,-12.0,-12.0,-16.0,-11.0,-16.5,59.35416666664437,-17.035714285714285,51.835164835056624,1,7,0,3,189,0.7818314824680298,0.6234898018587336,1.2246467991473532e-16,-1.0,-0.09233133369539122,-0.9957283388645872
2025-07-09,2.0,18.0,0.0,2281.0,32.0,24.0,-17.219894549244145,25.219894549244145,2306.0,2373.0,2470.0,20.0,38.0,24.0,8.0,9.0,2.0,16.0,20.0,12.0,5.0,8.0,6.0,2340.785714285714,585.4255948193901,2383.8214285714284,2589.588522837213,22.142857142857142,95.89285714287315,23.357142857142858,64.28571428547629,6.214285714285714,6.592261904617949,6.25,4.846153846317978,5.428571428571429,2.9523809523279456,5.428571428571429,3.3577533576593366,-32.0,-12.0,-29.0,-22.0,-15.928571428571429,62.30654761902508,-17.107142857142858,50.97802197791383,2,7,0,3,190,0.9749279121818236,-0.22252093395631434,1.2246467991473532e-16,-1.0,-0.10944576864891556,-0.993992768446958
2025-07-10,2.0,12.0,3.0,2252.0,39.0,24.285714285714285,20.791543792326248,-6.077258078040533,2281.0,2362.75,2447.0,32.0,30.5,35.0,0.0,7.25,7.0,18.0,19.25,9.0,2.0,7.0,3.0,2327.6428571428573,806.6636900567274,2370.3214285714284,2635.2808305299504,21.285714285714285,69.3214285714447,23.928571428571427,69.64835164811426,4.928571428571429,9.806547618902963,6.107142857142857,6.439560439724682,4.571428571428571,2.952380952327658,5.142857142857143,4.148962148867962,-36.0,-32.0,-23.25,-28.0,-16.357142857142858,76.66369047616811,-17.821428571428573,65.64835164824407,3,7,0,3,191,0.43388373911755823,-0.900968867902419,1.2246467991473532e-16,-1.0,-0.12652781683868314,-0.9919630595773397
2025-07-11,1.6666666666666667,12.333333333333334,3.333333333333333,2236.0,29.333333333333336,25.142857142857142,21.74184085920495,-17.551364668728755,2252.0,2352.5,2435.6666666666665,39.0,23.0,30.0,3.0,5.5,7.0,12.0,18.5,11.666666666666666,2.0,6.0,3.6666666666666665,2311.8214285714284,1262.848213865339,2356.3928571428573,3050.995116244687,22.5,105.75000000001597,24.214285714285715,77.60439560415853,4.321428571428571,9.0982142855693,5.821428571428571,7.032967033131495,3.857142857142857,2.476190476136941,5.071428571428571,4.550061049966822,-26.000000000000004,-36.0,-17.5,-23.0,-18.178571428571427,129.181547619026,-18.392857142857142,82.74725274714562,4,7,0,3,192,-0.433883739117558,-0.9009688679024191,1.2246467991473532e-16,-1.0,-0.1435724234118113,-0.9896398128792412
2025-07-12,1.3333333333333337,12.666666666666666,3.6666666666666665,2220.0,19.666666666666668,24.71428571428571,22.02002024784352,-27.067639295462563,2236.0,2342.25,2424.333333333333,29.333333333333336,15.5,25.0,3.333333333333333,3.75,7.0,12.333333333333334,17.75,14.333333333333332,1.6666666666666667,5.0,4.333333333333333,2295.1785714285716,1622.0565471977116,2342.1309523809527,3463.493284743319,23.404761904761905,112.53571428573015,24.166666666666664,77.04273504249792,4.011904761904762,8.917658730013576,5.559523809523809,7.328449328613993,3.238095238095238,2.06349206343832,4.928571428571429,5.268009767915457,-16.0,-26.000000000000004,-11.75,-18.0,-19.392857142857142,137.58035714283602,-18.607142857142858,85.51648351637657,5,7,1,3,193,-0.9749279121818236,-0.2225209339563146,1.2246467991473532e-16,-1.0,-0.16057454459499376,-0.9870237158387383
2025-07-13,1.0,13.0,4.0,2204.0,10.0,21.714285714285715,22.28539483923852,-33.99968055352424,2220.0,2332.0,2413.0,19.666666666666668,8.0,20.0,3.6666666666666665,2.0,7.0,12.666666666666666,17.0,17.0,1.3333333333333337,4.0,5.0,2277.714285714286,1838.9047614824124,2327.535714285714,3861.681318931825,24.0,104.03703703705283,23.785714285714285,78.39072039048287,4.0,8.925925925780765,5.321428571428571,7.3833943835592315,2.7142857142857144,1.8306878306339103,4.714285714285714,6.185592185497749,-6.0,-16.0,-6.0,-13.0,-20.0,129.33333333331245,-18.464285714285715,85.98901098890393,6,7,1,3,194,-0.7818314824680299,0.6234898018587334,1.2246467991473532e-16,-1.0,-0.17752914918703497,-0.984115542601034
2025-07-14,2.0,9.0,1.0,2181.0,26.0,18.57142857142857,-24.992007839004494,32.420579267575924,2204.0,2317.0,2407.0,10.0,20.0,16.0,4.0,8.0,8.0,13.0,18.0,22.0,1.0,3.0,9.0,2259.4285714285716,1863.2857138622985,2312.6071428571427,4233.747252998237,24.285714285714285,93.94179894181468,23.071428571428573,91.35775335751508,4.285714285714286,8.164021163876159,5.107142857142857,7.251526251691265,2.2857142857142856,1.8306878306337657,4.428571428571429,7.15262515253055,-25.0,-6.0,-12.0,-8.0,-20.0,129.33333333331245,-17.964285714285715,95.37362637351892,0,7,0,3,195,0.0,1.0,1.2246467991473532e-16,-1.0,-0.19443122004766195,-0.9809161537413774
2025-07-15,0.0,8.0,5.0,2171.0,17.0,16.773809523809526,-44.6268973503646,44.85308782655508,2181.0,2306.0,2391.0,26.0,20.0,22.0,1.0,8.0,6.0,9.0,16.0,14.0,2.0,5.0,7.0,2240.0,1895.666666242123,2296.464285714286,4600.06593431743,25.142857142857142,90.51322751324317,23.785714285714285,87.62148962125208,3.2857142857142856,6.4973544972089465,4.607142857142857,7.636141636307037,2.142857142857143,1.7354497353956224,3.9285714285714284,5.7295482294533375,-12.0,-25.0,-12.0,-16.0,-21.857142857142858,118.80952380950367,-19.178571428571427,89.95604395593747,1,7,0,3,196,0.7818314824680298,0.6234898018587336,1.2246467991473532e-16,-1.0,-0.2112757555821793,-0.9774264960104055
2025-07-16,1.0,9.0,0.0,2164.0,11.0,16.32142857142857,-17.219894549244145,11.898465977815576,2171.0,2281.0,2373.0,17.0,32.0,38.0,5.0,0.0,9.0,8.0,18.0,20.0,0.0,2.0,8.0,2220.714285714286,1529.2380948124282,2280.75,4857.538461790454,24.714285714285715,96.94179894181464,23.428571428571427,90.78083028059237,2.857142857142857,3.0687830686372846,4.535714285714286,7.4932844934499485,1.4285714285714286,0.5449735449191913,3.4285714285714284,5.921855921760739,-11.0,-12.0,-32.0,-29.0,-21.857142857142858,118.80952380950367,-18.892857142857142,93.05494505483833,2,7,0,3,197,0.9749279121818236,-0.22252093395631434,1.2246467991473532e-16,-1.0,-0.2280577712215198,-0.9736476020539838
2025-07-17,3.0,16.0,2.0,2153.0,17.0,17.214285714285715,20.791543792326248,-21.005829506611963,2164.0,2252.0,2362.75,11.0,39.0,30.5,0.0,3.0,7.25,9.0,12.0,19.25,1.0,2.0,7.0,2204.0,1133.6666662400237,2265.8214285714284,5011.417582670038,21.714285714285715,108.94179894181501,21.5,82.32478632454635,2.857142857142857,3.0687830686372846,3.892857142857143,7.097680097846051,1.2857142857142858,0.49735449730009557,2.9285714285714284,4.498778998683525,-15.0,-11.0,-36.0,-23.25,-18.857142857142858,110.80952380950247,-17.607142857142858,88.20879120868344,3,7,0,3,198,0.43388373911755823,-0.900968867902419,1.2246467991473532e-16,-1.0,-0.24477230089725957,-0.9695805901076308
2025-07-18,3.25,16.5,3.25,2145.0,16.75,15.785714285714285,21.74184085920495,-20.777555144919237,2153.0,2236.0,2352.5,17.0,29.333333333333336,23.0,2.0,3.333333333333333,5.5,16.0,12.333333333333334,18.5,3.0,1.6666666666666667,6.0,2189.8571428571427,949.8095233820585,2250.839285714286,5026.111607395781,18.571428571428573,51.322751322767765,20.535714285714285,76.65033577509477,2.7142857142857144,3.1640211638753026,3.517857142857143,6.354891636307879,1.4285714285714286,0.8783068782525246,2.642857142857143,3.1361416360459966,-13.5,-15.0,-26.000000000000004,-17.5,-15.857142857142858,53.809523809501236,-17.017857142857142,85.90831043945218,4,7,0,3,199,-0.433883739117558,-0.9009688679024191,1.2246467991473532e-16,-1.0,-0.2614143985111562,-0.965226663665613
2025-07-19,3.5,17.0,4.5,2137.0,16.5,15.642857142857142,22.02002024784352,-21.16287739070066,2145.0,2220.0,2342.25,16.75,19.666666666666668,15.5,3.25,3.6666666666666665,3.75,16.5,12.666666666666666,17.75,3.25,1.3333333333333337,5.0,2176.8571428571427,733.1428567146419,2236.0178571428573,4856.23523376987,16.773809523809522,28.802579365096005,20.089285714285715,77.07100885201739,2.7023809523809526,3.1478174601715927,3.357142857142857,6.030372405538772,1.6547619047619049,1.3621031745488967,2.4464285714285716,2.2559905371447835,-12.0,-13.5,-16.0,-11.75,-14.071428571428571,33.86904761902431,-16.732142857142858,86.75446428560578,5,7,1,3,200,-0.9749279121818236,-0.2225209339563146,1.2246467991473532e-16,-1.0,-0.2779791393987801,-0.9605871111248129
2025-07-20,3.75,17.5,5.75,2129.0,16.25,16.07142857142857,22.28539483923852,-22.10682341066709,2137.0,2204.0,2332.0,16.5,10.0,8.0,4.5,4.0,2.0,17.0,13.0,17.0,3.5,1.0,4.0,2165.0,523.6666662377686,2221.3571428571427,4510.862637616477,16.321428571428573,27.181547619064304,20.160714285714285,76.43639346740207,2.8214285714285716,3.5148809522351496,3.4107142857142856,6.115880647296972,1.9642857142857142,1.8005952380410646,2.3392857142857144,1.827419108573293,-10.5,-12.0,-6.0,-6.0,-13.5,33.583333333309795,-16.75,86.5673076921992,6,7,1,3,201,-0.7818314824680299,0.6234898018587334,1.2246467991473532e-16,-1.0,-0.2944616217868012,-0.9556633054034704
2025-07-21,4.0,18.0,7.0,2121.0,16.0,17.785714285714285,-24.992007839004494,23.20629355329021,2129.0,2181.0,2317.0,16.25,26.0,20.0,5.75,1.0,8.0,17.5,9.0,18.0,3.75,2.0,3.0,2154.285714285714,352.2380948085829,2206.8571428571427,3998.901099155386,17.214285714285715,19.592261904778486,20.75,65.8632478630071,3.0714285714285716,4.639880952235287,3.6785714285714284,6.306471306637424,2.357142857142857,1.9970238094697683,2.3214285714285716,1.768009767913942,-9.0,-10.5,-25.0,-12.0,-14.142857142857142,25.2261904761672,-17.071428571428573,80.57142857132034,0,7,0,3,202,0.0,1.0,1.2246467991473532e-16,-1.0,-0.3108569682435036,-0.9504567035349151
2025-07-22,5.0,13.0,3.0,2117.0,16.0,18.34523809523809,-44.6268973503646,42.281659255126506,2121.0,2171.0,2306.0,16.0,17.0,20.0,7.0,5.0,8.0,18.0,8.0,16.0,4.0,0.0,5.0,2145.714285714286,332.2380948080931,2192.8571428571427,3421.670329925048,15.785714285714286,4.592261904778644,20.464285714285715,67.4676434674024,3.9285714285714284,5.639880952235753,3.607142857142857,5.713064713230886,2.642857142857143,2.330357142803198,2.392857142857143,1.9438339437381593,-13.0,-9.0,-12.0,-12.0,-11.857142857142858,3.892857142832945,-16.857142857142858,83.55494505483665,1,7,0,3,203,0.7818314824680298,0.6234898018587336,1.2246467991473532e-16,-1.0,-0.3271603271220951,-0.9449688462364056
2025-07-23,6.0,21.0,5.0,2111.0,14.0,17.75,-17.219894549244145,13.469894549244144,2117.0,2164.0,2281.0,16.0,11.0,32.0,3.0,0.0,0.0,13.0,9.0,18.0,5.0,1.0,2.0,2138.0,293.6666662362228,2179.3571428571427,2683.3241760793117,15.642857142857142,4.330357142873898,20.178571428571427,68.89621489597353,3.642857142857143,5.4970238093784545,3.25,4.119658119824569,3.357142857142857,1.4970238094701054,2.392857142857143,1.9438339437381593,-9.0,-13.0,-11.0,-32.0,-12.0,4.083333333309192,-16.928571428571427,82.87912087901253,2,7,0,3,204,0.9749279121818236,-0.22252093395631434,1.2246467991473532e-16,-1.0,-0.34336687399638804,-0.939201357453208
2025-07-24,6.0,18.0,7.0,2096.0,29.0,15.999999999999996,20.791543792326248,-7.791543792326244,2111.0,2153.0,2252.0,14.0,17.0,39.0,5.0,2.0,3.0,21.0,16.0,12.0,6.0,3.0,2.0,2130.4285714285716,235.61904718816754,2167.214285714286,2089.2582420137505,16.071428571428573,0.9732142857309934,18.892857142857142,59.30280830256558,4.357142857142857,2.997023809378843,3.607142857142857,3.405372405538578,4.071428571428571,1.1398809523274893,2.6785714285714284,2.844932844837226,-22.0,-9.0,-15.0,-36.0,-11.714285714285714,5.321428571404316,-15.285714285714286,67.33516483505517,3,7,0,3,205,0.43388373911755823,-0.900968867902419,1.2246467991473532e-16,-1.0,-0.3594718130884232,-0.9331559438780432
2025-07-25,4.333333333333334,16.0,5.333333333333334,2093.333333333333,20.666666666666664,15.714285714285712,21.74184085920495,-16.789459906823996,2096.0,2145.0,2236.0,29.0,16.75,29.333333333333336,7.0,3.25,3.333333333333333,18.0,16.5,12.333333333333334,6.0,3.25,1.6666666666666667,2122.285714285714,270.9047614734123,2156.0714285714284,1792.6868134426647,17.785714285714285,25.258928571445082,18.178571428571427,35.51159951135604,5.071428571428571,2.6398809522363744,3.892857142857143,4.174603174769126,4.5,1.3541666666133485,2.9642857142857144,3.570207570112117,-15.33333333333333,-22.0,-13.5,-26.000000000000004,-12.714285714285714,19.988095238071384,-14.285714285714286,36.719780219669744,4,7,0,3,206,-0.433883739117558,-0.9009688679024191,1.2246467991473532e-16,-1.0,-0.3754703786876202,-0.9268343944460494
2025-07-26,2.666666666666667,14.0,3.666666666666667,2090.6666666666665,12.333333333333332,15.14285714285714,22.02002024784352,-24.82954405736733,2093.333333333333,2137.0,2220.0,20.666666666666664,16.5,19.666666666666668,5.333333333333334,4.5,3.6666666666666665,16.0,17.0,12.666666666666666,4.333333333333334,3.5,1.3333333333333337,2114.904761904762,261.06349163172166,2145.8809523809523,1492.198412954585,18.345238095238095,26.098214285730734,17.559523809523807,26.00366300341887,5.3690476190476195,1.995039682395266,4.035714285714286,4.288156288322129,4.654761904761905,1.0704365078832419,3.154761904761905,3.545787545692203,-8.666666666666664,-15.33333333333333,-12.0,-16.0,-12.976190476190476,20.94841269838895,-13.523809523809524,25.623321123210022,5,7,1,3,207,-0.9749279121818236,-0.2225209339563146,1.2246467991473532e-16,-1.0,-0.3913578365610259,-0.9202385798054075
2025-07-27,1.0,12.0,2.0,2088.0,4.0,15.428571428571429,22.28539483923852,-33.71396626780995,2090.6666666666665,2129.0,2204.0,12.333333333333332,16.25,10.0,3.666666666666667,5.75,4.0,14.0,17.5,13.0,2.666666666666667,3.75,1.0,2108.285714285714,226.49735406520537,2136.6428571428573,1212.213064969525,17.75,31.14120370372022,17.035714285714285,27.46764346739878,5.25,2.3356481480036666,4.035714285714286,4.288156288322129,4.535714285714286,1.4904100528567463,3.25,3.2991452990500116,-2.0,-8.666666666666664,-10.5,-6.0,-12.5,23.620370370346432,-13.0,26.670940170828644,6,7,1,3,208,-0.7818314824680299,0.6234898018587334,1.2246467991473532e-16,-1.0,-0.4071294853542516,-0.9133704517637858
2025-07-28,2.0,9.0,3.0,2080.0,14.0,13.428571428571429,-24.992007839004494,25.563436410433063,2088.0,2121.0,2181.0,4.0,16.0,26.0,2.0,7.0,1.0,12.0,18.0,9.0,1.0,4.0,2.0,2102.4285714285716,183.54497311248983,2128.3571428571427,971.2899880467048,16.0,58.70370370372041,16.607142857142858,36.53357753333239,4.714285714285714,3.7195767194319465,3.892857142857143,4.584859585025535,4.142857142857143,3.2910052909518512,3.25,3.2991452990500116,-11.0,-2.0,-9.0,-25.0,-11.285714285714286,39.60846560844117,-12.714285714285714,32.12148962137787,0,7,0,3,209,0.0,1.0,1.2246467991473532e-16,-1.0,-0.4227806579826773,-0.9062320427107697
2025-07-29,2.0,8.0,3.0,2072.0,12.0,12.14285714285714,-44.6268973503646,44.48404020750746,2080.0,2117.0,2171.0,14.0,16.0,17.0,3.0,3.0,5.0,9.0,13.0,8.0,2.0,5.0,0.0,2096.5714285714284,169.87830644548995,2121.1428571428573,881.9438342007744,15.714285714285714,59.27513227514901,15.75,29.478632478386427,4.142857142857143,2.9576719575268733,4.035714285714286,3.9804639806298208,3.857142857142857,3.957671957618421,3.25,3.2991452990500116,-9.0,-11.0,-13.0,-12.0,-11.571428571428571,38.65608465606034,-11.714285714285714,19.659951159838595,1,7,0,3,210,0.7818314824680298,0.6234898018587336,1.2246467991473532e-16,-1.0,-0.4383067230125192,-0.898825465016444
2025-07-30,4.0,15.0,4.0,2063.0,16.0,11.57142857142857,-17.219894549244145,21.648465977815576,2072.0,2111.0,2164.0,12.0,14.0,11.0,3.0,5.0,0.0,8.0,21.0,9.0,2.0,6.0,1.0,2090.1428571428573,152.7354493022684,2114.0714285714284,822.6526254097848,15.142857142857142,61.179894179910974,15.392857142857142,30.30280830256187,4.142857142857143,2.9576719575268733,3.892857142857143,3.9694749696409204,3.4285714285714284,4.100529100475419,3.392857142857143,2.5848595847643803,-12.0,-9.0,-9.0,-11.0,-11.0,39.037037037012475,-11.5,20.170940170827432,2,7,0,3,211,0.9749279121818236,-0.22252093395631434,1.2246467991473532e-16,-1.0,-0.45370308603134424,-0.8911529104063088
2025-07-31,2.0,9.0,6.0,2058.0,15.0,11.714285714285712,20.791543792326248,-17.50582950661196,2063.0,2096.0,2153.0,16.0,29.0,17.0,4.0,7.0,2.0,15.0,18.0,16.0,4.0,6.0,3.0,2083.285714285714,148.1640207304513,2106.8571428571427,775.4822957396822,15.428571428571429,60.98941798943475,15.75,28.709401709155657,4.0,2.8148148146696528,4.178571428571429,2.7167277168934465,3.142857142857143,2.9576719576181794,3.607142857142857,2.123321123226043,-9.0,-12.0,-22.0,-15.0,-11.428571428571429,38.32275132272694,-11.571428571428571,20.165445665332985,3,7,0,3,212,0.43388373911755823,-0.900968867902419,1.2246467991473532e-16,-1.0,-0.46896519100763184,-0.8832166493127127
2025-08-01,3.0,14.666666666666668,5.0,2055.0,11.666666666666668,11.714285714285714,21.74184085920495,-21.789459906823996,2058.0,2093.333333333333,2145.0,15.0,20.666666666666664,16.75,6.0,5.333333333333334,3.25,9.0,16.0,16.5,2.0,4.333333333333334,3.25,2077.8571428571427,193.40211596823914,2100.0714285714284,745.7295484871519,13.428571428571429,25.656084656101637,15.607142857142858,28.610500610254405,3.857142857142857,1.957671957526718,4.464285714285714,2.5189255190910274,2.5714285714285716,1.4338624338084622,3.5357142857142856,2.2881562880611663,-6.666666666666668,-9.0,-15.33333333333333,-13.5,-9.571428571428571,16.656084656059516,-11.142857142857142,19.572039071926046,4,8,0,3,213,-0.433883739117558,-0.9009688679024191,-0.4999999999999997,-0.8660254037844388,-0.48408852163897587,-0.8750190302029955
2025-08-02,4.0,20.333333333333336,4.0,2052.0,8.333333333333334,12.0,22.02002024784352,-25.686686914510183,2055.0,2090.6666666666665,2137.0,11.666666666666668,12.333333333333332,16.5,5.0,3.666666666666667,4.5,14.666666666666668,14.0,17.0,3.0,2.666666666666667,3.5,2072.3809523809523,205.571428137244,2093.6428571428573,702.2130649708741,12.142857142857142,15.513227513244637,15.244047619047619,29.562461843465258,3.8095238095238093,1.809523809378544,4.589285714285714,2.4107524421678534,2.380952380952381,0.9047619047078684,3.517857142857143,2.3036095847644527,-4.333333333333334,-6.666666666666668,-8.666666666666664,-12.0,-8.333333333333332,10.740740740715097,-10.654761904761903,20.429334554221132,5,8,1,3,214,-0.9749279121818236,-0.2225209339563146,-0.4999999999999997,-0.8660254037844388,-0.4990686026885319,-0.8665624788845385
2025-08-03,5.0,26.0,3.0,2049.0,5.0,11.571428571428571,22.28539483923852,-28.856823410667094,2052.0,2088.0,2129.0,8.333333333333334,4.0,16.25,4.0,2.0,5.75,20.333333333333336,12.0,17.5,4.0,1.0,3.75,2066.8571428571427,183.47619004169712,2087.5714285714284,651.3064715644746,11.571428571428571,17.544973544990732,14.660714285714286,32.74835927936208,3.857142857142857,1.80952380937857,4.553571428571429,2.435477716893156,2.5714285714285716,1.2857142856603139,3.5535714285714284,2.32009310124799,-2.0,-4.333333333333334,-2.0,-10.5,-7.714285714285714,12.941798941773046,-10.107142857142858,23.041056165942297,6,8,1,3,215,-0.7818314824680299,0.6234898018587334,-0.4999999999999997,-0.8660254037844388,-0.5139010013093103,-0.8578494977869301
2025-08-04,5.0,22.0,11.0,2040.0,14.0,11.857142857142858,-24.992007839004494,27.13486498186164,2049.0,2080.0,2121.0,5.0,14.0,16.0,3.0,3.0,7.0,26.0,9.0,18.0,5.0,2.0,4.0,2061.285714285714,125.90476146996018,2081.8571428571427,598.5592188174071,11.714285714285714,15.164021164038337,13.857142857142858,39.037851037602984,4.0,1.3333333331881714,4.357142857142857,2.4694749696405607,3.142857142857143,1.4761904761366977,3.642857142857143,2.46947496937991,-3.0,-2.0,-11.0,-9.0,-7.714285714285714,12.941798941773046,-9.5,27.68803418791983,0,8,0,3,216,0.0,1.0,-0.4999999999999997,-0.8660254037844388,-0.5285813283559292,-0.8488826652214553
2025-08-05,2.0,21.0,10.0,2042.0,14.0,12.38095238095238,-44.6268973503646,46.24594496941222,2040.0,2072.0,2117.0,14.0,12.0,16.0,11.0,3.0,3.0,22.0,8.0,13.0,5.0,2.0,5.0,2055.5714285714284,104.95238051726157,2076.0714285714284,579.4218561802343,11.714285714285714,15.164021164038337,13.714285714285714,38.66422466397646,5.142857142857143,7.809523809379271,4.642857142857143,5.23870573887111,3.5714285714285716,1.6190476189939853,3.7142857142857144,2.595848595753578,-4.0,-3.0,-9.0,-13.0,-6.571428571428571,13.322751322724963,-9.071428571428571,30.721001220886514,1,8,0,3,217,0.7818314824680298,0.6234898018587336,-0.4999999999999997,-0.8660254037844388,-0.5431052396834317,-0.8396646346181327
2025-08-06,4.0,17.0,3.0,2036.0,13.0,13.142857142857142,-17.219894549244145,17.077037406387003,2042.0,2063.0,2111.0,14.0,16.0,14.0,10.0,4.0,5.0,21.0,15.0,21.0,2.0,4.0,6.0,2051.285714285714,69.23809480273886,2070.714285714286,508.95482321337903,12.0,15.925925925943067,13.571428571428571,38.2466422463939,6.142857142857143,9.809523809379813,5.142857142857143,6.969474969639953,3.5714285714285716,1.6190476189939853,3.5,2.6452991452040036,-10.0,-4.0,-12.0,-9.0,-5.857142857142857,12.846560846534196,-8.428571428571429,31.067155067039838,2,8,0,3,218,0.9749279121818236,-0.22252093395631434,-0.4999999999999997,-0.8660254037844388,-0.5574684374327892,-0.8301981337405212
2025-08-07,4.0,18.0,6.0,2031.0,17.0,14.14285714285714,20.791543792326248,-17.93440093518339,2036.0,2058.0,2096.0,13.0,15.0,29.0,3.0,6.0,7.0,17.0,9.0,18.0,4.0,2.0,6.0,2047.4285714285713,67.95238051681139,2065.3571428571427,445.90537266410587,11.571428571428571,13.211640211657398,13.5,38.25213675188832,6.0,10.666666666522595,5.0,7.2991452993103945,3.5714285714285716,1.6190476189939853,3.357142857142857,2.161782661687437,-11.0,-10.0,-9.0,-22.0,-5.571428571428571,9.322751322724555,-8.5,31.22649572638056,3,8,0,3,219,0.43388373911755823,-0.900968867902419,-0.4999999999999997,-0.8660254037844388,-0.5716666713027052,-0.8204859638785327
2025-08-08,2.666666666666667,18.0,6.666666666666667,2022.6666666666667,15.333333333333334,14.428571428571429,21.74184085920495,-20.837078954443044,2031.0,2055.0,2093.333333333333,17.0,11.666666666666668,20.666666666666664,6.0,5.0,5.333333333333334,18.0,14.666666666666668,16.0,4.0,3.0,4.333333333333334,2043.5714285714287,76.95238051659776,2060.714285714286,441.2625155214006,11.857142857142858,16.068783068800226,12.642857142857142,19.92246642221708,6.0,10.666666666522595,4.928571428571429,7.062881563046714,3.857142857142857,1.1428571428036058,3.2142857142857144,1.6343101342148265,-8.666666666666668,-11.0,-6.666666666666668,-15.33333333333333,-5.857142857142857,12.17989417986753,-7.714285714285714,17.023199023083215,4,8,0,3,220,-0.433883739117558,-0.9009688679024191,-0.4999999999999997,-0.8660254037844388,-0.5856957398073508,-0.8105309990194823
2025-08-09,1.3333333333333337,18.0,7.333333333333333,2014.3333333333333,13.666666666666668,13.714285714285712,22.02002024784352,-22.067639295462563,2022.6666666666667,2052.0,2090.6666666666665,15.333333333333334,8.333333333333334,12.333333333333332,6.666666666666667,4.0,3.666666666666667,18.0,20.333333333333336,14.0,2.666666666666667,4.0,2.666666666666667,2038.952380952381,103.12698369094501,2055.6666666666665,443.33333359238253,12.38095238095238,17.75661375663086,12.261904761904763,15.370573870324128,6.238095238095238,10.507936507792566,5.023809523809524,7.27289377305885,3.8095238095238093,1.2539682539147006,3.095238095238095,1.5457875456921688,-6.333333333333335,-8.666666666666668,-4.333333333333334,-8.666666666666664,-6.142857142857143,13.291005290978758,-7.238095238095239,12.38339438327819,5,8,1,3,221,-0.9749279121818236,-0.2225209339563146,-0.4999999999999997,-0.8660254037844388,-0.5995514915196489,-0.8003361849976323
2025-08-10,0.0,18.0,8.0,2006.0,12.0,14.285714285714285,22.28539483923852,-24.571109124952805,2014.3333333333333,2049.0,2088.0,13.666666666666668,5.0,4.0,7.333333333333333,3.0,2.0,18.0,26.0,12.0,1.3333333333333337,5.0,1.0,2033.5714285714287,141.9894175530815,2050.214285714286,448.5061052653284,13.142857142857142,14.624338624355646,12.357142857142858,15.512210011960374,6.714285714285714,9.608465608321925,5.285714285714286,7.467643467808342,3.4285714285714284,2.100529100475418,3.0,1.7606837605883283,-4.0,-6.333333333333335,-2.0,-2.0,-6.428571428571429,12.656084656058239,-7.071428571428571,12.259462759346432,6,8,1,3,222,-0.7818314824680299,0.6234898018587334,-0.4999999999999997,-0.8660254037844388,-0.6132298262997502,-0.7899045386224707
2025-08-11,6.0,23.0,4.0,1999.0,16.0,13.428571428571429,-24.992007839004494,27.563436410433063,2006.0,2040.0,2080.0,12.0,14.0,14.0,8.0,11.0,3.0,18.0,22.0,9.0,0.0,5.0,2.0,2027.4285714285713,184.98941755274086,2044.357142857143,452.1105008699084,14.142857142857142,2.624338624355543,12.928571428571429,9.797924297675264,7.428571428571429,6.989417989274695,5.714285714285714,7.006105006269549,2.7142857142857144,3.0529100528561295,2.9285714285714284,2.139804639709166,-12.0,-4.0,-3.0,-11.0,-6.714285714285714,10.275132275105973,-7.214285714285714,10.984737484621272,0,8,0,3,223,0.0,1.0,-0.4999999999999997,-0.8660254037844388,-0.6267266965083301,-0.7792391467859886
2025-08-12,8.0,38.0,9.0,1999.0,9.0,12.428571428571429,-44.6268973503646,41.19832592179317,1999.0,2042.0,2072.0,16.0,14.0,12.0,4.0,10.0,3.0,23.0,21.0,8.0,6.0,2.0,2.0,2021.5714285714287,253.32275088575122,2038.5714285714287,476.588522848111,14.428571428571429,3.1005291005459905,13.071428571428571,10.413308913060034,6.428571428571429,5.656084655940819,5.785714285714286,6.659951160115648,2.857142857142857,3.957671957618082,3.2142857142857144,2.7112332111379036,0.0,-12.0,-4.0,-9.0,-8.0,10.703703703677917,-7.285714285714286,11.638583638467484,1,8,0,3,224,0.7818314824680298,0.6234898018587336,-0.4999999999999997,-0.8660254037844388,-0.6400381082043503,-0.7683431655492202
2025-08-13,6.0,22.0,12.0,1997.0,17.0,11.285714285714285,-17.219894549244145,22.93418026352986,1999.0,2036.0,2063.0,9.0,13.0,16.0,9.0,3.0,4.0,38.0,17.0,15.0,8.0,4.0,4.0,2015.4285714285713,224.6560842187473,2033.357142857143,481.8028085625581,13.714285714285714,7.386243386260347,12.857142857142858,11.550671550422443,6.285714285714286,4.608465608321693,6.214285714285714,6.659951160115317,3.7142857142857144,7.3862433861898,3.642857142857143,4.161782661687604,-5.0,0.0,-10.0,-12.0,-7.428571428571429,18.322751322725306,-6.642857142857143,15.050671550554878,2,8,0,3,225,0.9749279121818236,-0.22252093395631434,-0.4999999999999997,-0.8660254037844388,-0.65316012232693,-0.7572198192083127
2025-08-14,3.0,27.0,4.0,1994.0,11.0,10.0,20.791543792326248,-19.791543792326248,1997.0,2031.0,2058.0,17.0,17.0,15.0,12.0,6.0,6.0,22.0,18.0,9.0,6.0,4.0,2.0,2009.857142857143,174.51322707558379,2028.642857142857,491.95665471654996,14.285714285714286,8.719576719593624,12.928571428571429,12.105616605367572,7.571428571428571,6.322751322608106,6.785714285714286,8.506105006268722,4.0,8.148148148094657,3.7857142857142856,4.557387057292082,-7.0,-5.0,-11.0,-9.0,-6.714285714285714,17.608465608439303,-6.142857142857143,12.781440781323703,3,8,0,3,226,0.43388373911755823,-0.900968867902419,-0.4999999999999997,-0.8660254037844388,-0.666088855860977,-0.7458723993404063
2025-08-15,3.333333333333333,22.666666666666668,3.333333333333333,1993.0,8.333333333333334,9.714285714285715,21.74184085920495,-23.12279324015733,1994.0,2022.6666666666667,2055.0,11.0,15.333333333333334,11.666666666666668,4.0,6.666666666666667,5.0,27.0,18.0,14.666666666666668,3.0,2.666666666666667,3.0,2004.5714285714287,109.32275088481629,2024.0714285714287,495.4731382331737,13.428571428571429,8.43386243387942,12.642857142857142,11.973748473499139,7.285714285714286,7.94179894165557,6.642857142857143,9.033577533741358,3.857142857142857,8.291005290951752,3.857142857142857,4.35409035399542,-5.000000000000001,-7.0,-8.666666666666668,-6.666666666666668,-6.142857142857143,14.179894179867645,-6.0,12.188034187916996,4,8,0,3,227,-0.433883739117558,-0.9009688679024191,-0.4999999999999997,-0.8660254037844388,-0.6788204829862355,-0.734304263829602
2025-08-16,3.6666666666666665,18.333333333333336,2.666666666666667,1992.0,5.666666666666667,10.0,22.02002024784352,-26.35335358117685,1993.0,2014.3333333333333,2052.0,8.333333333333334,13.666666666666668,8.333333333333334,3.333333333333333,7.333333333333333,4.0,22.666666666666668,18.0,20.333333333333336,3.333333333333333,1.3333333333333337,4.0,2000.3333333333335,56.11111067294305,2019.642857142857,475.0335777937493,12.428571428571429,10.98941798943507,12.404761904761907,13.268009767760178,6.80952380952381,10.216931216787588,6.523809523809524,9.65323565339957,3.9523809523809526,8.089947089893583,3.880952380952381,4.318070817975898,-3.0,-5.000000000000001,-6.333333333333335,-4.333333333333334,-5.6190476190476195,13.01587301584627,-5.8809523809523805,12.215506715389427,5,8,1,3,228,-0.9749279121818236,-0.2225209339563146,-0.4999999999999997,-0.8660254037844388,-0.6913512362094071,-0.722518835873311
2025-08-17,4.0,14.0,2.0,1991.0,3.0,9.0,22.28539483923852,-28.28539483923852,1992.0,2006.0,2049.0,5.666666666666667,12.0,5.0,2.666666666666667,8.0,3.0,18.333333333333336,18.0,26.0,3.6666666666666665,0.0,5.0,1997.142857142857,23.142856704514998,2015.357142857143,433.4951162554202,11.285714285714286,16.83068783070502,12.214285714285714,15.446275946026152,6.142857142857143,12.513227513083521,6.428571428571429,10.297924298088288,4.285714285714286,6.830687830634435,3.857142857142857,4.319902319807386,-1.0,-3.0,-4.0,-2.0,-5.142857142857144,13.809523809496872,-5.785714285714286,12.659951159833794,6,8,1,3,229,-0.7818314824680299,0.6234898018587334,-0.4999999999999997,-0.8660254037844388,-0.7036774074790128,-0.7105196029692745
2025-08-18,4.0,20.0,6.0,1985.0,14.0,10.428571428571429,-24.992007839004494,28.563436410433063,1991.0,1999.0,2040.0,3.0,16.0,14.0,2.0,4.0,11.0,14.0,23.0,22.0,4.0,6.0,5.0,1995.0,10.999999561540456,2011.2142857142858,373.5830283434603,10.0,26.259259259276572,12.071428571428571,17.951770451520506,5.285714285714286,13.941798941654483,6.357142857142857,10.896825396989444,4.857142857142857,3.4021164020631987,3.7857142857142856,4.21550671541174,-8.0,-1.0,-12.0,-3.0,-4.714285714285715,16.23809523806813,-5.714285714285714,13.313797313679892,0,8,0,3,230,0.0,1.0,-0.4999999999999997,-0.8660254037844388,-0.7157953492826642,-0.6983101158835584
2025-08-19,5.0,35.0,3.0,1980.0,11.0,11.476190476190474,-44.6268973503646,44.150706874174126,1985.0,1999.0,2042.0,14.0,9.0,14.0,6.0,9.0,10.0,20.0,38.0,21.0,4.0,8.0,2.0,1993.0,20.33333289476442,2007.2857142857142,346.08302834358165,9.714285714285714,22.83068783070517,12.071428571428571,17.951770451520506,5.571428571428571,13.656084655940353,6.0,9.111111111275436,4.571428571428571,3.211640211586912,3.7142857142857144,4.100122100027082,-8.0,-8.0,0.0,-4.0,-4.142857142857143,8.809523809496472,-6.071428571428571,13.011599511482379,1,8,0,3,231,0.7818314824680298,0.6234898018587336,-0.4999999999999997,-0.8660254037844388,-0.7277014757264236,-0.6858939875998223
2025-08-20,10.0,38.0,10.0,1983.0,10.0,12.142857142857144,-17.219894549244145,15.077037406387,1980.0,1997.0,2036.0,11.0,17.0,13.0,3.0,12.0,3.0,35.0,22.0,17.0,5.0,6.0,4.0,1990.2857142857142,33.90476146604464,2002.857142857143,289.5335777942674,10.0,22.925925925943236,11.857142857142858,17.70451770426753,4.714285714285714,11.94179894165417,5.5,8.303418803583515,4.142857142857143,1.0687830687296245,3.9285714285714284,3.9517704516755594,0.0,-8.0,-5.0,-10.0,-5.285714285714286,6.904761904735023,-6.357142857142857,12.879731379614478,2,8,0,3,232,0.9749279121818236,-0.22252093395631434,-0.4999999999999997,-0.8660254037844388,-0.7393922635959241,-0.673274892250183
2025-08-21,6.0,49.0,8.0,1972.0,21.0,12.428571428571429,20.791543792326248,-12.220115220897677,1983.0,1994.0,2031.0,10.0,11.0,17.0,10.0,4.0,6.0,38.0,27.0,18.0,10.0,3.0,4.0,1988.2857142857142,30.57142813260164,1999.0714285714287,219.9346766954837,9.0,13.592592592609998,11.642857142857142,17.819902319651916,4.428571428571429,7.656084655939729,6.0,9.111111111275436,4.714285714285714,5.83068783063458,4.357142857142857,6.589133089038446,-13.0,0.0,-7.0,-11.0,-4.571428571428571,10.952380952353787,-5.642857142857143,14.418192918075437,3,8,0,3,233,0.43388373911755823,-0.900968867902419,-0.4999999999999997,-0.8660254037844388,-0.7508642533989489,-0.6604565640279754
2025-08-22,5.333333333333333,39.66666666666667,7.0,1975.0,15.666666666666668,11.999999999999998,21.74184085920495,-18.07517419253828,1972.0,1993.0,2022.6666666666667,21.0,8.333333333333334,15.333333333333334,8.0,3.333333333333333,6.666666666666667,49.0,22.666666666666668,18.0,6.0,3.333333333333333,2.666666666666667,1985.142857142857,57.80952337052486,1994.857142857143,178.76434702528556,10.428571428571429,34.54497354499082,11.928571428571429,22.25946275921266,5.0,9.370370370225752,6.142857142857143,9.39682539698961,5.142857142857143,5.402116402063296,4.5,6.764957264862706,-8.666666666666668,-13.0,-5.000000000000001,-8.666666666666668,-5.428571428571429,20.95238095235413,-5.785714285714286,16.352258852141485,4,8,0,3,234,-0.433883739117558,-0.9009688679024191,-0.4999999999999997,-0.8660254037844388,-0.7621140503891487,-0.6474427960827475
2025-08-23,4.666666666666667,30.333333333333336,6.0,1978.0,10.333333333333334,12.57142857142857,22.02002024784352,-24.258115485938752,1975.0,1992.0,2014.3333333333333,15.666666666666668,5.666666666666667,13.666666666666668,7.0,2.666666666666667,7.333333333333333,39.66666666666667,18.333333333333336,18.0,5.333333333333333,3.6666666666666665,1.3333333333333337,1982.5714285714287,56.952380513241145,1991.4523809523812,137.12148988253497,11.476190476190478,37.10582010583728,11.95238095238095,22.442002441752365,5.523809523809525,9.253968253823919,6.166666666666667,9.431623931788126,5.428571428571429,4.7671957671427565,4.69047619047619,6.520757020662573,-4.333333333333334,-8.666666666666668,-3.0,-6.333333333333335,-5.952380952380953,22.349206349179738,-5.785714285714286,16.352258852141485,5,8,1,3,235,-0.9749279121818236,-0.2225209339563146,-0.4999999999999997,-0.8660254037844388,-0.7731383255706026,-0.6342374393978054
2025-08-24,4.0,21.0,5.0,1981.0,5.0,13.857142857142856,22.28539483923852,-31.14253769638137,1978.0,1991.0,2006.0,10.333333333333334,3.0,12.0,6.0,2.0,8.0,30.333333333333336,14.0,18.0,4.666666666666667,4.0,0.0,1980.5714285714287,40.952380513131175,1988.857142857143,103.5164837776104,12.142857142857142,31.17989417991129,11.714285714285714,22.356532356282028,6.0,7.66666666652259,6.071428571428571,9.319291819456089,5.571428571428571,4.322751322698361,4.928571428571429,5.592796092701784,0.0,-4.333333333333334,-1.0,-4.0,-6.142857142857143,21.291005290978756,-5.642857142857143,16.46947496935749,6,8,1,3,236,-0.7818314824680299,0.6234898018587334,-0.4999999999999997,-0.8660254037844388,-0.7839338166829201,-0.620844401650647
2025-08-25,8.0,30.0,8.0,1980.0,11.0,13.285714285714285,-24.992007839004494,22.70629355329021,1981.0,1985.0,1999.0,5.0,14.0,16.0,5.0,6.0,4.0,21.0,20.0,23.0,4.0,4.0,6.0,1979.142857142857,20.476190036862086,1987.0714285714287,82.22527498645792,12.428571428571429,25.65608465610174,11.214285714285714,25.548840048589184,6.428571428571429,4.952380952237108,5.857142857142857,9.072039072203507,5.571428571428571,4.322751322698361,5.214285714285714,3.70268620259206,-3.0,0.0,-8.0,-12.0,-6.0,23.14814814812156,-5.357142857142857,18.62332112320341,0,8,0,3,237,0.0,1.0,-0.4999999999999997,-0.8660254037844388,-0.7944973291665992,-0.6072676460566135
2025-08-26,10.0,21.0,20.0,1989.0,15.0,13.047619047619047,-44.6268973503646,46.57927830274555,1980.0,1980.0,1999.0,11.0,11.0,9.0,8.0,3.0,9.0,30.0,35.0,38.0,8.0,5.0,8.0,1978.4285714285713,14.28571384634642,1985.7142857142858,73.14285740408307,12.0,25.3703703703875,10.857142857142858,23.653235652984407,6.714285714285714,5.238095237951547,6.142857142857143,9.072039072203285,6.142857142857143,4.513227513174743,5.357142857142857,4.230158730064671,5.0,-3.0,-8.0,0.0,-5.285714285714286,23.386243386216517,-4.714285714285714,15.211233211114976,1,8,0,3,238,0.7818314824680298,0.6234898018587336,-0.4999999999999997,-0.8660254037844388,-0.8048257371083452,-0.593511190196115
2025-08-27,5.0,19.0,9.0,1988.0,19.0,13.142857142857142,-17.219894549244145,23.077037406387003,1989.0,1983.0,1997.0,15.0,10.0,17.0,20.0,10.0,12.0,21.0,38.0,22.0,10.0,10.0,6.0,1979.7142857142858,30.57142813213201,1985.0,59.846154107402285,12.571428571428571,26.322751322768394,11.285714285714286,24.51037851012772,9.142857142857142,25.4761904760481,6.928571428571429,22.550061050224652,6.857142857142857,6.17989417984165,5.5,5.329059828965852,-10.0,5.0,0.0,-5.0,-3.4285714285714284,35.767195767168154,-4.357142857142858,20.623321123202597,2,8,0,3,239,0.9749279121818236,-0.22252093395631434,-0.4999999999999997,-0.8660254037844388,-0.8149159841660791,-0.5795791048257612
2025-08-28,8.0,33.0,6.0,1984.0,17.0,13.571428571428571,20.791543792326248,-17.36297236375482,1988.0,1972.0,1994.0,19.0,21.0,11.0,9.0,8.0,4.0,19.0,49.0,27.0,5.0,6.0,3.0,1980.4285714285713,39.61904717979106,1984.357142857143,49.01648377775242,13.857142857142858,30.179894179911116,11.428571428571429,26.554334554083916,9.0,25.33333333319088,6.714285714285714,20.852258852422622,6.142857142857143,4.513227513174743,5.428571428571429,5.323565323471305,-11.0,-10.0,-13.0,-7.0,-4.857142857142857,38.624338624311584,-4.714285714285714,22.90354090342267,3,8,0,3,240,0.43388373911755823,-0.900968867902419,-0.4999999999999997,-0.8660254037844388,-0.8247650844733614,-0.5654755126737576
2025-08-29,8.5,32.0,8.75,1990.5,14.0,12.714285714285712,21.74184085920495,-20.45612657349066,1984.0,1975.0,1993.0,17.0,15.666666666666668,8.333333333333334,6.0,7.0,3.333333333333333,33.0,39.66666666666667,22.666666666666668,8.0,5.333333333333333,3.333333333333333,1982.142857142857,26.47619003702999,1983.642857142857,41.32417608546758,13.285714285714286,22.941798941815936,11.857142857142858,28.730158729908545,8.714285714285714,26.571428571285963,6.857142857142857,20.30280830297196,6.428571428571429,4.989417989365315,5.785714285714286,5.241147741053931,-5.25,-11.0,-8.666666666666668,-5.000000000000001,-4.571428571428571,33.76719576716861,-5.0,25.452991452873448,4,8,0,3,241,-0.433883739117558,-0.9009688679024191,-0.4999999999999997,-0.8660254037844388,-0.8343701235229538,-0.5512045872199277
2025-08-30,9.0,31.0,11.5,1997.0,11.0,11.857142857142854,22.02002024784352,-22.877163104986373,1990.5,1978.0,1992.0,14.0,10.333333333333334,5.666666666666667,8.75,6.0,2.666666666666667,32.0,30.333333333333336,18.333333333333336,8.5,4.666666666666667,3.6666666666666665,1984.357142857143,23.89285670382102,1983.4642857142858,38.17170355800075,13.047619047619047,22.015873015890033,12.261904761904761,27.951770451520698,8.964285714285714,26.008928571286095,7.244047619047619,19.46203449344785,6.8809523809523805,5.265873015820494,6.154761904761905,5.198565323471728,0.5,-5.25,-4.333333333333334,-3.0,-4.083333333333334,30.770833333305976,-5.017857142857143,25.457455738587747,5,8,1,3,242,-0.9749279121818236,-0.2225209339563146,-0.4999999999999997,-0.8660254037844388,-0.8437282590292712,-0.5367705514607103
2025-08-31,9.5,30.0,14.25,2003.5,8.0,10.571428571428571,22.28539483923852,-24.85682341066709,1997.0,1981.0,1991.0,11.0,5.0,3.0,11.5,5.0,2.0,31.0,21.0,14.0,9.0,4.0,4.0,1987.0714285714287,35.202380513497246,1983.8214285714287,46.52335190963749,13.142857142857142,21.47619047620748,12.642857142857142,24.572039071789725,9.75,24.895833333191277,7.875,18.814903846316714,7.5,4.749999999947688,6.535714285714286,5.188797313703942,6.25,0.5,0.0,-1.0,-3.392857142857143,33.70535714282951,-4.767857142857143,27.418994200126004,6,8,1,3,243,-0.7818314824680299,0.6234898018587334,-0.4999999999999997,-0.8660254037844388,-0.8528367217694595,-0.522177676659508
2025-09-01,10.0,29.0,17.0,2010.0,5.0,10.142857142857142,-24.992007839004494,19.84915069614735,2003.5,1980.0,1985.0,8.0,11.0,14.0,14.25,8.0,6.0,30.0,30.0,20.0,9.5,8.0,4.0,1990.2857142857142,61.98809479939152,1984.7142857142858,71.4890112502678,13.571428571428571,14.619047619064581,13.0,18.94017093992197,11.071428571428571,22.473214285572936,8.75,18.461538461700652,8.285714285714286,2.654761904709858,6.928571428571429,5.203907203814063,12.0,6.25,-3.0,-8.0,-2.5,46.35416666663868,-4.25,35.37606837594976,0,9,0,3,244,0.0,1.0,-0.8660254037844385,-0.5000000000000004,-0.8616928164028522,-0.5074302810827518
2025-09-02,6.0,35.0,9.0,2020.0,9.0,9.809523809523808,-44.6268973503646,43.81737354084079,2010.0,1989.0,1980.0,5.0,15.0,11.0,17.0,20.0,3.0,29.0,21.0,35.0,10.0,10.0,5.0,1994.5714285714287,87.70238051391698,1986.5,117.23076949196762,12.714285714285714,24.90476190477895,12.357142857142858,23.341269841020186,12.357142857142858,24.83035714271648,9.535714285714286,22.450549450711037,8.571428571428571,3.035714285662335,7.357142857142857,5.0720390719461825,0.0,12.0,5.0,-8.0,-0.35714285714285715,75.99702380949496,-2.8214285714285716,52.40903540891563,1,9,0,3,245,0.7818314824680298,0.6234898018587336,-0.8660254037844385,-0.5000000000000004,-0.8702939222685674,-0.49253272872205434
2025-09-03,4.0,29.0,11.0,2019.0,10.0,9.571428571428571,-17.219894549244145,17.648465977815576,2020.0,1988.0,1983.0,9.0,19.0,10.0,9.0,9.0,10.0,35.0,19.0,38.0,6.0,5.0,10.0,1999.0,167.41666622845003,1989.357142857143,191.51648377758818,11.857142857142858,25.476190476207606,12.214285714285714,24.044566544316737,10.785714285714286,14.0922619046204,9.964285714285714,18.989010989172247,8.0,3.4166666666145242,7.428571428571429,4.780830280737433,1.0,0.0,-10.0,0.0,-1.0714285714285714,70.63988095235239,-2.25,50.60683760671736,2,9,0,3,246,0.9749279121818236,-0.22252093395631434,-0.8660254037844385,-0.5000000000000004,-0.8786374941610001,-0.4774894280028391
2025-09-04,11.0,40.0,2.0,2015.0,14.0,9.428571428571429,20.791543792326248,-16.220115220897675,2019.0,1984.0,1972.0,10.0,17.0,21.0,11.0,6.0,8.0,29.0,33.0,49.0,4.0,8.0,6.0,2003.4285714285713,191.03571384774378,1991.9285714285713,248.87912114014156,10.571428571428571,15.619047619064878,12.214285714285714,24.044566544316737,11.071428571428571,13.473214285572935,10.035714285714286,19.065934066095267,7.857142857142857,4.55952380947162,7.0,4.97863247853938,-12.0,1.0,-11.0,-13.0,0.5,55.18749999997081,-2.1785714285714284,51.02442002429972,3,9,0,3,247,0.43388373911755823,-0.900968867902419,-0.8660254037844385,-0.5000000000000004,-0.886721063082993,-0.46230483047981086
2025-09-05,8.666666666666668,33.0,4.333333333333333,2018.6666666666667,11.666666666666668,9.571428571428571,21.74184085920495,-19.64660276396685,2015.0,1990.5,1975.0,14.0,14.0,15.666666666666668,2.0,8.75,7.0,40.0,32.0,39.66666666666667,11.0,8.5,5.333333333333333,2007.857142857143,127.55952337179832,1995.0,249.11538487630554,10.142857142857142,10.476190476207778,11.714285714285714,18.083028082777744,10.5,22.52083333319168,9.607142857142858,23.51648351664505,8.285714285714286,5.988095238043191,7.357142857142857,5.995115995023105,-7.333333333333335,-12.0,-5.25,-8.666666666666668,0.35714285714285715,59.16369047616134,-2.107142857142857,49.43101343089307,4,9,0,3,248,-0.433883739117558,-0.9009688679024191,-0.8660254037844385,-0.5000000000000004,-0.8945422369764496,-0.4469834295196741
2025-09-06,6.333333333333334,26.0,6.666666666666666,2022.3333333333333,9.333333333333334,10.285714285714285,22.02002024784352,-22.972401200224468,2018.6666666666667,1997.0,1978.0,11.666666666666668,11.0,10.333333333333334,4.333333333333333,11.5,6.0,33.0,31.0,30.333333333333336,8.666666666666668,9.0,4.666666666666667,2011.8809523809523,77.9325392450358,1998.1190476190475,250.95482321564285,9.80952380952381,8.25396825398559,11.428571428571429,16.793650793400147,9.869047619047619,27.883928571286585,9.416666666666668,25.094017094178774,8.30952380952381,6.003968253916216,7.595238095238096,5.750915750823001,-2.666666666666668,-7.333333333333335,0.5,-4.333333333333334,0.05952380952380931,63.67757936505035,-2.011904761904762,48.21245421233378,5,9,1,3,249,-0.9749279121818236,-0.2225209339563146,-0.8660254037844385,-0.5000000000000004,-0.9020987014301837,-0.43152975897147144
2025-09-07,4.0,19.0,9.0,2026.0,7.0,11.428571428571429,22.28539483923852,-26.71396626780995,2022.3333333333333,2003.5,1981.0,9.333333333333334,8.0,5.0,6.666666666666666,14.25,5.0,26.0,30.0,21.0,6.333333333333334,9.5,4.0,2015.5,43.953703266398726,2001.2857142857142,254.12148988220667,9.571428571428571,7.98941798943535,11.357142857142858,17.033577533326813,9.178571428571429,28.593584655942298,9.464285714285714,24.775335775497425,7.928571428571429,6.4060846560324896,7.714285714285714,5.198412698320018,2.0,-2.666666666666668,6.25,0.0,-0.39285714285714324,64.64517195764311,-1.892857142857143,47.815628815508276,6,9,1,3,250,-0.7818314824680299,0.6234898018587334,-0.8660254037844385,-0.5000000000000004,-0.9093882203647925,-0.4159483918249421
2025-09-08,7.0,25.0,5.0,2025.0,6.0,10.285714285714285,-24.992007839004494,20.70629355329021,2026.0,2010.0,1980.0,7.0,5.0,11.0,9.0,17.0,8.0,19.0,29.0,30.0,4.0,10.0,8.0,2018.7142857142858,26.275131838004313,2004.5,258.32478658539975,9.428571428571429,8.656084656102033,11.5,15.363247862997294,8.428571428571429,23.656084655941896,9.75,23.1709401711016,7.142857142857143,7.846560846508417,7.714285714285714,5.198412698320018,-1.0,2.0,12.0,-3.0,-1.0000000000000004,57.81481481478622,-1.75,48.68376068364004,0,9,0,3,251,0.0,1.0,-0.8660254037844385,-0.5000000000000004,-0.9164086366943458,-0.4002439388573056
2025-09-09,18.0,42.0,11.0,2023.0,14.0,9.428571428571429,-44.6268973503646,49.19832592179317,2025.0,2020.0,1989.0,6.0,9.0,15.0,5.0,9.0,20.0,25.0,35.0,21.0,7.0,6.0,10.0,2020.857142857143,14.846560409550657,2007.7142857142858,233.35225911276805,9.571428571428571,7.322751322768684,11.142857142857142,17.533577533326586,6.714285714285714,9.941798941655268,9.535714285714286,24.621489621651214,6.714285714285714,6.275132275079702,7.642857142857143,5.225885225792504,-3.0,-1.0,0.0,5.0,-2.8571428571428577,25.624338624310766,-1.6071428571428572,48.58485958473882,1,9,0,3,252,0.7818314824680298,0.6234898018587336,-0.8660254037844385,-0.5000000000000004,-0.9231578729647039,-0.38442104726885545
2025-09-10,10.0,47.0,14.0,2025.0,18.0,8.857142857142858,-17.219894549244145,26.362751692101288,2023.0,2019.0,1988.0,14.0,10.0,19.0,11.0,11.0,9.0,42.0,29.0,19.0,18.0,4.0,5.0,2021.2857142857142,15.27513183814564,2010.142857142857,218.03357779400812,10.285714285714286,9.941798941816225,11.071428571428571,17.011599511348486,7.0,12.037037036893516,8.892857142857142,15.918192918355002,8.428571428571429,23.989417989365986,8.214285714285714,12.698412698320311,-4.0,-3.0,1.0,-10.0,-3.285714285714286,24.052910052882368,-2.1785714285714284,45.02442002429973,2,9,0,3,253,0.9749279121818236,-0.22252093395631434,-0.8660254037844385,-0.5000000000000004,-0.9296339319682695,-0.3684843993077793
2025-09-11,12.0,38.0,29.0,2047.0,6.0,8.571428571428571,20.791543792326248,-23.36297236375482,2025.0,2015.0,1984.0,18.0,14.0,17.0,14.0,2.0,6.0,47.0,40.0,33.0,10.0,11.0,8.0,2022.142857142857,15.846560409621196,2012.7857142857142,189.7753360356812,11.428571428571429,18.32275132276848,11.0,15.863247862996765,7.428571428571429,17.32275132260803,9.25,17.7863247864866,9.285714285714286,20.275132275080555,8.571428571428571,12.011599511507335,23.0,-4.0,-12.0,-11.0,-4.000000000000001,20.48148148145408,-1.75,40.37606837594773,3,9,0,3,254,0.43388373911755823,-0.900968867902419,-0.8660254037844385,-0.5000000000000004,-0.9358348973349941,-0.35243871088460327
2025-09-12,10.333333333333334,38.333333333333336,23.666666666666668,2059.0,5.666666666666667,9.142857142857142,21.74184085920495,-25.218031335395423,2047.0,2018.6666666666667,1990.5,6.0,11.666666666666668,14.0,29.0,4.333333333333333,8.75,38.0,33.0,32.0,12.0,8.666666666666668,8.5,2026.7142857142858,85.94179850510905,2017.2857142857142,194.27533603553613,10.285714285714286,20.60846560848289,10.214285714285714,14.35225885200692,11.285714285714286,72.60846560832438,10.892857142857142,44.07203907219962,9.428571428571429,20.989417989366313,8.857142857142858,12.802808302716294,18.0,23.0,-7.333333333333335,-5.25,0.9999999999999994,102.14814814811876,0.6785714285714285,74.56288156275893,4,9,0,3,255,-0.433883739117558,-0.9009688679024191,-0.8660254037844385,-0.5000000000000004,-0.9417589340994617,-0.33628873017668287
2025-09-13,8.666666666666668,38.66666666666666,18.333333333333336,2071.0,5.333333333333333,8.857142857142856,22.02002024784352,-25.54382977165304,2059.0,2022.3333333333333,1997.0,5.666666666666667,9.333333333333334,11.0,23.666666666666668,6.666666666666666,11.5,38.333333333333336,26.0,31.0,10.333333333333334,6.333333333333334,9.0,2032.4761904761906,210.14285670648079,2022.1785714285713,247.15583054087318,9.428571428571429,22.989417989435367,9.619047619047619,14.459096458843893,14.04761904761905,81.20105820091845,11.958333333333334,55.047809829219574,9.666666666666666,20.962962962911366,8.988095238095239,12.942155067063137,13.000000000000004,18.0,-2.666666666666668,0.5,4.619047619047619,123.46031746028662,2.3392857142857144,91.96844474957078,5,9,1,3,256,-0.9749279121818236,-0.2225209339563146,-0.8660254037844385,-0.5000000000000004,-0.9474042892438845,-0.32003923622313857
2025-09-14,7.0,39.0,13.0,2083.0,5.0,8.142857142857142,22.28539483923852,-25.428251982095663,2071.0,2026.0,2003.5,5.333333333333333,7.0,8.0,18.333333333333336,9.0,14.25,38.66666666666666,19.0,30.0,8.666666666666668,4.0,9.5,2039.4285714285713,383.95238051638245,2027.4642857142858,351.6503360352092,8.857142857142858,25.402116402133842,9.214285714285714,15.548840048587055,15.714285714285714,71.94179894166008,12.446428571428571,57.90128968269906,10.0,19.14814814809666,8.964285714285714,12.94948107438913,8.0,13.000000000000004,2.0,6.25,6.857142857142857,120.47619047615875,3.232142857142857,99.59207112319642,6,9,1,3,257,-0.7818314824680299,0.6234898018587334,-0.8660254037844385,-0.5000000000000004,-0.9527692922168511,-0.30369503751065885
2025-09-15,9.0,47.0,10.0,2086.0,10.0,9.285714285714285,-24.992007839004494,25.70629355329021,2083.0,2025.0,2010.0,5.0,6.0,5.0,13.0,5.0,17.0,39.0,25.0,29.0,7.0,7.0,10.0,2047.5714285714287,592.9523805168255,2033.142857142857,509.99511625480824,8.571428571428571,27.211640211657684,9.0,16.75213675188353,16.285714285714285,65.27513227499372,12.357142857142858,57.66605616621561,10.428571428571429,14.433862433811086,8.785714285714286,13.189865689773644,0.0,8.0,-1.0,12.0,7.714285714285714,115.90476190472982,3.357142857142857,100.62332112319632,0,9,0,3,258,0.0,1.0,-0.8660254037844385,-0.5000000000000004,-0.9578523554276669,-0.28726097055059635
2025-09-16,7.0,28.0,17.0,2095.0,12.0,10.047619047619046,-44.6268973503646,46.57927830274556,2086.0,2023.0,2020.0,10.0,14.0,9.0,10.0,11.0,9.0,47.0,42.0,35.0,9.0,18.0,6.0,2056.285714285714,665.5714281363463,2038.5714285714287,651.9731382326572,9.142857142857142,26.068783068800485,9.357142857142858,15.460927960675118,17.0,50.03703703689886,11.857142857142858,56.166056166215995,10.714285714285714,12.719576719525465,8.714285714285714,13.074481074388986,5.0,0.0,-3.0,0.0,7.857142857142857,113.14285714282501,2.5,94.95299145286734,1,9,0,3,259,0.7818314824680298,0.6234898018587336,-0.8660254037844385,-0.5000000000000004,-0.9626519747161487,-0.2707418984477642
2025-09-17,7.0,38.0,5.0,2096.0,13.0,10.428571428571429,-17.219894549244145,19.79132312067272,2095.0,2025.0,2019.0,12.0,18.0,10.0,17.0,14.0,11.0,28.0,47.0,29.0,7.0,10.0,4.0,2066.5714285714284,607.2857138511905,2043.9285714285713,839.4731382324869,8.857142857142858,23.402116402133846,9.571428571428571,15.938949938697323,17.857142857142858,43.17989417975645,12.428571428571429,57.22100122116061,9.142857142857142,3.291005290953524,8.785714285714286,12.728327228235182,-8.0,5.0,-4.0,1.0,9.0,93.33333333330074,2.857142857142857,94.81562881550441,2,9,0,3,260,0.9749279121818236,-0.22252093395631434,-0.8660254037844385,-0.5000000000000004,-0.9671667297977312,-0.2541427094613622
2025-09-18,20.0,52.0,11.0,2096.0,14.0,10.428571428571429,20.791543792326248,-17.220115220897675,2096.0,2047.0,2015.0,13.0,6.0,14.0,5.0,29.0,2.0,38.0,38.0,40.0,7.0,12.0,11.0,2076.714285714286,343.57142813745855,2049.4285714285716,967.6654459246204,8.142857142857142,11.735449735467258,9.785714285714286,16.77960927935689,16.571428571428573,66.32275132261292,12.0,61.11111111127083,8.714285714285714,3.7195767195248126,9.0,11.16239316230124,-3.0,-8.0,23.0,-12.0,8.428571428571429,112.9523809523486,2.2142857142857144,103.1727716726478,3,9,0,3,261,0.43388373911755823,-0.900968867902419,-0.8660254037844385,-0.5000000000000004,-0.97139528468375,-0.23746831555846842
2025-09-19,16.0,46.333333333333336,11.666666666666666,2108.6666666666665,11.0,10.428571428571429,21.74184085920495,-21.170412287776376,2096.0,2059.0,2018.6666666666667,14.0,5.666666666666667,11.666666666666668,11.0,23.666666666666668,4.333333333333333,52.0,38.333333333333336,33.0,20.0,10.333333333333334,8.666666666666668,2083.714285714286,201.23809480450987,2055.214285714286,1007.2753360343283,9.285714285714286,15.164021164038564,9.785714285714286,16.77960927935689,14.0,38.03703703689728,12.642857142857142,53.05067155083078,9.857142857142858,21.62433862428709,9.642857142857142,19.71733821724667,0.6666666666666661,-3.0,18.0,-7.333333333333335,4.714285714285714,83.23809523806437,2.857142857142857,89.27716727704286,4,9,0,3,262,-0.433883739117558,-0.9009688679024191,-0.8660254037844385,-0.5000000000000004,-0.9753363880767837,-0.2207236509605022
2025-09-20,12.0,40.66666666666666,12.333333333333334,2121.333333333333,8.0,10.857142857142856,22.02002024784352,-24.877163104986373,2108.6666666666665,2071.0,2022.3333333333333,11.0,5.333333333333333,9.333333333333334,11.666666666666666,18.333333333333336,6.666666666666666,46.333333333333336,38.66666666666666,26.0,16.0,8.666666666666668,6.333333333333334,2090.809523809524,144.47619004299517,2061.6428571428573,1079.8028085616004,10.04761904761905,12.793650793668109,9.738095238095237,16.61843711818468,12.285714285714288,19.94179894165828,13.166666666666668,47.517094017252845,10.666666666666666,27.11111111105984,10.166666666666668,22.45726495717372,4.333333333333334,0.6666666666666661,13.000000000000004,-2.666666666666668,2.2380952380952386,49.39682539679553,3.4285714285714284,81.30647130634642,5,9,1,3,263,-0.9749279121818236,-0.2225209339563146,-0.8660254037844385,-0.5000000000000004,-0.9789888737409319,-0.20391367068311472
2025-09-21,8.0,35.0,13.0,2134.0,5.0,11.428571428571429,22.28539483923852,-28.713966267809948,2121.333333333333,2083.0,2026.0,8.0,5.0,7.0,12.333333333333334,13.0,9.0,40.66666666666666,39.0,19.0,12.0,7.0,4.0,2098.0,174.03703660423537,2068.7142857142853,1181.1599514185236,10.428571428571429,9.619047619064892,9.642857142857142,16.82844932819679,11.428571428571429,12.989417989276872,13.571428571428571,44.14407814423666,11.142857142857142,26.476190476139365,10.571428571428571,21.409035408944405,8.0,4.333333333333334,8.0,2.0,1.0,29.03703703700765,3.9285714285714293,78.24236874224346,6,9,1,3,264,-0.7818314824680299,0.6234898018587334,-0.8660254037844385,-0.5000000000000004,-0.9823516608469237,-0.18704334906991657
2025-09-22,17.0,40.0,14.0,2141.0,10.0,12.0,-24.992007839004494,22.992007839004494,2134.0,2086.0,2025.0,5.0,10.0,6.0,13.0,10.0,5.0,35.0,47.0,25.0,8.0,9.0,7.0,2105.285714285714,290.6084651760674,2076.4285714285716,1304.5885228468578,10.428571428571429,9.619047619064892,9.5,17.927350427097736,11.428571428571429,12.989417989276872,13.857142857142858,42.473748473906774,11.285714285714286,25.238095238044178,10.857142857142858,18.507936507845674,4.0,8.0,0.0,-1.0,1.0,29.03703703700765,4.357142857142858,79.0335775334519,0,9,0,3,265,0.0,1.0,-0.8660254037844385,-0.5000000000000004,-0.9854237542919524,-0.17011767832049052
2025-09-23,11.0,36.0,10.0,2145.0,15.0,12.571428571428571,-44.6268973503646,47.05546877893603,2141.0,2095.0,2023.0,10.0,12.0,14.0,14.0,17.0,11.0,40.0,28.0,42.0,17.0,7.0,18.0,2113.1428571428573,369.17989374793234,2084.714285714286,1347.9291821872637,10.428571428571429,9.619047619064892,9.785714285714286,16.916361416109027,12.0,13.370370370229553,14.5,35.995726495884306,12.428571428571429,28.2857142856636,11.571428571428571,19.716727716637305,-5.0,4.0,5.0,-3.0,1.5714285714285714,29.989417989388375,4.714285714285714,76.69841269828677,1,9,0,3,266,0.7818314824680298,0.6234898018587336,-0.8660254037844385,-0.5000000000000004,-0.9882042449941422,-0.15314166701312007
2025-09-24,3.0,38.0,12.0,2138.0,17.0,13.14285714285714,-17.219894549244145,21.077037406387007,2145.0,2096.0,2025.0,15.0,13.0,18.0,10.0,5.0,14.0,36.0,38.0,47.0,11.0,7.0,10.0,2120.285714285714,423.9417985102346,2093.4285714285716,1252.7423690001856,10.857142857142858,12.4761904762077,9.857142857142858,17.63614163588932,11.0,8.70370370356236,14.428571428571429,36.60561660577447,13.0,23.333333333282837,11.071428571428571,16.293650793560086,-5.0,-5.0,-8.0,-4.0,0.14285714285714285,32.8465608465318,4.571428571428571,79.35775335762754,2,9,0,3,267,0.9749279121818236,-0.22252093395631434,-0.8660254037844385,-0.5000000000000004,-0.9906923101615609,-0.13612033862266704
2025-09-25,6.0,35.0,12.0,2132.0,18.0,13.714285714285712,20.791543792326248,-16.50582950661196,2138.0,2096.0,2047.0,17.0,14.0,6.0,12.0,11.0,29.0,38.0,52.0,38.0,3.0,20.0,12.0,2126.285714285714,335.9417985105662,2101.5,975.2094019669712,11.428571428571429,17.619047619064776,9.785714285714286,16.454822954570567,12.0,1.703703703562886,14.285714285714286,37.023199023357,12.428571428571429,33.61904761899694,10.571428571428571,20.947496947405945,-6.0,-5.0,-3.0,23.0,0.5714285714285714,25.989417989388773,4.500000000000001,80.74786324773748,3,9,0,3,268,0.43388373911755823,-0.900968867902419,-0.8660254037844385,-0.5000000000000004,-0.9928872135356962,-0.11905873003404988
2025-09-26,7.666666666666666,33.0,12.0,2136.6666666666665,15.0,14.142857142857142,21.74184085920495,-20.88469800206209,2132.0,2108.6666666666665,2059.0,18.0,11.0,5.666666666666667,12.0,11.666666666666666,23.666666666666668,35.0,46.333333333333336,38.333333333333336,6.0,16.0,10.333333333333334,2131.4285714285716,157.656084225136,2107.5714285714284,778.5885228459058,12.0,23.333333333350428,10.642857142857142,19.751526251274772,12.142857142857142,1.5132275130867707,13.071428571428571,19.18253968269859,10.428571428571429,26.285714285662948,10.142857142857142,22.200244200152948,-3.0,-6.0,0.6666666666666661,18.0,0.14285714285714285,30.8465608465318,2.4285714285714293,58.280830280706205,4,9,0,3,269,-0.433883739117558,-0.9009688679024191,-0.8660254037844385,-0.5000000000000004,-0.994788305609327,-0.10196189005174576
2025-09-27,9.333333333333332,31.0,12.0,2141.333333333333,12.0,13.0,22.02002024784352,-23.02002024784352,2136.6666666666665,2121.333333333333,2071.0,15.0,8.0,5.333333333333333,12.0,12.333333333333334,18.333333333333336,33.0,40.66666666666666,38.66666666666666,7.666666666666666,12.0,8.666666666666668,2135.4285714285716,57.21163978090933,2113.1190476190477,629.0873018445114,12.571428571428571,24.28571428573132,11.30952380952381,18.82844932819856,12.19047619047619,1.4761904760497586,12.238095238095237,9.88766788782743,9.238095238095239,20.730158730107004,9.952380952380953,22.630036629945266,0.0,-3.0,4.333333333333334,13.000000000000004,-0.3809523809523809,32.126984126955286,0.928571428571429,39.47313797301512,5,9,1,3,270,-0.9749279121818236,-0.2225209339563146,-0.8660254037844385,-0.5000000000000004,-0.9963950238187231,-0.08483487790576538
2025-09-28,11.0,29.0,12.0,2146.0,9.0,12.571428571428571,22.28539483923852,-25.85682341066709,2141.333333333333,2134.0,2083.0,12.0,5.0,5.0,12.0,13.0,13.0,31.0,35.0,39.0,9.333333333333332,8.0,7.0,2138.285714285714,20.386242955666678,2118.142857142857,526.6788769359272,13.142857142857142,20.476190476207446,11.785714285714286,15.87362637337611,12.142857142857142,1.4761904760497335,11.785714285714286,6.813797313957197,8.857142857142858,19.29100529095344,10.0,22.5299145298232,3.0,0.0,8.0,8.0,-1.0,27.999999999971404,2.5376526277146434e-16,27.401709401587297,6,9,1,3,271,-0.7818314824680299,0.6234898018587334,-0.8660254037844385,-0.5000000000000004,-0.9977068927101168,-0.06768276175455162
2025-09-29,8.0,35.0,12.0,2148.0,13.0,12.285714285714285,-24.992007839004494,25.70629355329021,2146.0,2141.0,2086.0,9.0,10.0,10.0,12.0,14.0,10.0,29.0,40.0,47.0,11.0,17.0,9.0,2140.0,23.814814384331317,2122.6428571428573,469.5634923203997,13.714285714285714,11.904761904778814,12.071428571428571,12.840659340409381,12.0,1.3333333331925152,11.714285714285714,6.698412698572637,9.285714285714286,19.71957671952501,10.285714285714286,21.826617826526665,-1.0,3.0,4.0,0.0,-1.7142857142857142,16.571428571400258,-0.3571428571428569,23.03357753345572,0,9,0,3,272,0.0,1.0,-0.8660254037844385,-0.5000000000000004,-0.9987235240803972,-0.050510617185222886
2025-09-30,8.0,32.0,12.0,2159.0,7.0,12.428571428571429,-44.6268973503646,39.19832592179317,2148.0,2145.0,2095.0,13.0,15.0,12.0,12.0,10.0,17.0,35.0,36.0,28.0,8.0,11.0,7.0,2141.0,33.14814771771884,2127.0714285714284,394.61843737520326,14.142857142857142,9.476190476207337,12.285714285714286,12.527472527222796,11.714285714285714,0.5714285712876029,11.857142857142858,6.456654456814286,8.0,8.148148148096018,10.214285714285714,22.095848595757392,5.0,-1.0,-5.0,5.0,-2.4285714285714284,10.619047619019591,-0.4285714285714283,23.050061049939295,1,9,0,3,273,0.7818314824680298,0.6234898018587336,-0.8660254037844385,-0.5000000000000004,-0.9994446170919858,-0.033323525711631344
2025-10-01,4.0,33.0,12.0,2163.0,14.0,12.999999999999996,-17.219894549244145,18.21989454924415,2159.0,2138.0,2096.0,7.0,17.0,13.0,12.0,12.0,5.0,32.0,38.0,38.0,8.0,3.0,7.0,2143.0,79.81481438449389,2131.6428571428573,371.4096461662667,13.0,16.33333333335032,11.928571428571429,14.532967032716924,12.0,0.0,11.5,4.286324786484889,7.571428571428571,6.433862433810163,10.285714285714286,21.672771672680515,-2.0,5.0,-5.0,-8.0,-1.0,16.333333333304736,-0.4285714285714283,23.050061049939295,2,10,0,4,274,0.9749279121818236,-0.22252093395631434,-1.0,-1.8369701987210297e-16,-0.9998699583618592,-0.016126573270657762
2025-10-02,20.0,51.0,15.0,2164.0,16.0,13.999999999999996,20.791543792326248,-18.791543792326244,2163.0,2132.0,2096.0,14.0,18.0,14.0,12.0,12.0,11.0,33.0,35.0,52.0,4.0,6.0,20.0,2146.5714285714284,127.43386200373546,2136.4285714285716,324.65689891336814,12.571428571428571,13.619047619064657,12.0,14.769230768980735,12.0,0.0,12.0,0.7863247864845053,7.714285714285714,5.05291005285783,10.071428571428571,23.832112332021048,-1.0,-2.0,-6.0,-3.0,-0.5714285714285714,13.619047619018852,2.5376526277146434e-16,18.632478632356527,3,10,0,4,275,0.43388373911755823,-0.900968867902419,-1.0,-1.8369701987210297e-16,-0.9999994220246925,0.001075151282798226
2025-10-03,16.0,43.333333333333336,14.333333333333334,2169.333333333333,16.0,13.571428571428571,21.74184085920495,-19.31326943063352,2164.0,2136.6666666666665,2108.6666666666665,16.0,15.0,11.0,15.0,12.0,11.666666666666666,51.0,33.0,46.333333333333336,20.0,7.666666666666666,16.0,2151.1428571428573,118.29100486112776,2141.285714285714,231.99755825387425,12.285714285714286,10.57142857144564,12.142857142857142,15.67032967007979,12.428571428571429,1.2857142857142856,12.285714285714286,1.3137973139568127,9.714285714285714,25.052910052858483,10.071428571428571,23.832112332021048,-1.666666666666666,-1.0,-3.0,0.6666666666666661,0.14285714285714285,8.142857142828094,0.1428571428571431,17.995115994993775,4,10,0,4,276,-0.433883739117558,-0.9009688679024191,-1.0,-1.8369701987210297e-16,-0.999832969770105,0.018276557681691223
2025-10-04,12.0,35.666666666666664,13.666666666666666,2174.6666666666665,16.0,14.0,22.02002024784352,-20.02002024784352,2169.333333333333,2141.333333333333,2121.333333333333,16.0,12.0,8.0,14.333333333333334,12.0,12.333333333333334,43.333333333333336,31.0,40.66666666666666,16.0,9.333333333333332,12.0,2155.809523809524,113.10581967619403,2145.6190476190473,190.44200269818072,12.428571428571429,11.619047619064672,12.5,16.576923076673577,12.761904761904761,1.73015873015873,12.476190476190476,1.5677655679249194,10.904761904761907,29.285714285663104,10.071428571428571,23.832112332021048,-2.333333333333334,-1.666666666666666,0.0,4.333333333333334,0.3333333333333334,6.999999999970874,-0.02380952380952347,18.19597069584861,5,10,1,4,277,-0.9749279121818236,-0.2225209339563146,-1.0,-1.8369701987210297e-16,-0.9993706508539969,0.03547255575312556
2025-10-05,8.0,28.0,13.0,2180.0,16.0,14.428571428571429,22.28539483923852,-20.71396626780995,2174.6666666666665,2146.0,2134.0,16.0,9.0,5.0,13.666666666666666,12.0,13.0,35.666666666666664,29.0,35.0,12.0,11.0,8.0,2160.5714285714284,110.9894175600454,2149.4285714285716,194.3492066052631,13.0,13.333333333350318,13.071428571428571,15.609890109641217,13.0,1.703703703703703,12.571428571428571,1.6654456656049432,11.285714285714286,28.90476190471085,10.071428571428571,23.832112332021048,-3.0,-2.333333333333334,3.0,8.0,0.0,8.037037037008044,-0.4999999999999997,16.901709401587702,6,10,1,4,278,-0.7818314824680299,0.6234898018587334,-1.0,-1.8369701987210297e-16,-0.9986126020839734,0.052658056924614005
2025-10-06,5.0,33.0,15.0,2187.0,10.0,13.857142857142856,-24.992007839004494,21.13486498186164,2180.0,2148.0,2141.0,16.0,13.0,10.0,13.0,12.0,14.0,28.0,35.0,40.0,8.0,8.0,17.0,2165.4285714285716,110.98941756030585,2152.714285714286,236.305250561204,14.0,11.000000000016868,13.857142857142858,10.593406593158537,13.142857142857142,1.5132275132275126,12.571428571428571,1.6654456656049432,10.857142857142858,30.47619047613928,10.071428571428571,23.832112332021048,5.0,-3.0,-1.0,4.0,-0.8571428571428571,7.179894179865528,-1.2857142857142854,11.159951159830097,0,10,0,4,279,0.0,1.0,-1.0,-1.8369701987210297e-16,-0.9975590477788613,0.06982797572987089
2025-10-07,11.0,45.0,4.0,2189.0,10.0,13.071428571428571,-44.6268973503646,41.55546877893603,2187.0,2159.0,2145.0,10.0,7.0,15.0,15.0,12.0,10.0,33.0,32.0,36.0,5.0,8.0,11.0,2171.0,101.70370327488911,2156.0,304.5470088028594,13.571428571428571,13.285714285731203,13.857142857142858,10.593406593158537,13.571428571428571,1.656084656084656,12.642857142857142,1.9566544568136792,10.428571428571429,34.619047618996284,9.214285714285714,21.326617826526043,-6.0,5.0,5.0,-5.0,0.0,12.037037037008043,-1.214285714285714,12.044566544445424,1,10,0,4,280,0.7818314824680298,0.6234898018587336,-1.0,-1.8369701987210297e-16,-0.9962102997023297,0.0869772313136861
2025-10-08,8.0,49.0,15.0,2192.0,17.0,12.07142857142857,-17.219894549244145,22.148465977815576,2189.0,2163.0,2138.0,10.0,14.0,17.0,4.0,12.0,12.0,45.0,33.0,38.0,11.0,4.0,3.0,2175.285714285714,110.27513184654458,2159.1428571428573,368.3711846269356,14.0,8.000000000016868,13.5,11.499999999751564,12.428571428571429,14.989417989417985,12.214285714285714,6.967643467803023,10.857142857142858,33.47619047613927,9.214285714285714,21.326617826526043,-2.0,-6.0,-2.0,-5.0,-1.5714285714285714,10.98941798938962,-1.2857142857142854,12.698412698291635,2,10,0,4,281,0.9749279121818236,-0.22252093395631434,-1.0,-1.8369701987210297e-16,-0.9945667569706337,0.1041007489354256
2025-10-09,11.0,55.0,13.0,2192.0,12.0,10.857142857142856,20.791543792326248,-19.648686649469106,2192.0,2164.0,2132.0,17.0,16.0,18.0,15.0,15.0,12.0,49.0,51.0,35.0,8.0,20.0,6.0,2179.4285714285716,111.65608422771834,2163.0,401.0085472641743,14.428571428571429,9.285714285731103,13.5,11.499999999751564,12.857142857142858,15.846560846560843,12.428571428571429,7.5115995117589005,11.428571428571429,26.619047618996603,9.571428571428571,18.33211233202076,1.0,-2.0,-1.0,-6.0,-1.5714285714285714,10.98941798938962,-1.0714285714285712,11.62698412686289,3,10,0,4,282,0.43388373911755823,-0.900968867902419,-1.0,-1.8369701987210297e-16,-0.9926289059345095,0.121193461470736
2025-10-10,10.25,47.25,11.5,2199.75,10.5,10.285714285714286,21.74184085920495,-21.527555144919237,2192.0,2169.333333333333,2136.6666666666665,12.0,16.0,15.0,13.0,14.333333333333334,12.0,55.0,43.333333333333336,33.0,11.0,16.0,7.666666666666666,2183.4285714285716,79.65608422793328,2167.285714285714,371.9975582530466,13.857142857142858,9.47619047620736,13.071428571428571,9.917582417333525,12.571428571428571,14.989417989417987,12.5,7.51709401725335,10.142857142857142,12.476190476139045,9.928571428571429,17.370573870482506,1.0,1.0,-1.666666666666666,-3.0,-1.2857142857142858,11.94179894177046,-0.5714285714285712,9.819291819170177,4,10,0,4,283,-0.433883739117558,-0.9009688679024191,-1.0,-1.8369701987210297e-16,-0.9903973200352558,0.1382503109109819
2025-10-11,9.5,39.5,10.0,2207.5,9.0,9.999999999999998,22.02002024784352,-23.02002024784352,2199.75,2174.6666666666665,2141.333333333333,10.5,16.0,12.0,11.5,13.666666666666666,12.0,47.25,35.666666666666664,31.0,10.25,12.0,9.333333333333332,2187.7738095238096,68.91369004827088,2171.7916666666665,359.08627162286416,13.071428571428571,9.869047619064595,12.75,10.02884615359692,12.166666666666668,14.47222222222222,12.464285714285714,7.573412698572058,9.321428571428571,5.973214285662589,10.113095238095239,16.948298229456974,1.0,1.0,-2.333333333333334,0.0,-0.9047619047619049,12.619047619018986,-0.2857142857142855,9.467643467521594,5,10,1,4,284,-0.9749279121818236,-0.2225209339563146,-1.0,-1.8369701987210297e-16,-0.9878726596350429,0.15526624985999563
2025-10-12,8.75,31.75,8.5,2215.25,7.5,9.714285714285714,22.28539483923852,-24.49968055352424,2207.5,2180.0,2146.0,9.0,16.0,9.0,10.0,13.0,12.0,39.5,28.0,29.0,9.5,8.0,11.0,2192.464285714286,79.46726147709184,2176.5178571428573,361.75232778876557,12.071428571428571,10.035714285731377,12.535714285714286,11.017857142607681,11.642857142857142,14.559523809523805,12.321428571428571,8.001984127143599,8.964285714285714,4.633928571376759,10.125,16.930288461447212,1.0,1.0,-3.0,3.0,-0.42857142857142855,12.619047619018795,-0.21428571428571402,9.583028082906152,6,10,1,4,285,-0.7818314824680299,0.6234898018587334,-1.0,-1.8369701987210297e-16,-0.9850556718215013,0.172236243027682
2025-10-13,8.0,24.0,7.0,2223.0,6.0,9.285714285714285,-24.992007839004494,21.70629355329021,2215.25,2187.0,2148.0,7.5,10.0,13.0,8.5,15.0,12.0,31.75,33.0,35.0,8.75,5.0,8.0,2197.5,110.52083290593028,2181.464285714286,379.15995141497564,10.857142857142858,9.226190476207709,12.428571428571429,11.99450549425592,11.0,15.416666666666659,12.071428571428571,9.050061050220716,9.071428571428571,4.473214285662508,9.964285714285714,16.989010988919645,1.0,1.0,5.0,-1.0,0.14285714285714285,11.476190476161428,-0.3571428571428569,8.879731379609565,0,10,0,4,286,0.0,1.0,-1.0,-1.8369701987210297e-16,-0.981947190186646,0.18915526872004093
2025-10-14,7.0,30.0,16.0,2235.0,8.0,8.976190476190476,-44.6268973503646,43.650706874174126,2223.0,2189.0,2159.0,6.0,10.0,7.0,7.0,4.0,12.0,24.0,45.0,32.0,8.0,11.0,8.0,2202.6428571428573,169.66369004905872,2186.8214285714284,394.8192920741377,10.285714285714286,12.654761904779205,11.928571428571429,14.879120878870774,9.857142857142858,13.892857142857133,11.714285714285714,10.890720390880334,9.5,1.687499999948363,9.964285714285714,16.989010988919645,8.0,1.0,-6.0,5.0,-0.42857142857142855,7.285714285685462,-0.21428571428571402,8.967643467521537,1,10,0,4,287,0.7818314824680298,0.6234898018587336,-1.0,-1.8369701987210297e-16,-0.9785481345802031,0.20601832032517084
2025-10-15,8.0,29.0,10.0,2225.0,15.0,8.785714285714285,-17.219894549244145,23.43418026352986,2235.0,2192.0,2163.0,8.0,17.0,14.0,16.0,15.0,12.0,30.0,49.0,33.0,7.0,8.0,4.0,2209.214285714286,262.75892814463936,2192.25,482.09401734868345,10.0,13.416666666684,12.0,14.192307692057662,11.571428571428571,11.03571428571428,12.0,12.20940170956143,8.928571428571429,1.973214285662462,9.892857142857142,17.36263736254598,-5.0,8.0,-2.0,-2.0,1.5714285714285714,9.285714285684668,2.5376526277146434e-16,12.017094016971914,2,10,0,4,288,0.9749279121818236,-0.22252093395631434,-1.0,-1.8369701987210297e-16,-0.9748595108374125,0.22282040779479959
2025-10-16,9.0,33.0,15.0,2233.0,9.0,8.714285714285714,20.791543792326248,-20.50582950661196,2225.0,2192.0,2164.0,15.0,12.0,16.0,10.0,13.0,15.0,29.0,55.0,51.0,8.0,11.0,20.0,2213.9285714285716,228.9732138591686,2196.6785714285716,477.6654459199635,9.714285714285714,9.321428571445939,12.071428571428571,14.571428571178618,10.857142857142858,8.892857142857137,11.857142857142858,12.495115995275826,8.928571428571429,1.973214285662462,10.178571428571429,14.879120879029662,6.0,-5.0,1.0,-1.0,1.1428571428571428,14.142857142827694,-0.21428571428571402,13.583028082906152,3,10,0,4,289,0.43388373911755823,-0.900968867902419,-1.0,-1.8369701987210297e-16,-0.9708824104813836,0.23955655912092708
2025-10-17,9.0,33.333333333333336,15.666666666666666,2234.333333333333,8.333333333333334,8.857142857142858,21.74184085920495,-22.265650383014474,2233.0,2199.75,2169.333333333333,9.0,10.5,16.0,15.0,11.5,14.333333333333334,33.0,47.25,43.333333333333336,9.0,10.25,16.0,2219.785714285714,169.4255948118512,2201.6071428571427,470.841270095622,9.285714285714286,8.32142857144599,11.571428571428571,13.840659340408857,11.142857142857142,10.892857142857139,11.857142857142858,12.495115995275826,8.642857142857142,1.1636904761385591,9.392857142857142,6.90109890100723,7.333333333333332,6.0,1.0,-1.666666666666666,1.8571428571428572,17.476190476160745,0.285714285714286,16.2368742367519,4,10,0,4,290,-0.433883739117558,-0.9009688679024191,-1.0,-1.8369701987210297e-16,-0.9666180104000972,0.2562218218071163
2025-10-18,9.0,33.666666666666664,16.333333333333332,2235.6666666666665,7.666666666666667,9.0,22.02002024784352,-23.35335358117685,2234.333333333333,2207.5,2174.6666666666665,8.333333333333334,9.0,16.0,15.666666666666666,10.0,13.666666666666666,33.333333333333336,39.5,35.666666666666664,9.0,9.5,12.0,2224.7261904761904,109.31646782797525,2206.2499999999995,449.88888914308166,8.976190476190476,8.11507936509682,11.023809523809524,12.815628815377748,11.738095238095239,13.869047619047615,11.952380952380953,13.130036630196388,8.464285714285714,0.7172619047099299,8.892857142857142,3.2857142856223254,8.666666666666664,7.333333333333332,1.0,-2.333333333333334,2.761904761904762,21.396825396795304,0.9285714285714287,19.31929181916896,5,10,1,4,291,-0.9749279121818236,-0.2225209339563146,-1.0,-1.8369701987210297e-16,-0.9620675724981452,0.27281126433401914
2025-10-19,9.0,34.0,17.0,2237.0,7.0,8.571428571428571,22.28539483923852,-23.85682341066709,2235.6666666666665,2215.25,2180.0,7.666666666666667,7.5,16.0,16.333333333333332,8.5,13.0,33.666666666666664,31.75,28.0,9.0,8.75,8.0,2228.75,60.91898105569359,2210.6071428571427,419.27716753121473,8.785714285714286,8.358465608483085,10.428571428571429,11.396214895963196,12.642857142857142,15.929894179894177,12.142857142857142,14.34126984142945,8.392857142857142,0.5803571428051448,8.678571428571429,2.4945054944134095,10.0,8.666666666666664,1.0,-3.0,3.8571428571428568,25.291005290974756,1.7142857142857142,22.442002441878945,6,10,1,4,292,-0.7818314824680299,0.6234898018587334,-1.0,-1.8369701987210297e-16,-0.957232443323312,0.28931997761869527
2025-10-20,10.0,39.0,6.0,2243.0,7.0,9.857142857142858,-24.992007839004494,22.13486498186164,2237.0,2223.0,2187.0,7.0,6.0,10.0,17.0,7.0,15.0,34.0,24.0,33.0,9.0,8.0,5.0,2231.8571428571427,30.624338198709182,2214.6785714285716,382.94749720141067,8.714285714285714,8.608465608483094,9.785714285714286,9.467643467391083,13.857142857142858,14.513227513227513,12.428571428571429,16.011599511758895,8.428571428571429,0.6190476189956328,8.75,2.461538461446418,-1.0,10.0,1.0,5.0,5.142857142857143,28.29100529097425,2.642857142857143,25.084859584735337,0,10,0,4,293,0.0,1.0,-1.0,-1.8369701987210297e-16,-0.9521140536681102,0.3057430764672831
2025-10-21,13.0,39.0,17.0,2251.0,9.0,10.857142857142856,-44.6268973503646,42.76975449322175,2243.0,2235.0,2189.0,7.0,8.0,10.0,6.0,16.0,4.0,39.0,30.0,45.0,10.0,7.0,11.0,2234.714285714286,28.719576294094622,2218.6785714285716,368.48595873974125,8.857142857142858,7.846560846578316,9.571428571428571,10.0115995113469,13.714285714285714,16.94179894179894,11.785714285714286,18.236874237034122,8.714285714285714,0.9047619047100116,9.107142857142858,1.3626373625455273,8.0,-1.0,8.0,-6.0,4.857142857142857,31.624338624307697,2.2142857142857144,25.48046398034008,1,10,0,4,294,0.7818314824680298,0.6234898018587336,-1.0,-1.8369701987210297e-16,-0.9467139181463862,0.3220757010206104
2025-10-22,12.0,42.0,13.0,2261.0,12.0,11.571428571428571,-17.219894549244145,17.648465977815576,2251.0,2225.0,2192.0,9.0,15.0,17.0,17.0,10.0,15.0,39.0,29.0,49.0,13.0,8.0,8.0,2237.0,66.81481438945174,2223.1071428571427,359.9694752231122,9.0,7.703703703721156,9.5,10.017094016841328,13.857142857142858,17.846560846560845,12.714285714285714,14.7368742370334,9.571428571428571,2.619047618996006,9.25,2.2307692306774793,1.0,8.0,-5.0,-2.0,4.857142857142857,31.624338624307693,3.2142857142857144,21.78815628803158,2,10,0,4,295,0.9749279121818236,-0.22252093395631434,-1.0,-1.8369701987210297e-16,-0.9410336347451197,0.3383130181923076
2025-10-23,4.0,27.0,26.0,2266.0,18.0,12.0,20.791543792326248,-14.791543792326248,2261.0,2233.0,2192.0,12.0,9.0,12.0,13.0,15.0,13.0,42.0,33.0,55.0,12.0,9.0,11.0,2242.1428571428573,107.95767153257516,2228.035714285714,369.826618080093,8.571428571428571,2.9894179894354935,9.142857142857142,6.033577533324467,14.285714285714286,15.275132275132277,12.571428571428571,14.319291819451093,10.142857142857142,2.8095238094723847,9.535714285714286,2.60439560430402,8.0,1.0,6.0,1.0,5.714285714285714,17.052910052878783,3.4285714285714284,20.024420024295143,3,10,0,4,296,0.43388373911755823,-0.900968867902419,-1.0,-1.8369701987210297e-16,-0.9350748843515574,0.3544502230989869
2025-10-24,4.0,29.666666666666668,21.333333333333336,2269.333333333333,15.333333333333334,12.571428571428571,21.74184085920495,-18.979936097300182,2266.0,2234.333333333333,2199.75,18.0,8.333333333333334,10.5,26.0,15.666666666666666,11.5,27.0,33.333333333333336,47.25,4.0,9.0,10.25,2246.8571428571427,162.9576715328172,2233.3214285714284,350.7167279700285,9.857142857142858,15.846560846578194,9.571428571428571,11.242368742116128,15.857142857142858,35.179894179894184,13.5,27.2478632480218,9.428571428571429,8.285714285662625,9.035714285714286,4.5274725273806515,6.000000000000002,8.0,7.333333333333332,1.0,6.0,17.814814814783432,3.9285714285714284,20.90903540891012,4,10,0,4,297,-0.433883739117558,-0.9009688679024191,-1.0,-1.8369701987210297e-16,-0.9288394302558068,0.3704825404820963
2025-10-25,4.0,32.333333333333336,16.666666666666668,2272.6666666666665,12.666666666666668,12.142857142857144,22.02002024784352,-21.496210724033997,2269.333333333333,2235.6666666666665,2207.5,15.333333333333334,7.666666666666667,9.0,21.333333333333336,16.333333333333332,10.0,29.666666666666668,33.666666666666664,39.5,4.0,9.0,9.5,2251.8571428571427,191.8465604219591,2238.2916666666665,337.1760152104007,10.857142857142858,19.29100529102252,9.916666666666668,13.601495726243476,16.666666666666664,39.40740740740742,14.202380952380953,31.128968254126264,8.714285714285714,12.571428571376677,8.589285714285714,6.150068681226545,4.0,6.000000000000002,8.666666666666664,1.0,5.80952380952381,17.476190476159168,4.285714285714286,20.442002441876866,5,10,1,4,298,-0.9749279121818236,-0.2225209339563146,-1.0,-1.8369701987210297e-16,-0.9223291176290545,0.3864052261209853
2025-10-26,4.0,35.0,12.0,2276.0,10.0,12.857142857142856,22.28539483923852,-25.14253769638137,2272.6666666666665,2237.0,2215.25,12.666666666666668,7.0,7.5,16.666666666666668,17.0,8.5,32.333333333333336,34.0,31.75,4.0,9.0,8.75,2257.1428571428573,187.73544931111874,2242.9464285714284,331.8051360893681,11.571428571428571,17.544973544990686,10.178571428571429,14.044719169467196,16.714285714285715,39.3862433862434,14.678571428571429,29.993437118594763,8.0,15.666666666614537,8.196428571428571,7.540178571336205,2.0,4.0,10.0,1.0,5.142857142857143,16.1428571428261,4.5,19.56837606825032,6,10,1,4,299,-0.7818314824680299,0.6234898018587334,-1.0,-1.8369701987210297e-16,-0.9155458729775467,0.40221356823680365
2025-10-27,2.0,31.0,8.0,2282.0,11.0,11.999999999999998,-24.992007839004494,23.992007839004494,2276.0,2243.0,2223.0,10.0,7.0,6.0,12.0,6.0,7.0,35.0,39.0,24.0,4.0,10.0,8.0,2262.714285714286,143.1640207399785,2247.285714285714,336.5616608144989,12.0,14.259259259276348,10.357142857142858,13.460927960676175,16.0,42.481481481481495,14.928571428571429,27.541514041671494,7.285714285714286,17.571428571376206,7.857142857142857,8.747252747160182,-3.0,2.0,-1.0,1.0,4.0,12.333333333302742,4.571428571428571,19.101343101217296,0,10,0,4,300,0.0,1.0,-1.0,-1.8369701987210297e-16,-0.9084917035725082,0.41790288888678667
2025-10-28,6.0,22.0,11.0,2286.0,6.0,11.285714285714285,-44.6268973503646,39.34118306465032,2282.0,2251.0,2235.0,11.0,9.0,8.0,8.0,17.0,16.0,31.0,39.0,30.0,2.0,13.0,7.0,2268.285714285714,104.16402074026767,2251.5,364.76495751765646,12.571428571428571,9.878306878323896,10.714285714285714,11.894993894742488,16.285714285714285,36.3862433862434,15.0,26.39316239331979,6.142857142857143,19.476190476137738,7.428571428571429,11.18681318672037,5.0,-3.0,8.0,8.0,3.7142857142857144,16.23809523806476,4.285714285714286,22.442002441876866,1,10,0,4,301,0.7818314824680298,0.6234898018587336,-1.0,-1.8369701987210297e-16,-0.9011686968561569,0.4334685453485363
2025-10-29,6.0,25.0,4.0,2280.0,17.0,10.714285714285715,-17.219894549244145,23.50560883495843,2286.0,2261.0,2225.0,6.0,12.0,15.0,11.0,13.0,10.0,22.0,42.0,29.0,6.0,12.0,8.0,2273.285714285714,77.49735407386173,2255.1428571428573,421.08913334171206,12.142857142857142,14.735449735466807,10.571428571428571,13.015873015621459,15.428571428571429,40.10052910052912,14.642857142857142,27.409645909803583,5.142857142857143,10.476190476137411,7.357142857142857,11.324175824082964,-13.0,5.0,1.0,-5.0,3.2857142857142856,13.238095238064927,4.071428571428571,21.370573870448467,2,10,0,4,302,0.9749279121818236,-0.22252093395631434,-1.0,-1.8369701987210297e-16,-0.8935790198239952,0.4489059314938798
2025-10-30,3.0,17.0,14.0,2287.0,12.0,10.285714285714285,20.791543792326248,-19.077258078040533,2280.0,2266.0,2233.0,17.0,18.0,9.0,4.0,26.0,15.0,25.0,27.0,33.0,6.0,4.0,9.0,2276.0,51.259258835908376,2259.0714285714284,382.1056168580663,12.857142857142858,18.06878306880005,10.714285714285714,14.66422466397326,14.142857142857142,58.957671957671984,14.214285714285714,34.266788766946775,4.285714285714286,1.9047619047085596,7.214285714285714,11.41208791199497,2.0,-13.0,8.0,6.0,1.285714285714286,51.90476190473239,3.5,37.10683760671267,3,10,0,4,303,0.43388373911755823,-0.900968867902419,-1.0,-1.8369701987210297e-16,-0.8857249183835637,0.4642104791518923
2025-10-31,3.6666666666666665,18.33333333333333,12.666666666666666,2283.6666666666665,10.333333333333334,10.428571428571429,21.74184085920495,-21.837078954443044,2287.0,2269.333333333333,2234.333333333333,12.0,15.333333333333334,8.333333333333334,14.0,21.333333333333336,15.666666666666666,17.0,29.666666666666668,33.333333333333336,3.0,4.0,9.0,2279.0,44.25925883606458,2262.9285714285716,373.7979245502457,12.0,12.925925925943012,10.928571428571429,14.515873015621837,12.428571428571429,32.100529100529144,14.142857142857142,34.217338217496284,4.142857142857143,2.1428571428037513,6.785714285714286,12.335164835071641,2.333333333333332,2.0,6.000000000000002,7.333333333333332,0.4285714285714288,43.61904761901844,3.2142857142857144,36.71123321110851,4,10,0,4,304,-0.433883739117558,-0.9009688679024191,-1.0,-1.8369701987210297e-16,-0.8776087166898392,0.4793776594606945
2025-11-01,4.333333333333333,19.666666666666668,11.333333333333334,2280.333333333333,8.666666666666668,10.714285714285714,22.02002024784352,-24.067639295462563,2283.6666666666665,2272.6666666666665,2235.6666666666665,10.333333333333334,12.666666666666668,7.666666666666667,12.666666666666666,16.666666666666668,16.333333333333332,18.33333333333333,32.333333333333336,33.666666666666664,3.6666666666666665,4.0,9.0,2281.0476190476193,27.423280000191486,2266.452380952381,330.6086693608703,11.285714285714286,10.941798941816115,11.071428571428571,14.003052502801475,11.19047619047619,17.105820105820147,13.928571428571429,34.15689865705689,4.095238095238096,2.1746031745497674,6.404761904761904,12.550061049967631,2.666666666666666,2.333333333333332,4.0,8.666666666666664,-0.09523809523809541,38.73015873012975,2.8571428571428577,35.32844932832492,5,11,1,4,305,-0.9749279121818236,-0.2225209339563146,-0.8660254037844386,0.5000000000000001,-0.8692328164574792,0.49440298420761813
2025-11-02,5.0,21.0,10.0,2277.0,7.0,9.285714285714286,22.28539483923852,-24.571109124952805,2280.333333333333,2276.0,2237.0,8.666666666666668,10.0,7.0,11.333333333333334,12.0,17.0,19.666666666666668,35.0,34.0,4.333333333333333,4.0,9.0,2282.1428571428573,14.402115979084973,2269.6428571428573,261.56349231558477,10.714285714285714,11.386243386260626,11.142857142857142,13.550671550420597,10.428571428571429,11.433862433862478,13.571428571428571,34.0927960929546,4.142857142857143,2.1798941798407885,6.071428571428571,12.24236874227513,3.0,2.666666666666666,2.0,10.0,-0.285714285714286,37.16402116399226,2.4285714285714284,32.53724053711648,6,11,1,4,306,-0.7818314824680299,0.6234898018587334,-0.8660254037844386,0.5000000000000001,-0.8605996962501181,0.5092820071573356
2025-11-03,3.0,28.0,5.0,2269.0,12.0,10.285714285714285,-24.992007839004494,26.70629355329021,2277.0,2282.0,2243.0,7.0,11.0,7.0,10.0,8.0,6.0,21.0,31.0,39.0,5.0,2.0,10.0,2282.285714285714,12.49735407433075,2272.5,174.97008572208185,10.285714285714286,13.386243386260679,11.142857142857142,13.550671550420597,10.142857142857142,10.957671957672,13.071428571428571,33.90048840064729,4.285714285714286,2.27513227507893,5.785714285714286,11.583028082934302,-7.0,3.0,-3.0,-1.0,-0.1428571428571431,38.06878306875411,1.9285714285714288,27.883394383270733,0,11,0,4,307,0.0,1.0,-0.8660254037844386,0.5000000000000001,-0.8517119107469189,0.5240103253675756
2025-11-04,6.0,33.0,6.0,2270.0,8.0,10.809523809523808,-44.6268973503646,41.81737354084079,2269.0,2286.0,2251.0,12.0,6.0,9.0,5.0,11.0,17.0,28.0,22.0,39.0,3.0,6.0,13.0,2280.4285714285716,37.87830645518543,2274.3571428571427,105.25580000773438,10.428571428571429,13.76719576721304,11.5,12.149572649322076,9.714285714285714,14.38624338624343,13.0,35.059829059988004,4.428571428571429,1.6560846560313573,5.285714285714286,10.544566544472467,-2.0,-7.0,5.0,8.0,-0.7142857142857145,44.16402116399243,1.5000000000000002,33.15811965799635,1,11,0,4,308,0.7818314824680298,0.6234898018587336,-0.8660254037844386,0.5000000000000001,-0.8425720899866032,0.5385835804920232
2025-11-05,8.0,41.0,8.0,2272.0,7.0,10.857142857142858,-17.219894549244145,13.362751692101288,2270.0,2280.0,2261.0,8.0,17.0,12.0,6.0,4.0,13.0,33.0,25.0,42.0,6.0,6.0,12.0,2278.1428571428573,44.73544931220783,2275.714285714286,62.76678901867872,10.714285714285714,11.386243386260624,11.428571428571429,12.605616605365954,9.0,15.814814814814861,12.214285714285714,36.93345543361499,4.428571428571429,1.6560846560313573,4.785714285714286,5.736874236779865,1.0,-2.0,-13.0,1.0,-1.7142857142857146,37.83068783065949,0.7857142857142859,30.300976800854077,2,11,0,4,309,0.9749279121818236,-0.22252093395631434,-0.8660254037844386,0.5000000000000001,-0.8331829385891785,0.5529974600700271
2025-11-06,6.0,33.0,9.0,2264.0,19.0,10.428571428571429,20.791543792326248,-12.220115220897677,2272.0,2287.0,2266.0,7.0,12.0,18.0,8.0,14.0,26.0,41.0,17.0,27.0,8.0,3.0,4.0,2277.0,48.92592550262424,2276.5,46.508547260411355,9.285714285714286,4.719576719594133,11.071428571428571,13.951770451519423,9.571428571428571,11.43386243386248,11.857142857142858,38.114774114933944,4.714285714285714,3.27513227507907,4.5,2.4401709400764,-10.0,1.0,2.0,8.0,0.2857142857142855,13.164021163992038,0.7857142857142859,30.300976800854077,3,11,0,4,310,0.43388373911755823,-0.900968867902419,-0.8660254037844386,0.5000000000000001,-0.8235472349556007,0.5672476988027229
2025-11-07,7.666666666666666,33.0,7.666666666666667,2274.0,14.0,10.0,21.74184085920495,-17.74184085920495,2264.0,2283.6666666666665,2269.333333333333,19.0,10.333333333333334,15.333333333333334,9.0,12.666666666666666,21.333333333333336,33.0,18.33333333333333,29.666666666666668,6.0,3.6666666666666665,4.0,2273.714285714286,47.83068740721618,2276.3571428571427,50.025030776899264,10.285714285714286,18.052910052927345,11.142857142857142,15.089133088882136,8.857142857142858,7.624338624338673,10.642857142857142,21.76862026878103,5.142857142857143,2.8465608465077814,4.642857142857143,2.5720390719446162,-6.333333333333333,-10.0,2.333333333333332,6.000000000000002,-1.4285714285714288,26.878306878278426,-0.4999999999999997,33.46581196569029,4,11,0,4,311,-0.433883739117558,-0.9009688679024191,-0.8660254037844386,0.5000000000000001,-0.8136678304455991,0.5813300798152042
2025-11-08,9.333333333333332,33.0,6.333333333333334,2284.0,9.0,10.857142857142856,22.02002024784352,-23.877163104986373,2274.0,2280.333333333333,2272.6666666666665,14.0,8.666666666666668,12.666666666666668,7.666666666666667,11.333333333333334,16.666666666666668,33.0,19.666666666666668,32.333333333333336,7.666666666666666,4.333333333333333,4.0,2272.333333333333,29.11111068756853,2276.690476190476,46.53785128970881,10.809523809523808,20.03174603176326,11.047619047619047,14.356532356281303,8.142857142857142,4.8465608465609,9.666666666666668,12.632478632640142,5.714285714285714,3.1640211639682847,4.904761904761905,3.1697191696248685,-2.666666666666666,-6.333333333333333,2.666666666666666,4.0,-2.666666666666667,26.74074074071278,-1.380952380952381,31.997557997437045,5,11,1,4,312,-0.9749279121818236,-0.2225209339563146,-0.8660254037844386,0.5000000000000001,-0.8035476485339116,0.5952404359043674
2025-11-09,11.0,33.0,5.0,2294.0,4.0,10.857142857142856,22.28539483923852,-29.14253769638137,2284.0,2277.0,2276.0,9.0,7.0,10.0,6.333333333333334,10.0,12.0,33.0,21.0,35.0,9.333333333333332,5.0,4.0,2272.8571428571427,40.80952338600897,2277.5,48.69658144841316,10.857142857142858,19.80952380954103,10.785714285714286,14.403540903289572,7.42857142857143,3.1005291005291578,8.928571428571429,9.131257631419706,6.428571428571429,4.433862433809787,5.285714285714286,4.459096459002382,1.0,-2.666666666666666,3.0,2.0,-3.4285714285714284,21.322751322723665,-1.857142857142857,29.653235653115082,6,11,1,4,313,-0.7818314824680299,0.6234898018587334,-0.8660254037844386,0.5000000000000001,-0.7931896839451843,0.6089746507720486
2025-11-10,11.0,36.0,8.5,2294.0,9.0,8.857142857142856,-24.992007839004494,25.13486498186164,2294.0,2269.0,2282.0,4.0,12.0,11.0,5.0,5.0,8.0,33.0,28.0,31.0,11.0,3.0,2.0,2275.285714285714,105.57142814803787,2278.785714285714,67.68559243738402,10.428571428571429,24.952380952398226,10.357142857142858,17.70024419999242,6.714285714285714,2.3862433862434482,8.428571428571429,9.323565323727781,7.285714285714286,6.719576719524352,5.785714285714286,6.574481074387292,-0.5,1.0,-7.0,-3.0,-3.7142857142857144,17.608465608438063,-1.9285714285714284,29.131257631137125,0,11,0,4,314,0.0,1.0,-0.8660254037844386,0.5000000000000001,-0.7825970017677834,0.6225286602431057
2025-11-11,11.0,39.0,12.0,2294.0,14.0,7.571428571428571,-44.6268973503646,51.05546877893603,2294.0,2270.0,2286.0,9.0,8.0,6.0,8.5,6.0,11.0,36.0,33.0,22.0,11.0,6.0,6.0,2278.8571428571427,142.4761900529834,2279.6428571428573,83.90537265713701,10.0,24.666666666683994,10.214285714285714,17.788156287904354,7.214285714285714,2.1362433862434447,8.464285714285714,9.308455433617862,8.428571428571429,4.433862433810439,6.428571428571429,7.118437118343715,-2.0,-0.5,-2.0,5.0,-2.7857142857142856,16.525132275104365,-1.7499999999999998,29.16559829047764,1,11,0,4,315,0.7818314824680298,0.6234898018587336,-0.8660254037844386,0.5000000000000001,-0.7717727365467836,0.6358984534680745
2025-11-12,14.0,48.0,20.0,2302.0,7.0,7.0,-17.219894549244145,17.219894549244145,2294.0,2272.0,2280.0,14.0,7.0,17.0,12.0,8.0,4.0,39.0,41.0,25.0,11.0,8.0,6.0,2282.285714285714,153.904761481731,2280.214285714286,96.30097705272337,10.857142857142858,25.809523809541034,10.785714285714286,17.17277167252034,8.071428571428571,4.850529100529154,8.535714285714286,9.769993895156269,9.142857142857142,3.957671957620196,6.785714285714286,8.574481074387883,13.0,-2.0,1.0,-13.0,-2.7857142857142856,16.525132275104365,-2.2499999999999996,25.396367521247278,2,11,0,4,316,0.9749279121818236,-0.22252093395631434,-0.8660254037844386,0.5000000000000001,-0.7607200913564104,0.6490800741100398
2025-11-13,6.0,26.0,16.0,2317.0,5.0,7.142857142857143,20.791543792326248,-22.93440093518339,2302.0,2264.0,2287.0,7.0,19.0,12.0,20.0,9.0,14.0,48.0,33.0,17.0,14.0,6.0,3.0,2286.5714285714284,179.61904719623553,2281.785714285714,130.14713089882795,10.857142857142858,25.809523809541034,10.071428571428571,14.755189254937168,9.785714285714286,25.13624338624342,9.678571428571429,16.890873016034515,10.0,6.814814814763333,7.357142857142857,12.178876678783826,11.0,13.0,-10.0,2.0,-1.0714285714285714,52.2394179893894,-0.3928571428571426,30.68208180696005,3,11,0,4,317,0.43388373911755823,-0.900968867902419,-0.8660254037844386,0.5000000000000001,-0.7494423368521954,0.6620696215153815
2025-11-14,5.666666666666667,24.666666666666668,11.666666666666668,2324.6666666666665,5.0,7.0,21.74184085920495,-23.74184085920495,2317.0,2274.0,2283.6666666666665,5.0,14.0,10.333333333333334,16.0,7.666666666666667,12.666666666666666,26.0,33.0,18.33333333333333,6.0,7.666666666666666,3.6666666666666665,2294.1428571428573,182.1428567204347,2283.9285714285716,218.49877925040857,8.857142857142858,15.809523809541266,9.571428571428571,16.178266178013562,10.785714285714286,30.30291005291008,9.821428571428571,18.50625763141902,10.0,6.814814814763333,7.571428571428571,10.810744810652086,6.666666666666668,11.0,-6.333333333333333,2.333333333333332,1.9285714285714288,52.73941798938821,0.2500000000000003,39.780982905860625,4,11,0,4,318,-0.433883739117558,-0.9009688679024191,-0.8660254037844386,0.5000000000000001,-0.7379428103031386,0.6748632518680403
2025-11-15,5.333333333333333,23.33333333333333,7.333333333333334,2332.333333333333,5.0,6.714285714285714,22.02002024784352,-23.734305962129238,2324.6666666666665,2284.0,2280.333333333333,5.0,9.0,8.666666666666668,11.666666666666668,6.333333333333334,11.333333333333334,24.666666666666668,33.0,19.666666666666668,5.666666666666667,9.333333333333332,4.333333333333333,2301.3809523809527,208.68253926049138,2286.8571428571427,336.91819316972874,7.571428571428571,11.952380952398562,9.190476190476192,17.58485958460657,11.357142857142858,28.4298941798942,9.75,18.13995726511871,9.714285714285714,8.941798941747367,7.714285714285714,9.894993894901253,2.333333333333334,6.666666666666668,-2.666666666666666,2.666666666666666,3.785714285714286,41.08068783065731,0.55952380952381,42.51114163601911,5,11,1,4,319,-0.9749279121818236,-0.2225209339563146,-0.8660254037844386,0.5000000000000001,-0.7262249146041543,0.6874571793269664
2025-11-16,5.0,22.0,3.0,2340.0,5.0,7.142857142857142,22.28539483923852,-24.428251982095663,2332.333333333333,2294.0,2277.0,5.0,4.0,7.0,7.333333333333334,5.0,10.0,23.33333333333333,33.0,21.0,5.333333333333333,11.0,5.0,2308.285714285714,262.3862429645512,2290.5714285714284,477.8705741219879,7.0,12.333333333351009,8.928571428571429,18.84065934040605,11.5,26.89814814814817,9.464285714285714,18.308455433617095,9.142857142857142,11.735449735397976,7.785714285714286,9.446275946183347,-2.0,2.333333333333334,1.0,3.0,4.5,33.89814814811734,0.5357142857142863,42.41101953589703,6,11,1,4,320,-0.7818314824680299,0.6234898018587334,-0.8660254037844386,0.5000000000000001,-0.7142921172691032,0.699847677146407
2025-11-17,1.0,35.0,6.0,2343.0,8.0,7.714285714285713,-24.992007839004494,25.27772212471878,2340.0,2294.0,2269.0,5.0,9.0,12.0,3.0,8.5,5.0,22.0,36.0,28.0,5.0,11.0,3.0,2314.8571428571427,345.62433820298975,2295.0714285714284,629.832112583382,7.142857142857143,11.476190476208133,8.785714285714286,19.71978021952678,11.214285714285714,31.80291005291008,8.964285714285714,21.2315323566944,8.285714285714286,13.164021163969124,7.785714285714286,9.446275946183347,-2.0,-2.0,-0.5,-7.0,4.071428571428571,38.6838624338318,0.17857142857142907,42.30112942600722,0,11,0,4,321,0.0,1.0,-0.8660254037844386,0.5000000000000001,-0.7021479494046978,0.7120310787787131
2025-11-18,2.0,38.0,8.0,2345.0,12.0,7.904761904761904,-44.6268973503646,48.722135445602696,2343.0,2294.0,2270.0,8.0,14.0,8.0,6.0,12.0,6.0,35.0,39.0,33.0,1.0,11.0,6.0,2321.8571428571427,347.9576715366902,2300.3571428571427,724.1617829128825,7.0,11.000000000017673,8.5,18.88461538436164,10.857142857142858,34.957671957671984,9.035714285714286,20.693070818232812,6.857142857142857,18.402116402063896,7.642857142857143,11.204517704425019,-4.0,-2.0,-2.0,-2.0,3.857142857142857,41.291005290974745,0.5357142857142863,38.56486568974319,1,11,0,4,322,0.7818314824680298,0.6234898018587336,-0.8660254037844386,0.5000000000000001,-0.6897960046655887,0.7240037789593305
2025-11-19,7.0,32.0,3.0,2340.0,10.0,7.714285714285714,-17.219894549244145,19.50560883495843,2345.0,2302.0,2272.0,12.0,7.0,7.0,8.0,20.0,8.0,38.0,48.0,41.0,2.0,14.0,8.0,2329.1428571428573,245.95767153707365,2305.714285714286,775.6727719237018,6.714285714285714,6.904761904779612,8.785714285714286,19.71978021952678,10.285714285714286,35.71957671957676,9.178571428571429,20.044719169881052,5.571428571428571,17.54497354492062,7.357142857142857,13.358363858271002,-7.0,-4.0,13.0,1.0,3.5714285714285716,45.76719576716533,0.39285714285714335,39.63079975567738,2,11,0,4,323,0.9749279121818236,-0.22252093395631434,-0.8660254037844386,0.5000000000000001,-0.6772399381909491,0.7357622347736527
2025-11-20,18.0,57.0,8.0,2340.0,9.0,7.142857142857142,20.791543792326248,-18.93440093518339,2340.0,2317.0,2264.0,10.0,5.0,19.0,3.0,16.0,9.0,32.0,26.0,33.0,7.0,6.0,6.0,2334.5714285714284,108.43386201354828,2310.5714285714284,753.255189505968,7.142857142857143,8.476190476208133,9.0,19.538461538208324,7.857142857142857,21.957671957672016,8.821428571428571,22.73702686218902,4.571428571428571,4.878306878253624,7.285714285714286,13.330891330798433,-1.0,-7.0,11.0,-10.0,0.7142857142857145,40.052910052880755,-0.17857142857142808,43.454975579853674,3,11,0,4,324,0.43388373911755823,-0.900968867902419,-0.8660254037844386,0.5000000000000001,-0.6644834655228552,0.7473029667054296
2025-11-21,13.0,53.333333333333336,12.666666666666666,2351.6666666666665,6.333333333333334,7.857142857142857,21.74184085920495,-23.26565038301447,2340.0,2324.6666666666665,2274.0,9.0,5.0,14.0,8.0,11.666666666666668,7.666666666666667,57.0,24.666666666666668,33.0,18.0,5.666666666666667,7.666666666666666,2337.8571428571427,49.29100487086374,2316.0,621.2991455497554,7.714285714285714,7.9047619047794955,8.285714285714286,11.29670329644933,6.714285714285714,9.386243386243452,8.75,22.78098290614512,6.285714285714286,31.16402116396847,8.142857142857142,21.242979242886854,6.333333333333332,-1.0,6.666666666666668,-6.333333333333333,-0.9999999999999998,19.481481481452864,0.4642857142857148,35.64178876666634,4,11,0,4,325,-0.433883739117558,-0.9009688679024191,-0.8660254037844386,0.5000000000000001,-0.6515303615068021,0.75862255966641
2025-11-22,8.0,49.66666666666666,17.333333333333332,2363.333333333333,3.666666666666667,7.7142857142857135,22.02002024784352,-26.06763929546257,2351.6666666666665,2332.333333333333,2284.0,6.333333333333334,5.0,9.0,12.666666666666666,7.333333333333334,6.333333333333334,53.333333333333336,23.33333333333333,33.0,13.0,5.333333333333333,9.333333333333332,2341.714285714286,34.71957629963677,2321.547619047619,550.3180710685054,7.904761904761905,6.952380952398521,7.738095238095238,8.755189254934711,6.857142857142857,11.179894179894243,9.107142857142858,23.7333638585258,7.333333333333334,37.33333333328098,8.523809523809524,22.88400488391272,13.666666666666664,6.333333333333332,2.333333333333334,-2.666666666666666,-1.0476190476190477,18.645502645474043,1.3690476190476193,33.855463980340815,5,11,1,4,326,-0.9749279121818236,-0.2225209339563146,-0.8660254037844386,0.5000000000000001,-0.6383844591746642,0.7697176640069211
2025-11-23,3.0,46.0,22.0,2375.0,1.0,7.57142857142857,22.28539483923852,-28.85682341066709,2363.333333333333,2340.0,2294.0,3.666666666666667,5.0,4.0,17.333333333333332,3.0,5.0,49.66666666666666,22.0,33.0,8.0,5.0,11.0,2346.1428571428573,75.0687826490735,2327.214285714286,541.6001223503749,7.714285714285714,8.497354497372088,7.357142857142857,9.751526251271304,8.285714285714286,27.052910052910097,9.892857142857142,27.682081807243144,7.714285714285714,36.571428571376345,8.428571428571429,22.844932844840624,21.0,13.666666666666664,-2.0,1.0,0.571428571428571,49.767195767166506,2.5357142857142856,42.76999389486977,6,11,1,4,327,-0.7818314824680299,0.6234898018587334,-0.8660254037844386,0.5000000000000001,-0.6250496486104377,0.7805849965070866
2025-11-24,9.0,40.0,9.0,2371.0,13.0,7.285714285714286,-24.992007839004494,30.70629355329021,2375.0,2343.0,2294.0,1.0,8.0,9.0,22.0,6.0,8.5,46.0,35.0,36.0,3.0,1.0,11.0,2351.1428571428573,178.40211598266868,2333.0,596.3418805919518,7.142857142857143,14.402116402134062,7.142857142857143,11.943833943578774,11.0,45.148148148148174,11.107142857142858,35.52823565339606,7.428571428571429,38.95238095232863,7.857142857142857,24.251526251433692,-4.0,21.0,-2.0,-0.5,3.8571428571428568,105.62433862430807,3.9642857142857144,66.61614774102246,0,11,0,4,328,0.0,1.0,-0.8660254037844386,0.5000000000000001,-0.6115298757991053,0.7912213413483807
2025-11-25,6.0,47.0,14.0,2375.0,11.0,7.047619047619048,-44.6268973503646,48.57927830274555,2371.0,2345.0,2294.0,13.0,12.0,14.0,9.0,8.0,12.0,40.0,38.0,39.0,9.0,2.0,11.0,2355.1428571428573,214.4021159828794,2338.5,557.8418805917806,7.857142857142857,19.402116402133974,7.428571428571429,14.229548229293359,11.428571428571429,41.43386243386245,11.142857142857142,35.345543345703724,8.571428571428571,30.95238095232901,7.714285714285714,23.570207570114924,3.0,-4.0,-4.0,-2.0,3.5714285714285707,110.10052910049866,3.7142857142857144,69.89499389486882,1,11,0,4,329,0.7818314824680298,0.6234898018587336,-0.8660254037844386,0.5000000000000001,-0.5978291414589552,0.801623551065242
2025-11-26,5.0,35.5,11.0,2382.0,9.0,6.857142857142857,-17.219894549244145,19.362751692101288,2375.0,2340.0,2302.0,11.0,10.0,7.0,14.0,3.0,20.0,47.0,32.0,48.0,6.0,7.0,14.0,2359.4285714285716,241.54497312596177,2344.285714285714,471.946276195995,7.714285714285714,18.164021164038754,7.214285714285714,11.839438339183245,12.285714285714286,39.719576719576736,11.285714285714286,35.894993895154165,9.142857142857142,24.476190476138722,7.357142857142857,22.828449328356474,2.0,3.0,-7.0,13.0,4.571428571428571,99.4338624338316,4.071428571428571,67.28510378497842,2,11,0,4,330,0.9749279121818236,-0.22252093395631434,-0.8660254037844386,0.5000000000000001,-0.5839514998576998,0.8117885474764613
2025-11-27,4.0,24.0,8.0,2389.0,7.0,6.7142857142857135,20.791543792326248,-20.50582950661196,2382.0,2340.0,2317.0,9.0,9.0,5.0,11.0,8.0,16.0,35.5,57.0,26.0,5.0,18.0,6.0,2365.4285714285716,221.5449731262792,2350.0,408.64957289911206,7.571428571428571,17.54497354499115,7.357142857142857,12.059218558963616,13.428571428571429,24.100529100529116,10.642857142857142,29.614774114934878,8.857142857142858,26.476190476138623,6.714285714285714,19.41636141626818,1.0,2.0,-1.0,11.0,5.857142857142857,76.29100529097396,3.2857142857142856,60.818070817946094,3,11,0,4,331,0.43388373911755823,-0.900968867902419,-0.8660254037844386,0.5000000000000001,-0.5699010576127624,0.8217133225960589
2025-11-28,4.0,22.0,8.666666666666666,2397.6666666666665,4.666666666666667,6.142857142857142,21.74184085920495,-23.218031335395423,2389.0,2351.6666666666665,2324.6666666666665,7.0,6.333333333333334,5.0,8.0,12.666666666666666,11.666666666666668,24.0,53.333333333333336,24.666666666666668,4.0,13.0,5.666666666666667,2372.4285714285716,149.21163979331618,2355.1428571428573,413.3968256462024,7.285714285714286,17.164021164038804,7.5,11.619658119403327,13.428571428571429,24.100529100529116,10.071428571428571,27.592796092957293,6.857142857142857,11.809523809471285,6.571428571428571,19.921855921762603,3.999999999999999,1.0,6.333333333333332,6.666666666666668,6.142857142857143,72.29100529097384,2.5714285714285716,56.09279609267195,4,11,0,4,332,-0.433883739117558,-0.9009688679024191,-0.8660254037844386,0.5000000000000001,-0.5556819724760489,0.8313949395234058
2025-11-29,4.0,20.0,9.333333333333334,2406.333333333333,2.333333333333334,5.7142857142857135,22.02002024784352,-25.4009726287959,2397.6666666666665,2363.333333333333,2332.333333333333,4.666666666666667,3.666666666666667,5.0,8.666666666666666,17.333333333333332,7.333333333333334,22.0,49.66666666666666,23.33333333333333,4.0,8.0,5.333333333333333,2379.0,133.14814773017042,2360.3571428571427,451.7686205178287,7.047619047619047,18.089947089964756,7.476190476190476,11.755799755544938,12.857142857142858,27.402116402116416,9.857142857142858,27.499389499550865,5.571428571428571,4.952380952327997,6.452380952380952,20.352258852165463,7.0,3.999999999999999,13.666666666666664,2.333333333333334,5.809523809523809,72.9206349206036,2.380952380952381,54.92063492051094,5,11,1,4,333,-0.9749279121818236,-0.2225209339563146,-0.8660254037844386,0.5000000000000001,-0.5412984521036173,0.8408305333122887
2025-11-30,4.0,18.0,10.0,2415.0,0.0,5.428571428571429,22.28539483923852,-27.71396626780995,2406.333333333333,2375.0,2340.0,2.333333333333334,1.0,5.0,9.333333333333334,22.0,3.0,20.0,46.0,22.0,4.0,3.0,5.0,2385.1428571428573,172.73544931779557,2365.6428571428573,523.8711846202182,6.857142857142857,19.846560846578537,7.285714285714286,13.27960927935426,11.714285714285714,24.60846560846562,10.0,27.008547008708266,5.0,3.999999999946853,6.357142857142857,20.708791208697757,10.0,7.0,21.0,-2.0,4.857142857142857,61.80952380949287,2.7142857142857144,56.44200244187819,6,11,1,4,334,-0.7818314824680299,0.6234898018587334,-0.8660254037844386,0.5000000000000001,-0.5267547528105542,0.8500173118187018
2025-12-01,4.0,26.0,4.0,2410.0,9.0,6.285714285714286,-24.992007839004494,27.70629355329021,2415.0,2371.0,2343.0,0.0,13.0,8.0,10.0,9.0,6.0,18.0,40.0,35.0,4.0,9.0,1.0,2390.8571428571427,266.06878265143433,2371.0,629.7777780266346,6.714285714285714,21.941798941816646,6.928571428571429,16.82356532330993,10.0,4.037037037037055,10.5,22.97008547024635,5.142857142857143,3.4761904761373774,6.285714285714286,20.989010988917492,-5.0,10.0,-4.0,-2.0,3.2857142857142856,19.904761904731597,3.5714285714285716,58.02442002429507,0,12,0,4,335,0.0,1.0,-0.5000000000000004,0.8660254037844384,-0.5120551783114646,0.8589525565270845
2025-12-02,7.0,34.0,6.0,2407.0,8.0,7.428571428571428,-44.6268973503646,45.19832592179317,2410.0,2375.0,2345.0,9.0,11.0,12.0,4.0,14.0,8.0,26.0,47.0,38.0,4.0,6.0,2.0,2396.4285714285716,225.21163979459126,2375.785714285714,661.8052505539456,6.142857142857143,15.846560846578619,7.0,17.059829059573737,9.285714285714286,9.275132275132295,10.357142857142858,24.640415140576128,4.428571428571429,0.6190476189942794,6.5,19.192307692214325,-2.0,-5.0,3.0,-4.0,3.142857142857143,22.476190476160223,3.357142857142857,61.238705738580954,1,12,0,4,336,0.7818314824680298,0.6234898018587336,-0.5000000000000004,0.8660254037844384,-0.4972040784469378,0.8676336233547726
2025-12-03,4.0,32.0,8.0,2419.0,7.0,8.857142857142858,-17.219894549244145,15.362751692101288,2407.0,2382.0,2340.0,8.0,9.0,10.0,6.0,11.0,3.0,34.0,35.5,32.0,7.0,5.0,7.0,2401.0,142.92592550912278,2380.214285714286,642.728327476873,5.714285714285714,12.275132275150098,6.714285714285714,15.125763125507502,8.142857142857142,5.846560846560866,10.214285714285714,25.651404151565245,4.571428571428571,1.285714285660994,6.857142857142857,17.516483516390362,1.0,-2.0,2.0,-7.0,2.4285714285714284,26.285714285684318,3.5,59.260683760558855,2,12,0,4,337,0.9749279121818236,-0.22252093395631434,-0.5000000000000004,0.8660254037844384,-0.4822058478963526,0.8760579434344281
2025-12-04,16.0,39.0,7.0,2418.0,13.0,10.571428571428571,20.791543792326248,-18.36297236375482,2419.0,2389.0,2340.0,7.0,7.0,9.0,8.0,8.0,8.0,32.0,24.0,57.0,4.0,4.0,18.0,2406.285714285714,104.1640207475038,2385.8571428571427,599.7558000041553,5.428571428571429,10.65608465610251,6.5,14.2521367518809,7.714285714285714,4.275132275132294,10.571428571428571,21.88766788782871,4.428571428571429,1.285714285660946,6.642857142857143,18.09340659331331,-6.0,1.0,1.0,-1.0,2.2857142857142856,26.571428571398656,4.071428571428571,50.909035408910036,3,12,0,4,338,0.43388373911755823,-0.900968867902419,-0.5000000000000004,0.8660254037844384,-0.46706492487743034,0.8842230238742036
2025-12-05,12.0,34.0,9.0,2421.6666666666665,12.666666666666666,9.857142857142856,21.74184085920495,-18.93231704968114,2418.0,2397.6666666666665,2351.6666666666665,13.0,4.666666666666667,6.333333333333334,7.0,8.666666666666666,12.666666666666666,39.0,22.0,53.333333333333336,16.0,4.0,13.0,2410.4285714285716,57.21163979534675,2391.4285714285716,484.041514289679,6.285714285714286,18.9417989418167,6.785714285714286,16.933455433199885,7.571428571428571,4.322751322751341,10.5,22.354700854861733,6.142857142857143,20.142857142804377,6.5,14.884615384522018,-3.666666666666666,-6.0,3.999999999999999,6.333333333333332,1.2857142857142858,36.57142857139905,3.7142857142857144,56.59584859572351,4,12,0,4,339,-0.433883739117558,-0.9009688679024191,-0.5000000000000004,0.8660254037844384,-0.451785789832884,0.8921264484954345
2025-12-06,8.0,29.0,11.0,2425.333333333333,12.333333333333334,9.857142857142856,22.02002024784352,-19.54382977165304,2421.6666666666665,2406.333333333333,2363.333333333333,12.666666666666666,2.333333333333334,3.666666666666667,9.0,9.333333333333334,17.333333333333332,34.0,20.0,49.66666666666666,12.0,4.0,8.0,2413.8571428571427,37.402115986005505,2396.4285714285716,405.8363860843755,7.428571428571429,23.767195767213394,7.238095238095239,19.357753357498286,7.619047619047619,4.46031746031748,10.238095238095239,22.09279609295717,7.285714285714286,23.57142857137619,6.428571428571429,13.956043955950546,-1.333333333333334,-3.666666666666666,7.0,13.666666666666664,0.1904761904761907,38.03174603171695,3.0000000000000004,59.7094017092772,5,12,1,4,340,-0.9749279121818236,-0.2225209339563146,-0.5000000000000004,0.8660254037844384,-0.4363729641045924,0.8997658785476209
2025-12-07,4.0,24.0,13.0,2429.0,12.0,10.142857142857142,22.28539483923852,-20.428251982095663,2425.333333333333,2415.0,2375.0,12.333333333333334,0.0,1.0,11.0,10.0,22.0,29.0,18.0,46.0,8.0,4.0,3.0,2416.5714285714284,41.32275090678343,2400.8571428571427,364.73015897799354,8.857142857142858,21.06878306880053,7.857142857142857,19.960927960673544,7.857142857142857,5.809523809523829,9.785714285714286,18.04456654472797,7.857142857142857,21.47619047613829,6.428571428571429,13.956043955950546,1.0,-1.333333333333334,10.0,21.0,-0.9999999999999999,29.037037037008428,1.928571428571429,51.16544566532203,6,12,1,4,341,-0.7818314824680299,0.6234898018587334,-0.5000000000000004,0.8660254037844384,-0.42083100859565564,0.9071390534005044
2025-12-08,9.0,27.0,9.0,2440.0,4.0,9.714285714285714,-24.992007839004494,19.277722124718775,2429.0,2410.0,2371.0,12.0,9.0,13.0,13.0,4.0,9.0,24.0,26.0,40.0,4.0,4.0,9.0,2418.5714285714284,61.98941757355681,2404.714285714286,358.20268645039135,10.571428571428571,6.211640211657472,8.642857142857142,16.99938949913591,8.285714285714286,9.238095238095257,9.142857142857142,6.918192918354838,7.857142857142857,21.47619047613829,6.5,13.499999999906633,5.0,1.0,-5.0,-4.0,-2.2857142857142856,7.608465608437512,0.5000000000000006,21.055555555433088,0,12,0,4,342,0.0,1.0,-0.5000000000000004,0.8660254037844384,-0.4051645224207563,0.9142437912130223
2025-12-09,4.0,30.0,7.0,2443.0,8.0,9.238095238095235,-44.6268973503646,43.38880211226936,2440.0,2407.0,2375.0,4.0,8.0,11.0,9.0,6.0,14.0,27.0,34.0,47.0,9.0,7.0,6.0,2422.8571428571427,104.84656043092919,2409.6428571428573,340.38400513154403,9.857142857142858,12.402116402133748,8.0,16.752136751882485,9.0,5.666666666666686,9.142857142857142,6.918192918354838,8.571428571428571,18.619047618995676,6.5,13.499999999906633,-1.0,5.0,-2.0,3.0,-0.8571428571428571,12.84656084653218,1.1428571428571435,20.61050061037762,1,12,0,4,343,0.7818314824680298,0.6234898018587336,-0.5000000000000004,0.8660254037844384,-0.3893781415452015,0.9210779895789526
2025-12-10,10.0,54.0,5.0,2439.0,9.0,8.714285714285714,-17.219894549244145,17.50560883495843,2443.0,2419.0,2382.0,8.0,7.0,9.0,7.0,8.0,11.0,30.0,32.0,35.5,4.0,4.0,5.0,2428.0,99.70370328834838,2414.5,308.2521369995124,9.857142857142858,12.402116402133748,7.785714285714286,16.010378510124017,9.142857142857142,4.809523809523828,8.642857142857142,5.187423687585991,8.142857142857142,21.476190476138388,6.357142857142857,13.939560439466987,-4.0,-1.0,1.0,2.0,-0.7142857142857143,12.608465608436887,0.8571428571428577,20.610500610377855,2,12,0,4,344,0.9749279121818236,-0.22252093395631434,-0.5000000000000004,0.8660254037844384,-0.37347653741307074,0.9276396261490467
2025-12-11,7.0,47.0,9.0,2437.0,10.0,8.142857142857142,20.791543792326248,-18.93440093518339,2439.0,2418.0,2389.0,9.0,13.0,7.0,5.0,7.0,8.0,54.0,39.0,24.0,10.0,16.0,4.0,2430.8571428571427,96.84656043136108,2418.5714285714284,255.32356557080408,10.142857142857142,11.06878306880038,7.785714285714286,16.010378510124017,8.714285714285714,7.238095238095255,8.214285714285714,5.583028083190715,9.0,18.333333333281534,6.714285714285714,14.681318681225443,-1.0,-4.0,-6.0,1.0,-1.4285714285714286,13.322751322722885,0.4285714285714291,22.126984126861718,3,12,0,4,345,0.43388373911755823,-0.900968867902419,-0.5000000000000004,0.8660254037844384,-0.3574644155648614,0.9339267592294762
2025-12-12,7.333333333333333,43.0,7.333333333333334,2445.333333333333,9.333333333333334,8.571428571428571,21.74184085920495,-20.979936097300182,2437.0,2421.6666666666665,2397.6666666666665,10.0,12.666666666666666,4.666666666666667,9.0,9.0,8.666666666666666,47.0,34.0,22.0,7.0,12.0,4.0,2433.5714285714284,66.98941757436631,2422.0,201.52136776849085,9.714285714285714,9.49735449737186,8.0,16.290598290344025,9.0,6.666666666666683,8.285714285714286,5.621489621652199,7.714285714285714,8.904761904709675,6.928571428571429,14.071428571335462,-2.0,-1.0,-3.666666666666666,3.999999999999999,-0.7142857142857143,9.275132275103553,0.2857142857142862,22.236874236751945,4,12,0,4,346,-0.433883739117558,-0.9009688679024191,-0.5000000000000004,0.8660254037844384,-0.34134651424503615,0.9399375283564133
2025-12-13,7.666666666666667,39.0,5.666666666666667,2453.6666666666665,8.666666666666666,8.714285714285715,22.02002024784352,-22.06763929546257,2445.333333333333,2425.333333333333,2406.333333333333,9.333333333333334,12.333333333333334,2.333333333333334,7.333333333333334,11.0,9.333333333333334,43.0,29.0,20.0,7.333333333333333,8.0,4.0,2436.9523809523807,53.08994667507789,2425.404761904762,185.37057411758147,9.238095238095239,7.804232804250224,8.333333333333332,15.452991452737539,8.761904761904763,7.06349206349208,8.190476190476192,5.670329670492321,7.047619047619048,5.349206349153896,7.166666666666666,13.363247863154896,-2.999999999999999,-2.0,-1.333333333333334,7.0,-0.4761904761904763,8.031746031717216,-0.1428571428571423,21.37973137960944,5,12,1,4,347,-0.9749279121818236,-0.2225209339563146,-0.5000000000000004,0.8660254037844384,-0.3251276029999093,0.9456701548465688
2025-12-14,8.0,35.0,4.0,2462.0,8.0,8.857142857142856,22.28539483923852,-23.14253769638137,2453.6666666666665,2429.0,2415.0,8.666666666666666,12.0,0.0,5.666666666666667,13.0,10.0,39.0,24.0,18.0,7.666666666666667,4.0,4.0,2441.0,58.03703662238826,2428.785714285714,206.5231992700909,8.714285714285714,5.9417989418164225,8.785714285714286,12.471916971663536,8.0,7.148148148148164,7.928571428571429,5.985958486121335,7.0,5.2592592592067895,7.428571428571429,12.537240537147728,-4.0,-2.999999999999999,1.0,10.0,-0.7142857142857142,8.904761904733181,-0.8571428571428567,17.533577533456175,6,12,1,4,348,-0.7818314824680299,0.6234898018587334,-0.5000000000000004,0.8660254037844384,-0.30881248126625377,0.9511229423235357
2025-12-15,11.0,42.0,9.0,2470.0,7.0,9.714285714285712,-24.992007839004494,22.27772212471878,2462.0,2440.0,2410.0,8.0,4.0,9.0,4.0,9.0,4.0,35.0,27.0,26.0,8.0,9.0,4.0,2445.714285714286,81.60846519407745,2432.1428571428573,264.62759487437063,8.142857142857142,3.846560846578395,9.357142857142858,6.230158729905896,6.714285714285714,3.719576719576736,7.5,6.645299145462323,7.571428571428571,3.5449735449212674,7.714285714285714,11.570207570114933,2.0,-4.0,5.0,-5.0,-1.4285714285714286,9.61904761901918,-1.8571428571428565,8.148962148841607,0,12,0,4,349,0.0,1.0,-0.5000000000000004,0.8660254037844384,-0.29240597695107734,0.9562942772197719
2025-12-16,8.0,54.0,15.0,2468.0,9.0,10.57142857142857,-44.6268973503646,43.05546877893603,2470.0,2443.0,2407.0,7.0,8.0,8.0,9.0,7.0,6.0,42.0,30.0,34.0,11.0,4.0,7.0,2450.0,153.03703662288464,2436.4285714285716,317.37484762147534,8.571428571428571,0.9894179894354872,9.214285714285714,6.625763125510142,6.714285714285714,3.719576719576736,7.857142857142857,5.738705738868644,7.857142857142857,5.068783068730887,8.214285714285714,11.070207570115233,6.0,2.0,-1.0,-2.0,-1.8571428571428572,4.476190476162207,-1.3571428571428565,8.264346764225813,1,12,0,4,350,0.7818314824680298,0.6234898018587336,-0.5000000000000004,0.8660254037844384,-0.27591294500296043,0.9611826292540837
2025-12-17,7.0,31.0,11.0,2481.0,10.0,11.428571428571429,-17.219894549244145,15.791323120672718,2468.0,2439.0,2419.0,9.0,9.0,7.0,15.0,5.0,8.0,54.0,54.0,32.0,8.0,10.0,4.0,2453.5714285714284,183.98941757546118,2440.785714285714,306.9847377312156,8.714285714285714,0.9417989418164225,9.285714285714286,6.5103785101256015,7.857142857142857,13.62433862433864,8.5,8.952991453153867,8.428571428571429,2.211640211588222,8.285714285714286,10.954822954730663,1.0,6.0,-4.0,1.0,-0.857142857142857,13.47619047616181,-0.7857142857142853,12.044566544445125,2,12,0,4,351,0.9749279121818236,-0.22252093395631434,-0.5000000000000004,0.8660254037844384,-0.2593382659754056,0.9657865518844574
2025-12-18,11.0,50.0,6.0,2472.0,16.0,12.285714285714285,20.791543792326248,-17.077258078040533,2481.0,2437.0,2418.0,10.0,10.0,13.0,11.0,9.0,7.0,31.0,47.0,39.0,7.0,7.0,16.0,2459.5714285714284,231.98941757578814,2445.214285714286,373.7539685002967,8.857142857142858,1.1798941799116434,9.5,6.098290598037916,8.714285714285714,13.052910052910065,8.714285714285714,9.365079365241616,8.0,1.9259259258737913,8.5,9.619658119565957,-10.0,1.0,-1.0,-6.0,-0.14285714285714274,11.809523809494857,-0.7857142857142853,12.044566544445125,3,12,0,4,352,0.43388373911755823,-0.900968867902419,-0.5000000000000004,0.8660254037844384,-0.2426868445825954,0.9701046827361175
2025-12-19,9.333333333333334,39.333333333333336,7.666666666666666,2476.0,15.333333333333334,12.08163265306132,21.74184085920495,-18.490140178932933,2472.0,2445.333333333333,2421.6666666666665,16.0,9.333333333333334,12.666666666666666,6.0,7.333333333333334,9.0,50.0,43.0,34.0,11.0,7.333333333333333,12.0,2464.5714285714284,143.6560842427265,2449.0714285714284,355.95177069796875,9.714285714285714,8.608465608482966,9.714285714285714,8.356532356279901,8.285714285714286,14.052910052910066,8.642857142857142,9.700244200406505,8.571428571428571,2.8783068782549375,8.142857142857142,5.636141636049258,-7.666666666666668,-10.0,-2.0,-3.666666666666666,-1.4285714285714286,25.952380952352513,-1.071428571428571,16.396214896093714,4,12,0,4,353,-0.433883739117558,-0.9009688679024191,-0.5000000000000004,0.8660254037844384,-0.22596360824801906,0.974135744004672
2025-12-20,7.666666666666667,28.666666666666668,9.333333333333332,2480.0,14.666666666666666,12.612244897959272,22.02002024784352,-19.965598479136126,2476.0,2453.6666666666665,2425.333333333333,15.333333333333334,8.666666666666666,12.333333333333334,7.666666666666666,5.666666666666667,11.0,39.333333333333336,39.0,29.0,9.333333333333334,7.666666666666667,8.0,2468.952380952381,81.34920593608474,2452.952380952381,337.7411479872138,10.571428571428571,12.989417989435244,9.904761904761903,10.075702075449822,8.333333333333334,13.962962962962976,8.547619047619047,9.753968254130633,8.857142857142858,2.6243386242867803,7.952380952380952,4.561660561568069,-5.333333333333334,-7.666666666666668,-2.999999999999999,-1.333333333333334,-2.238095238095238,31.6190476190195,-1.3571428571428565,19.136141636020685,5,12,1,4,354,-0.9749279121818236,-0.2225209339563146,-0.5000000000000004,0.8660254037844384,-0.20917350564635637,0.9778785428342386
2025-12-21,6.0,18.0,11.0,2484.0,14.0,13.14285714285711,22.28539483923852,-21.42825198209563,2480.0,2462.0,2429.0,14.666666666666666,8.0,12.0,9.333333333333332,4.0,13.0,28.666666666666668,35.0,24.0,7.666666666666667,8.0,4.0,2472.714285714286,46.238094825178415,2456.8571428571427,318.918193164125,11.428571428571429,14.32275132276847,10.071428571428571,11.33638583613376,8.857142857142856,12.624338624338636,8.428571428571429,9.323565323727793,8.857142857142858,2.6243386242867803,7.928571428571429,4.56715506706256,-3.0,-5.333333333333334,-4.0,1.0,-2.5714285714285716,32.989417989390006,-1.6428571428571423,20.264346764226048,6,12,1,4,355,-0.7818314824680299,0.6234898018587334,-0.5000000000000004,0.8660254037844384,-0.19232150523909483,0.9813319716704275
